disease,phrase,count
atelectasis,bibasilar,1088
atelectasis,left lower lobe,852
atelectasis,left basilar,595
atelectasis,left base,582
atelectasis,none,574
atelectasis,lung bases,564
atelectasis,bilateral bases,538
atelectasis,left lung base,521
atelectasis,retrocardiac,416
atelectasis,right lung base,367
atelectasis,bilateral basilar,360
atelectasis,right lower lobe,321
atelectasis,right basilar,316
atelectasis,bilateral lung bases,286
atelectasis,right base,264
atelectasis,basilar,213
atelectasis,bilateral,156
atelectasis,left basal,152
atelectasis,right middle lobe,150
atelectasis,bilateral basilar regions,139
atelectasis,retrocardiac region,138
atelectasis,bilateral basal regions,129
atelectasis,bilateral lower lobes,119
atelectasis,left lung,100
atelectasis,bilateral basal,96
atelectasis,right upper lobe,86
atelectasis,left retrocardiac,84
atelectasis,right lung,84
atelectasis,right basal,83
atelectasis,bilateral basilar segments,73
atelectasis,both lung bases,70
atelectasis,bilateral basal segments,58
atelectasis,left lower lung,57
atelectasis,right,57
atelectasis,bases,57
atelectasis,left lung bases,54
atelectasis,left,54
atelectasis,left upper lobe,51
atelectasis,lower lungs,50
atelectasis,right lower lung,49
atelectasis,lingula,48
atelectasis,bilateral lower lobe,47
atelectasis,left mid lung,46
atelectasis,right lung bases,46
atelectasis,right mid lung,40
atelectasis,bilateral lungs,38
atelectasis,left hemidiaphragm,38
atelectasis,lower lung,37
atelectasis,bilateral bibasilar,34
atelectasis,left retrocardiac region,31
atelectasis,left base retrocardiac,29
atelectasis,lower lobe,28
atelectasis,left costophrenic angle,27
atelectasis,basal,23
atelectasis,bibasilar lungs,23
atelectasis,bilateral basal areas,22
atelectasis,bilateral lower lung,20
atelectasis,bibasal,17
atelectasis,right infrahilar,16
atelectasis,right hemidiaphragm,16
atelectasis,lungs,15
atelectasis,lingular,15
atelectasis,left basal lobe,15
atelectasis,both bases,15
atelectasis,lower lobes,14
atelectasis,mid lung,14
atelectasis,bilateral basilar subsegments,14
atelectasis,left midlung,14
atelectasis,retrocardiac lung regions,14
atelectasis,bilateral lower lungs,13
atelectasis,adjacent to bilateral pleural effusions,13
atelectasis,left basilar lung,13
atelectasis,right middle and lower lobes,13
atelectasis,right middle and lower lobe,12
atelectasis,bibasilar regions,12
atelectasis,right medial lung base,12
atelectasis,retrocardiac lung areas,11
atelectasis,left heart border,11
atelectasis,both lower lobes,11
atelectasis,left mid and lower lung,10
atelectasis,left infrahilar,10
atelectasis,bibasilar subsegments,10
atelectasis,left adjacent to pleural effusion,9
atelectasis,retrocardiac and right basilar,9
atelectasis,bibasilar airspaces,9
atelectasis,right hemithorax,9
atelectasis,right perihilar,9
atelectasis,left basilar subsegment,9
atelectasis,left and right lung bases,8
atelectasis,right infrahilar region,8
atelectasis,retrocardiac area,8
atelectasis,subsegmental,8
atelectasis,left basilar lobe,8
atelectasis,bibasilar subsegmental,8
atelectasis,basilar lungs,8
atelectasis,left base laterally,8
atelectasis,left lingula,7
atelectasis,left lower lobe and right lower lobe,7
atelectasis,left hemithorax,7
atelectasis,right midlung,7
atelectasis,right basilar region,7
atelectasis,right basilar lobe,7
atelectasis,right upper lung,7
atelectasis,right costophrenic angle,7
atelectasis,"left lower lobe, right lower lobe",7
atelectasis,left basilar retrocardiac,7
atelectasis,bilateral lower lung bases,7
atelectasis,basal areas,7
atelectasis,lingular lobe,7
atelectasis,left lung basis,7
atelectasis,left basilar region,7
atelectasis,bilateral perihilar,6
atelectasis,right cardiophrenic angle,6
atelectasis,right basilar lung,6
atelectasis,right heart border,6
atelectasis,basilar lung,6
atelectasis,left mid-to-lower lung,6
atelectasis,basilar regions,6
atelectasis,bilateral costophrenic angles,6
atelectasis,bilateral basilar airspaces,6
atelectasis,left mid to lower lung,6
atelectasis,"right lower lobe, left lower lobe",6
atelectasis,multifocal,6
atelectasis,bilateral basilar lobes,6
atelectasis,"left lower lobe, right base",6
atelectasis,basilar lung regions,6
atelectasis,right medial basilar,6
atelectasis,bilateral basal subsegments,6
atelectasis,posterior basilar,5
atelectasis,right lower lobe medial,5
atelectasis,left perihilar,5
atelectasis,right cardiophrenic region,5
atelectasis,right mid and lower lung,5
atelectasis,mid and lower lungs,5
atelectasis,left lower lobe retrocardiac,5
atelectasis,bibasilar and retrocardiac,5
atelectasis,right lower lung zone,5
atelectasis,left bibasilar,5
atelectasis,lung base,5
atelectasis,right side,5
atelectasis,left base and right base,5
atelectasis,left basilar subsegmental,5
atelectasis,right mid-to-lower lung,5
atelectasis,left lower lung base,5
atelectasis,left greater than right bibasilar,5
atelectasis,left mid lung field,5
atelectasis,right basilar subsegment,5
atelectasis,posterior costophrenic angles,4
atelectasis,left lung base laterally,4
atelectasis,right base medially,4
atelectasis,bilateral basal lobes,4
atelectasis,adjacent to hiatal hernia,4
atelectasis,retrocardiac space,4
atelectasis,left adjacent,4
atelectasis,right apex,4
atelectasis,bilateral areas,4
atelectasis,right-sided,4
atelectasis,bilateral bases (right more prominent),4
atelectasis,right lower and mid lung,4
atelectasis,bibasilar lung fields,4
atelectasis,lateral left base,4
atelectasis,bibasilar airspace,4
atelectasis,bilateral subsegmental,4
atelectasis,right perihilar region,4
atelectasis,right mid to lower lung,4
atelectasis,retrocardiac lung region,4
atelectasis,left lower lobe and lingula,4
atelectasis,right retrocardiac,4
atelectasis,right lung basis,4
atelectasis,right base and left base,4
atelectasis,right basal lobe,4
atelectasis,bilateral adjacent to pleural effusions,3
atelectasis,posterior lung,3
atelectasis,right middle lobe or lingula,3
atelectasis,right base and retrocardiac region,3
atelectasis,left basilar segment,3
atelectasis,left mid and lower lung fields,3
atelectasis,right lateral base,3
atelectasis,infrahilar,3
atelectasis,left mid and lower lungs,3
atelectasis,"right lower lobe, left lung base",3
atelectasis,left greater than right basilar,3
atelectasis,right suprahilar,3
atelectasis,right lower lobe and left lower lobe,3
atelectasis,"left lower lobe, right lung",3
atelectasis,lingula and left lower lobe,3
atelectasis,left costophrenic sulcus,3
atelectasis,retrocardiac and left basal,3
atelectasis,left retrocardiac area,3
atelectasis,bilateral upper lobes,3
atelectasis,lingular segment,3
atelectasis,middle lobe,3
atelectasis,right basilar and left lung base,3
atelectasis,bibasilar areas,3
atelectasis,left basilar and retrocardiac,3
atelectasis,both lower lungs,3
atelectasis,perihilar,3
atelectasis,bilateral subsegments,3
atelectasis,"bilateral bases, right greater than left",3
atelectasis,bilateral bases (left greater than right),3
atelectasis,left hemi thorax,3
atelectasis,retrocardiac and right lung base,3
atelectasis,left basal retrocardiac,3
atelectasis,medial right lower lung,3
atelectasis,retrocardiac airspace,3
atelectasis,left lingular lobe,3
atelectasis,both lungs,3
atelectasis,posterior lung bases,3
atelectasis,left bases,3
atelectasis,left lower lobe subsegment,3
atelectasis,left lateral costophrenic angle,3
atelectasis,bilateral basilar lung fields,3
atelectasis,adjacent to left hemidiaphragm,3
atelectasis,right upper lobe and left lower lobe,3
atelectasis,base of the right lung,3
atelectasis,left lingular,3
atelectasis,lingula and right middle lobe,3
atelectasis,right greater than left bibasilar,3
atelectasis,left lower lobe subsegmental,3
atelectasis,left-sided,3
atelectasis,bilateral basilar lungs,3
atelectasis,bilateral infrahilar,3
atelectasis,bibasilar retrocardiac,3
atelectasis,right hemidiaphragm adjacent,2
atelectasis,left hilus,2
atelectasis,"right middle lobe, bilateral lower lobes",2
atelectasis,right and left bases,2
atelectasis,right lower hemithorax,2
atelectasis,left mid lung and bilateral lower lungs,2
atelectasis,"right basilar, retrocardiac",2
atelectasis,left lung base and right lung base,2
atelectasis,medial right base,2
atelectasis,bilateral bibasilar areas,2
atelectasis,right base and left lower lobe,2
atelectasis,bilateral posterior basilar segments,2
atelectasis,"right mid lung field, left lung base",2
atelectasis,bilateral basilar areas,2
atelectasis,"right infrahilar, right basilar, left retrocardiac",2
atelectasis,right middle lobe and lingula,2
atelectasis,left base subsegmental,2
atelectasis,right lung apex,2
atelectasis,left lower lobe and left mid lung,2
atelectasis,minor fissure,2
atelectasis,left lung apex,2
atelectasis,left basilar and perihilar,2
atelectasis,right lung base and left lower lobe,2
atelectasis,right lower and middle lobes,2
atelectasis,"right lung base, left lower lobe",2
atelectasis,right mid lung zone,2
atelectasis,left infrahilar region,2
atelectasis,bilateral basilar subsegmental,2
atelectasis,bilateral lower lung fields,2
atelectasis,right costovertebral sulcus,2
atelectasis,lingula and bilateral lower lobes,2
atelectasis,medial left lung base,2
atelectasis,lung bases (right greater than left),2
atelectasis,bilateral bibasilar regions,2
atelectasis,right costophrenic sulcus,2
atelectasis,left and right lung base,2
atelectasis,retrocardiac and right basilar regions,2
atelectasis,lung bases (left greater than right),2
atelectasis,right hemi thorax,2
atelectasis,retrocardiac lung areas and left lung bases,2
atelectasis,right subsegmental,2
atelectasis,left hemidiaphragm area,2
atelectasis,right basilar and lingular,2
atelectasis,left upper and lower lobes,2
atelectasis,lower thoracic vertebral bodies,2
atelectasis,right retrocardiac region,2
atelectasis,right basilar medial,2
atelectasis,right-greater-than-left bases,2
atelectasis,right basal lung,2
atelectasis,left lower lobe medial aspect,2
atelectasis,left mid zone,2
atelectasis,right mid zone,2
atelectasis,left basilar and right lower lobe,2
atelectasis,retrocardiac basilar,2
atelectasis,right lung adjacent to pleural effusion,2
atelectasis,left upper zone,2
atelectasis,left lateral lung,2
atelectasis,right mid lung field,2
atelectasis,left basilar airspace,2
atelectasis,left lung adjacent to left pleural effusion,2
atelectasis,"left base, right base",2
atelectasis,adjacent to left pleural effusion,2
atelectasis,adjacent to right heart border,2
atelectasis,left lower lobe periphery,2
atelectasis,"bilateral bibasilar, right greater than left",2
atelectasis,medial right lung base,2
atelectasis,mid to lower lung,2
atelectasis,right lung base medially,2
atelectasis,lingula and lower lobes,2
atelectasis,"bilateral basal regions, right more prominent",2
atelectasis,left costodiaphragmatic angle,2
atelectasis,left mid and lower lung regions,2
atelectasis,right and left basilar regions,2
atelectasis,lower spine,2
atelectasis,right mid-lung,2
atelectasis,adjacent to neo esophagus,2
atelectasis,left lateral lung base,2
atelectasis,bilateral mid lung,2
atelectasis,adjacent left lower lobe,2
atelectasis,left mid to lower zone,2
atelectasis,right basilar and retrocardiac,2
atelectasis,above right hemidiaphragm,2
atelectasis,right upper zone,2
atelectasis,bilateral basal airspaces,2
atelectasis,right and left lung bases,2
atelectasis,bilateral adjacent to effusions,2
atelectasis,anterior lower lung,2
atelectasis,right lung base laterally,2
atelectasis,"right lung base, retrocardiac region",2
atelectasis,right base and left mid lung,2
atelectasis,"bilateral basilar, right greater than left",2
atelectasis,left and right base,2
atelectasis,posterior costophrenic sulcus,2
atelectasis,adjacent to hernia,2
atelectasis,scattered,2
atelectasis,left lower and right middle lobes,2
atelectasis,right bibasilar,2
atelectasis,"left lung base, medial right lung base",2
atelectasis,medial left lower lobe,2
atelectasis,medial right basilar,2
atelectasis,left mid and both lower lungs,2
atelectasis,both the left and the right lung bases,2
atelectasis,left posterior basilar,2
atelectasis,bilateral lower lungs medially,2
atelectasis,lingular and left lower lobe,2
atelectasis,retrocardiac areas,2
atelectasis,right infrahilar area,2
atelectasis,retrocardiac and right basal,2
atelectasis,left midlung zone,2
atelectasis,left subsegmental,2
atelectasis,left lower base,2
atelectasis,posterior left lower lobe,2
atelectasis,compressive,2
atelectasis,posterior lung base,2
atelectasis,retrocardiac and left lower lobe,2
atelectasis,overlying left hemidiaphragm,2
atelectasis,left perihilar region,2
atelectasis,left basal lung,2
atelectasis,right adjacent to pleural effusion,2
atelectasis,right subsegment,2
atelectasis,bilateral adjacent lung regions,2
atelectasis,right basilar and left basilar,2
atelectasis,left and right bases,2
atelectasis,left mid-zone,2
atelectasis,left lung base medially,2
atelectasis,"bilateral basilar, left greater than right",2
atelectasis,retrocardiac region and right base,2
atelectasis,bibasal areas,2
atelectasis,bibasilar (right more prominent),2
atelectasis,right and left basilar,2
atelectasis,left paramediastinal,2
atelectasis,right mid lung laterally,2
atelectasis,base,2
atelectasis,bilateral lower lung zones,2
atelectasis,bilateral pleural regions,2
atelectasis,left hemidiaphragm overlying area,2
atelectasis,partial lower lobe,2
atelectasis,basilar segments,2
atelectasis,"bilateral basal segments, left greater than right",2
atelectasis,left mid lung periphery,1
atelectasis,right mid lung field and right lung base,1
atelectasis,minimal subsegmental,1
atelectasis,unspecified lung area,1
atelectasis,right lower mediastinal contour,1
atelectasis,"bases, especially on the left",1
atelectasis,"lingula, right basilar",1
atelectasis,left mid lung region,1
atelectasis,left subsegmental right infrahilar,1
atelectasis,"left base, retrocardiac region",1
atelectasis,retrocardiac and bilateral basal,1
atelectasis,right and retrocardiac,1
atelectasis,surrounding,1
atelectasis,bilateral retrocardiac lung areas,1
atelectasis,infrahilar right lung,1
atelectasis,right base laterally,1
atelectasis,left mid-lung,1
atelectasis,right upper hemithorax,1
atelectasis,"right suprahilar region, both lower lobes",1
atelectasis,medial segment of the right middle lobe,1
atelectasis,"bilateral basal segments, right greater than left",1
atelectasis,bilateral bases and retrocardiac,1
atelectasis,"left lung, bilateral lungs",1
atelectasis,adjacent to right basilar mass,1
atelectasis,medial aspect of right lower lobe,1
atelectasis,"right mid lung, left lower lung",1
atelectasis,"right mid lung, right lower lung, left base",1
atelectasis,"right cardiophrenic region, retrocardiac region",1
atelectasis,left lower lobe and right side,1
atelectasis,left hemi diaphragm and right lung base,1
atelectasis,"right lung, left lung base",1
atelectasis,over the heart,1
atelectasis,"right upper lobe, right middle lobe, left lower lobe",1
atelectasis,right lung bases and retrocardiac,1
atelectasis,bases of right upper lobe,1
atelectasis,"right mid lung, right heart region",1
atelectasis,left mid and lower lung region,1
atelectasis,dependent posterior lung areas,1
atelectasis,"right perihilar, right infrahilar, left retrocardiac area",1
atelectasis,"left lung base, retrocardiac",1
atelectasis,"left lower lobe, middle lobe, right base",1
atelectasis,"left lower lobe, retrocardiac region",1
atelectasis,right perihilar and bibasilar regions,1
atelectasis,lower lungs (left greater than right),1
atelectasis,right middle lobe anterior aspect,1
atelectasis,left adjacent to chronic left effusion,1
atelectasis,bilateral lung bases (predominantly right),1
atelectasis,"bilateral bases, right more prominent",1
atelectasis,left mid lung and bibasilar,1
atelectasis,lingular and lower lobe,1
atelectasis,bilateral mid and lower lung fields,1
atelectasis,left base and retrocardiac space,1
atelectasis,adjacent to retrocardiac hiatal hernia,1
atelectasis,"left base, lateral right lung base",1
atelectasis,right lower and left lower lobes,1
atelectasis,right lung and retrocardiac,1
atelectasis,"right middle lobe lateral segment, left lower lung",1
atelectasis,bilateral peripheral bases,1
atelectasis,right bilateral lung bases,1
atelectasis,retrocardiac area and right lower lobe,1
atelectasis,bilateral lung base,1
atelectasis,left and right,1
atelectasis,left lung (excluding left suprahilar region),1
atelectasis,retrocardiac and left lower lung,1
atelectasis,posterior lower lobes,1
atelectasis,mid right lung,1
atelectasis,left upper lung zones,1
atelectasis,right medial base,1
atelectasis,entire left lung,1
atelectasis,"both lower lobes, lingula",1
atelectasis,"perihilar, bibasilar, left lower lobe medially behind heart",1
atelectasis,right and left base,1
atelectasis,lung bases and right upper lobe,1
atelectasis,left posterior basilar lung,1
atelectasis,left lower lobe and left basilar,1
atelectasis,"left lower zone, right hemidiaphragm above",1
atelectasis,right lower lobe and right middle lobe,1
atelectasis,"right mid and lower zones, left base",1
atelectasis,left lower lobe and right lung base,1
atelectasis,right basilar and left mid lung,1
atelectasis,right upper zone and bilateral lung bases,1
atelectasis,peripheral,1
atelectasis,left greater than right lung bases,1
atelectasis,"left mid lung, left lower lobe",1
atelectasis,bilateral lung bases and right upper lobe periphery,1
atelectasis,"right base, left adjacent to pleural effusion",1
atelectasis,left basilar and right lung,1
atelectasis,lung bases and left mid lung,1
atelectasis,left lower lobe and left mid lung region,1
atelectasis,lower lobes and right perihilar region,1
atelectasis,bilateral basilar regions (more prominent on right),1
atelectasis,bilateral bases (greater on left),1
atelectasis,"right lower lobe, left costophrenic angle, retrocardiac region",1
atelectasis,right upper and middle lobes,1
atelectasis,bilateral lungs (right predominance),1
atelectasis,bilateral lower lungs (right more extensive),1
atelectasis,"bibasilar regions, right upper lobe",1
atelectasis,right lower lung zone and left lung base,1
atelectasis,left basilar/lingular,1
atelectasis,lower lobe posteriorly,1
atelectasis,"right lower lung, left lung",1
atelectasis,bibasal and both hemidiaphragm,1
atelectasis,lingula and left upper lobe,1
atelectasis,left basal and retrocardiac regions,1
atelectasis,left lower lung zone,1
atelectasis,bilateral bases (right > left),1
atelectasis,"left basilar, left costophrenic angle, retrocardiac",1
atelectasis,bilateral basal regions (left more prominent),1
atelectasis,right basal aspect and left subsegmental,1
atelectasis,bilateral lower lobe subsegments,1
atelectasis,"right upper and mid lung zones, left mid to lower lung zone",1
atelectasis,right lung base and retrocardiac lung areas,1
atelectasis,left and right lungs (adjacent to respective pleural effusions),1
atelectasis,bilateral adjacent to pleural effusion,1
atelectasis,bilateral lung bases (left greater than right),1
atelectasis,right middle lobe and/or lingula,1
atelectasis,bilateral basilar (left worse than right),1
atelectasis,right lung base (subsegmental),1
atelectasis,upper and mid lung zones,1
atelectasis,left mid- and lower zones,1
atelectasis,bi-basal,1
atelectasis,left basilar and right lower lung base,1
atelectasis,"bilateral lung bases, posterior segments",1
atelectasis,left upper lobe and left basilar,1
atelectasis,bilateral retrocardiac lung region and right lung bases,1
atelectasis,bilateral lung areas,1
atelectasis,posterior left base,1
atelectasis,left lower lobe and retrocardiac region,1
atelectasis,"bilateral lung bases, left side worse than right",1
atelectasis,"left lung base, right lung base",1
atelectasis,"left mid lung, right lower lung",1
atelectasis,inferior basilar,1
atelectasis,right middle lobe or right lower lobe,1
atelectasis,right greater than left lower lobe,1
atelectasis,retrocardiac area and costophrenic angle,1
atelectasis,pulmonary bases,1
atelectasis,right basilar and perihilar,1
atelectasis,adjacent to left greater than right pleural effusions,1
atelectasis,right base and right middle lobe,1
atelectasis,bilateral lung bases (right more prominent),1
atelectasis,right infrahilar/right middle lobe,1
atelectasis,left and right basilar (left greater than right),1
atelectasis,"right lung base, retrocardiac, left mid lung field (peripheral)",1
atelectasis,associated with hiatal hernia,1
atelectasis,bilateral bases and left base,1
atelectasis,bilateral basilar regions (right > left),1
atelectasis,lingular region,1
atelectasis,left mid lung field subsegmental,1
atelectasis,right lower and right middle lobe,1
atelectasis,"left lung base, right lower lobe",1
atelectasis,bilateral mid zones,1
atelectasis,right lateral lung base,1
atelectasis,"right heart border, bibasilar",1
atelectasis,inferior lingula,1
atelectasis,retrocardiac lung base,1
atelectasis,"right basilar, left basilar",1
atelectasis,right mid lung and left lung base,1
atelectasis,"bibasilar, subsegmental retrocardiac",1
atelectasis,right lung base and right medial lower lung zone,1
atelectasis,"right mid zone, right cardiophrenic zone, left base",1
atelectasis,inferior spine (lateral view),1
atelectasis,"left lower lobe, left hilum, right basal",1
atelectasis,adjacent to bilateral pleura,1
atelectasis,"left basilar, right infrahilar",1
atelectasis,lower lungs and right mid lung,1
atelectasis,left perihilar and bibasilar,1
atelectasis,right lung mid field,1
atelectasis,"left perihilar, right mid lung",1
atelectasis,"right middle and lower lobes, left lower lobe basal segments",1
atelectasis,bibasilar and right greater than left basal,1
atelectasis,right mid lung region,1
atelectasis,left retrocardiac adjacent region and right basilar region,1
atelectasis,left lung base periphery,1
atelectasis,bibasilar lungs and left mid lung,1
atelectasis,right and left basal lobes,1
atelectasis,bilateral lower zones (left greater than right),1
atelectasis,left mid lung bases,1
atelectasis,retrocardiac and right bibasilar regions,1
atelectasis,lateral lung bases,1
atelectasis,infrahilar and bibasilar regions,1
atelectasis,bilateral lower lungs (left predominance),1
atelectasis,left mid-to-lower lung and left retrocardiac subsegment,1
atelectasis,left lung base and inferior lingula,1
atelectasis,"lung bases, right more pronounced",1
atelectasis,left lung base and mid left lung,1
atelectasis,bilateral mid and lower lungs,1
atelectasis,right heart border adjacent,1
atelectasis,left lower costophrenic sulcus,1
atelectasis,right subpulmonic region and left base,1
atelectasis,perihilar and left lower lobe,1
atelectasis,right minor fissure and left retrocardiac region,1
atelectasis,left lung base adjacent,1
atelectasis,"bilateral basilar regions, right more pronounced",1
atelectasis,left lung and right basilar,1
atelectasis,"bilateral bases, left base",1
atelectasis,"bibasilar, particularly right cardiophrenic angle",1
atelectasis,"bilateral, particularly lingula",1
atelectasis,right apical and basilar,1
atelectasis,right hilus,1
atelectasis,anterior right upper lobe adjacent to minor fissure,1
atelectasis,cardiac region,1
atelectasis,"bilateral bibasilar areas, right base",1
atelectasis,left and bilateral basilar regions,1
atelectasis,"bilateral, especially left",1
atelectasis,left costophrenic angle adjacent,1
atelectasis,left basilar lateral,1
atelectasis,left bases and retrocardiac lung area,1
atelectasis,bilateral basal and lingular segments,1
atelectasis,right posterior base,1
atelectasis,right mid lung adjacent to right hilum,1
atelectasis,"left midlung, right lower lung",1
atelectasis,left lower lung bases,1
atelectasis,mid to lower right lung zones,1
atelectasis,right basal and retrocardiac regions,1
atelectasis,retrocardiac region and right lung base,1
atelectasis,left midzone,1
atelectasis,"retrocardiac region, left hemidiaphragm",1
atelectasis,lateral right base,1
atelectasis,left hemidiaphragm and left lung base,1
atelectasis,"bibasilar lungs, left greater than right",1
atelectasis,retrocardiac areas adjacent to pleural effusions,1
atelectasis,bibasilar and left lung base,1
atelectasis,left upper lobe and left retrocardiac,1
atelectasis,"right middle and lower lobes posteriorly, left lung",1
atelectasis,"bilateral bases, right lung base prominent",1
atelectasis,"bibasilar, right base prominent",1
atelectasis,"left lower lung base, retrocardiac",1
atelectasis,retrocardiac and left mid lung,1
atelectasis,lateral left mid lung,1
atelectasis,left basal area,1
atelectasis,"right basilar, medial",1
atelectasis,overlying spine (lateral view),1
atelectasis,"left lung base, right basal",1
atelectasis,left perihilar and infrahilar,1
atelectasis,left hemidiaphragm and left lower lobe,1
atelectasis,basilar regions adjacent to pleural effusions,1
atelectasis,right base subsegmental,1
atelectasis,post-operative areas,1
atelectasis,cardiophrenic region,1
atelectasis,right hemidiaphragm associated region,1
atelectasis,right overlying pleural effusion,1
atelectasis,heart region (lateral view),1
atelectasis,adjacent basal lung segments,1
atelectasis,"bilateral basal regions, left retrocardiac region",1
atelectasis,right and left perihilar,1
atelectasis,lower right lung,1
atelectasis,left lower lobe posteriorly,1
atelectasis,left basilar and lingular,1
atelectasis,left basal region,1
atelectasis,left basilar lung periphery,1
atelectasis,site of prior left chest tube,1
atelectasis,mid lungs bilaterally,1
atelectasis,bilateral basal pulmonary,1
atelectasis,bilateral retrocardiac,1
atelectasis,basilar segments of lungs,1
atelectasis,"right middle lobe, lateral segment",1
atelectasis,right bases,1
atelectasis,"right lower lung, retrocardiac region",1
atelectasis,right lung (overlying right pleural effusion),1
atelectasis,right upper and middle lobe,1
atelectasis,"right lung base, left lower lung",1
atelectasis,bilateral basal lung regions,1
atelectasis,right mid and left lower lung fields,1
atelectasis,eighth posterior right rib,1
atelectasis,right basilar subsegmental,1
atelectasis,bilateral upper lobe,1
atelectasis,left posterior lower lung,1
atelectasis,"right infrahilar region, left base",1
atelectasis,"bibasilar, right greater than left",1
atelectasis,adjacent lung,1
atelectasis,right and left lower lung,1
atelectasis,right middle lobe medial segment,1
atelectasis,bibasilar and along minor fissure,1
atelectasis,right hilum and base,1
atelectasis,retrocardiac lung zones,1
atelectasis,bilateral basilar (adjacent to effusions),1
atelectasis,left pleural space,1
atelectasis,"right basilar lobe, left basilar lobe",1
atelectasis,inferior aspect of the right hilus,1
atelectasis,right mid and lower lung zones,1
atelectasis,"right middle lobe, bilateral lower lobes, retrocardiac",1
atelectasis,left lower lung at cardiophrenic angle,1
atelectasis,retrocardiac left lung base,1
atelectasis,right upper lobe base,1
atelectasis,bilateral basilar (predominantly retrocardiac),1
atelectasis,bilateral infrahilar parenchyma,1
atelectasis,posterior bilateral costophrenic angles,1
atelectasis,right mid and bilateral lower lungs,1
atelectasis,right lower perihilar region,1
atelectasis,bases of lungs,1
atelectasis,bilateral bases and left retrocardiac base,1
atelectasis,bilateral mid lung fields,1
atelectasis,right hilus level and left lung base,1
atelectasis,right cardiophrenic and lower lung,1
atelectasis,left lung base lateral,1
atelectasis,bilateral bases and right middle lobe,1
atelectasis,adjacent to aortic knob,1
atelectasis,"bilateral basilar, left more prominent",1
atelectasis,"bilateral lungs, especially right",1
atelectasis,"right base, left base, left mid zone",1
atelectasis,bilateral lower lobes (right more significant),1
atelectasis,minor mid to lower lung,1
atelectasis,"left mid lung, right lung base",1
atelectasis,horizontally oriented right perihilar,1
atelectasis,lateral left lung base,1
atelectasis,lung bases (left more pronounced),1
atelectasis,bilateral basal (greater in the left),1
atelectasis,adjacent,1
atelectasis,left perihilar and both retrocardiac regions,1
atelectasis,"left base, mild right mid lower lung",1
atelectasis,"right lung base, left lung base",1
atelectasis,left basal lung regions,1
atelectasis,bilateral (right more prominent),1
atelectasis,perihilar and bibasilar,1
atelectasis,left retrocardiac and right basal areas,1
atelectasis,"right lower lobe, right base",1
atelectasis,left midline,1
atelectasis,right upper lung laterally,1
atelectasis,left base/lingular,1
atelectasis,right lung base and left lower lung,1
atelectasis,"left retrocardiac space, left lower lung, right lung base",1
atelectasis,left posterior costophrenic angle,1
atelectasis,retrocardiac and basal lung zones,1
atelectasis,left retrocardiac region and right basilar,1
atelectasis,left lung (greater than right),1
atelectasis,bibasilar region,1
atelectasis,right upper lobe and bibasilar retrocardiac,1
atelectasis,dependent lung regions,1
atelectasis,left and bilateral bibasilar areas,1
atelectasis,both lung bases and lingula,1
atelectasis,left retrocardiac and right juxtahilar regions,1
atelectasis,bilateral and right,1
atelectasis,bilateral basal lung,1
atelectasis,bilateral medial lung bases,1
atelectasis,"lingula, posterior left basilar",1
atelectasis,"left lung base, right basilar region",1
atelectasis,basal compressed lung,1
atelectasis,left base and right cardiophrenic region,1
atelectasis,"left lung base, right midlung",1
atelectasis,left lung basilar segments,1
atelectasis,mid lung and right base,1
atelectasis,"left adjacent to pleural effusion, right basal lobe",1
atelectasis,right greater than left hemithorax,1
atelectasis,bilateral lung bases (left more than right),1
atelectasis,left lung bases at costophrenic sinus level,1
atelectasis,"major and minor fissure, right lung base",1
atelectasis,"bibasilar, right lung base",1
atelectasis,central,1
atelectasis,right middle lobe and lung bases,1
atelectasis,retrocardiac lung zone,1
atelectasis,mid-to-lower lungs bilaterally,1
atelectasis,left peripheral area,1
atelectasis,right upper lobe distal,1
atelectasis,right lung base and retrocardiac region,1
atelectasis,left lung and right upper lobe,1
atelectasis,bilateral mid to lower lungs,1
atelectasis,left upper lung zone,1
atelectasis,anterior region,1
atelectasis,"retrocardiac, right mid lung superior to minor fissure",1
atelectasis,"right lower lobe, right middle lobe, left mid-to-lower lung",1
atelectasis,bilateral mid-to-upper lung,1
atelectasis,right juxtahilar region,1
atelectasis,left base and adjacent to left heart border,1
atelectasis,left lung base and retrocardiac lung areas,1
atelectasis,bibasilar and right midlung,1
atelectasis,left hemidiaphragm posteriorly,1
atelectasis,bilateral peripheral lung bases,1
atelectasis,left and right lungs,1
atelectasis,left basilar and right midlung,1
atelectasis,mid lung and left lower lobe,1
atelectasis,bilateral lower lungs (left less) and upper lobes,1
atelectasis,"right upper lobe, right lung base",1
atelectasis,subsegmental bibasilar (most pronounced on the right),1
atelectasis,infrahilar region,1
atelectasis,"bilateral lung bases, retrocardiac regions",1
atelectasis,bilateral subsequent basal areas,1
atelectasis,"left mid lung field, bilateral lung bases",1
atelectasis,"left basal lobe, right basal lobe",1
atelectasis,"left paramediastinal, small retrocardiac",1
atelectasis,"left lung base, right perihilar region, upper lung",1
atelectasis,adjacent to cardiac fat pad,1
atelectasis,left lower lobe basilar,1
atelectasis,right lower lobe medial aspect,1
atelectasis,basal lung,1
atelectasis,bibasilar (left > right),1
atelectasis,left hemidiaphragm and left base,1
atelectasis,left lower field,1
atelectasis,bilateral lung areas (left more prominent),1
atelectasis,base retrocardiac region,1
atelectasis,right perihilar region and bilateral lung bases,1
atelectasis,left retrocardiac and basal,1
atelectasis,lingula and right base,1
atelectasis,right base of lung,1
atelectasis,subjacent to bilateral pleural effusions,1
atelectasis,posterior costophrenic sulci,1
atelectasis,"right lung base, left retrocardiac space",1
atelectasis,"both lung bases, left suprahilar region",1
atelectasis,left mid field,1
atelectasis,lingula and right lower lobe,1
atelectasis,"right midlung, right lung base",1
atelectasis,right lower lung base,1
atelectasis,bilateral bibasilar and left midlung,1
atelectasis,"right basilar, left lung base",1
atelectasis,left midlung and right lower lung,1
atelectasis,bilateral mid and lower lung,1
atelectasis,"left lung base, basilar left lower lobe and lingular",1
atelectasis,"left mid to lower lung, right basilar",1
atelectasis,several bulla,1
atelectasis,retrocardiac lung area and right lung bases,1
atelectasis,basilar and lateral right,1
atelectasis,left lower lobe and adjacent to a fluid - filled minor fissure on the right,1
atelectasis,"bilateral, left greater right, lower lobe",1
atelectasis,low lung volume,1
atelectasis,left lower lingula,1
atelectasis,right diaphragmatic surface,1
atelectasis,"retrocardiac lung regions, right medial basal lung",1
atelectasis,posterior lungs,1
atelectasis,posterior to the heart on the lateral view,1
atelectasis,not specified,1
atelectasis,"right lower lobe, bibasal subsegmental",1
atelectasis,"right lung, left mid lung",1
atelectasis,right minor fissure,1
atelectasis,right lower lobe posteriorly,1
atelectasis,"lung bases, retrocardiac region",1
atelectasis,"bilateral bases, left mid lung",1
atelectasis,retrocardiac left lower lobe,1
atelectasis,left medial basilar,1
atelectasis,right middle and majority of right lower lobe,1
atelectasis,right lung and possibly left retrocardiac area,1
atelectasis,upper lungs (left greater than right),1
atelectasis,basal lung areas,1
atelectasis,left base in the retrocardiac region,1
atelectasis,left lower lung within the lingula,1
atelectasis,left lower lobe and possibly lingula,1
atelectasis,"right midlung, bilateral",1
atelectasis,"bilateral bases, right more than left",1
atelectasis,left inferior hilar region,1
atelectasis,right medial basilar lobe,1
atelectasis,right mid lung field in the bilateral bases,1
atelectasis,right upper and basilar lower lobe,1
atelectasis,bilateral mid and lower lobe,1
atelectasis,left perihilar and both basilar regions,1
atelectasis,retrocardiac lung areas and right lung base,1
atelectasis,basilar right lung,1
atelectasis,both lower lung,1
atelectasis,right lower lung medially,1
atelectasis,"right mid lung, left lower lobe",1
atelectasis,right lung base costophrenic sulcus,1
atelectasis,right middle,1
atelectasis,subsequent areas,1
atelectasis,left lower lobe (post obstructive),1
atelectasis,"bilateral, left more than right",1
atelectasis,"right lower lobe, right perihilar regions",1
atelectasis,localized area within a region of scarring,1
atelectasis,bilaterally lungs,1
atelectasis,lower posterior lungs,1
atelectasis,minor basilar,1
atelectasis,"right lung bases, left perihilar region",1
atelectasis,"left lower, bilateral upper lung",1
atelectasis,bibasilar and perihilar,1
atelectasis,"right upper lobe, left retrocardiac region",1
atelectasis,"mid lung, right basilar",1
atelectasis,"left apex, right lung base",1
atelectasis,right posterior pleura,1
atelectasis,lower lung (retrocardiac),1
atelectasis,above a slightly elevated left hemidiaphragm,1
atelectasis,"left base, right",1
atelectasis,"left lung, right lung",1
atelectasis,left lower lobe basilar segments,1
atelectasis,minor mid lung,1
atelectasis,"right middle lobe, left lower lung",1
atelectasis,left basilar lingula,1
atelectasis,low lung volumes,1
atelectasis,left basilar (probably within the lingula),1
atelectasis,left lower hemithorax,1
atelectasis,"left lung base, retrocardiac area",1
atelectasis,"subsegmental bibasilar, minimal left mid lung",1
atelectasis,"right middle lobe, lingula and left lower lobe",1
atelectasis,right hemidiaphragm apex and posteriorly,1
atelectasis,either the rml or lingula,1
atelectasis,lateral left upper lung,1
atelectasis,left hemidiaphragm subjacent,1
atelectasis,right cardiac contour,1
atelectasis,posterior basal,1
atelectasis,left base and lingular,1
atelectasis,lower lobes bilaterally,1
atelectasis,right pleural cavity,1
atelectasis,right upper lobe and middle lobe subsegments,1
atelectasis,"left lower lobe, right basilar",1
atelectasis,bibasilar and left lung,1
atelectasis,posterior segments of the lower lobes,1
atelectasis,left lung base peripherally,1
atelectasis,left lingula and left lower lobe,1
atelectasis,adjacent to blunted costophrenic angle,1
atelectasis,left basilar at cardiophrenic angle,1
atelectasis,right basilar and left retrocardiac basilar,1
atelectasis,left base medially,1
atelectasis,right lower lobe minimal,1
atelectasis,medial left basilar,1
atelectasis,lower lung zones,1
atelectasis,overlying,1
atelectasis,basilar left lung,1
atelectasis,"right infrahilar, right basilar, retrocardiac and left basilar",1
atelectasis,"bilateral lower lobes, right mid lung sulcus",1
atelectasis,"both lung bases, left more than right",1
atelectasis,bilateral mid-to-lower lung,1
atelectasis,"bilateral bibasilar regions, particularly retrocardiac region",1
atelectasis,persistent lower lobe,1
atelectasis,right middle and right lower lobes,1
atelectasis,"left lingular, lateral left lung base",1
atelectasis,"retrocardiac, left lower lobe, right lower lobe",1
atelectasis,distal lower lobe,1
atelectasis,each lung base,1
atelectasis,right mid lung and lower lung,1
atelectasis,right and left bibasilar,1
atelectasis,"bilateral lower lungs, retrocardiac and medial right lung base",1
atelectasis,right lateral costophrenic angle,1
atelectasis,"right mid and lower lung fields, left lung base",1
atelectasis,right upper lobe anteriorly,1
atelectasis,right lower posterior lung,1
atelectasis,"bilateral lungs, greater on the left",1
atelectasis,medial right middle lobe,1
atelectasis,perihilar right areas,1
atelectasis,right hemidiaphragmatic,1
atelectasis,"retrocardiac, bilateral",1
atelectasis,bases and right upper lobe,1
atelectasis,base of the lingula,1
atelectasis,"retrocardiac, right basal",1
atelectasis,right mid lung and right lower lobe,1
atelectasis,extensive areas,1
atelectasis,right lower lung (subsegmental),1
atelectasis,lower lungs (right greater than left),1
atelectasis,right greater than left,1
atelectasis,"bilateral lung bases, left greater than right",1
atelectasis,bilateral supradiaphragmatic position,1
atelectasis,asymmetry of the changes,1
atelectasis,left more than right,1
atelectasis,apical,1
atelectasis,"anterior, inferior right upper lobe",1
atelectasis,left lobe,1
atelectasis,adjacent area,1
atelectasis,right mid and lower lung field,1
atelectasis,right lower lobes,1
atelectasis,right lower mediastinal,1
atelectasis,"left base, bases",1
atelectasis,"right upper lung, left basal",1
atelectasis,left cardiac shadow,1
atelectasis,focal,1
atelectasis,bilateral bibasilar (larger on the left),1
atelectasis,right upper and both lower lobes,1
atelectasis,"left millimetric, right basilar",1
atelectasis,posterior costophrenic angle,1
atelectasis,right lower lung medial aspect,1
atelectasis,"basilar, right",1
atelectasis,right mid and left lower lung,1
atelectasis,right mid and right lower lung,1
atelectasis,"right lower lung, left hemidiaphragm",1
atelectasis,"bases, especially on the right",1
atelectasis,left side,1
atelectasis,"left lower lobe, right basal",1
atelectasis,bilateral airspace,1
atelectasis,right heart,1
atelectasis,left diaphragm,1
atelectasis,subsegmental bibasilar,1
atelectasis,left parenchyma,1
atelectasis,"right lower and middle lobes, right base, left lower lung",1
atelectasis,both lower lungs (right greater than left),1
atelectasis,mid thoracic spine,1
atelectasis,bibasilar peribronchial,1
atelectasis,left mid to upper lung,1
atelectasis,"left lower lung, middle lobe, sublobar",1
atelectasis,right lung base and left basilar,1
atelectasis,right middle/lower lobe,1
atelectasis,"lung bases, left lower lobe",1
atelectasis,left lung adjacent to pleural effusion,1
atelectasis,"right mid lung, inferior to minor fissure",1
atelectasis,left lower lobe and right lower lung,1
atelectasis,right cardiphrenic angle,1
atelectasis,bilateral basal regions (left greater than right),1
atelectasis,basilar and left lower lobe,1
atelectasis,bilateral retrocardiac lung regions,1
atelectasis,right middle and right lower lobe,1
atelectasis,left base and medial right base,1
atelectasis,"bilateral bases, more prominent on left",1
atelectasis,right middle lobe and lingular,1
atelectasis,basal plate,1
atelectasis,left retrocardiac space,1
atelectasis,"left adjacent to pleural effusion, right basilar region",1
atelectasis,left and right basilar,1
atelectasis,lower lung lobes and right perihilar region,1
atelectasis,cardiac silhouette,1
atelectasis,"bilateral bases, right base slightly worse",1
atelectasis,azygos lobe,1
atelectasis,right basilar and left base,1
atelectasis,bilateral juxta hilar and retrocardiac regions,1
atelectasis,right hilar region,1
atelectasis,adjacent to bilateral pleural spaces,1
atelectasis,right basal and retrocardiac,1
atelectasis,left lung and right lower lobe,1
atelectasis,right base lateral,1
atelectasis,lower pole of right hilus,1
atelectasis,left lower lobe and left midlung,1
atelectasis,bibasilar lung regions,1
atelectasis,remaining left lung,1
atelectasis,right pleural region,1
atelectasis,multifocal lung,1
atelectasis,left apical,1
atelectasis,"bilateral lungs, left greater than right",1
atelectasis,bibasilar (right larger),1
atelectasis,"bibasilar regions, right middle lobe",1
atelectasis,medial right lower lobe,1
atelectasis,right lung base and bilateral adjacent pleural areas (right more prominent),1
atelectasis,retrocardiac lung area and middle lobe,1
atelectasis,right lower chest,1
atelectasis,bilateral lungs adjacent to pleural effusions,1
atelectasis,"left basal lobe, bilateral basal lobes",1
atelectasis,right middle and basilar portions of the lower lobe,1
atelectasis,right mid and lower lobes,1
atelectasis,retrocardiac and right middle lobe,1
atelectasis,right basal subsegmental,1
atelectasis,"left lung base, right mid lung field",1
atelectasis,left basilar and left lower lobe,1
atelectasis,"bilateral lung bases, left lung base more pronounced",1
atelectasis,"bibasilar, predominantly left",1
atelectasis,right lung lateral,1
atelectasis,medial portion of the left hemidiaphragm,1
atelectasis,"right upper lobe, retrocardiac",1
atelectasis,"right middle and lower lobes, left lung",1
atelectasis,right costophrenic angle and left base,1
atelectasis,left lung lateral to cardiac apex,1
atelectasis,"right basilar, left upper lobe",1
atelectasis,right middle lobe (less likely right lower lobe),1
atelectasis,left perihilar and right basilar regions,1
atelectasis,left lung (adjacent to left hemidiaphragm),1
atelectasis,"right lower lobe, retrocardiac",1
atelectasis,retrocardiac and left basilar,1
atelectasis,bibasilar and right base medially,1
atelectasis,bilateral basilar parenchyma,1
atelectasis,left base/retrocardiac,1
atelectasis,right peribronchial,1
atelectasis,lung bases and right upper lung,1
atelectasis,"left mid lung zone, right lower lung zone",1
atelectasis,bibasilar and right upper lobe,1
atelectasis,"left lung, left lower lobe",1
atelectasis,right basal and left,1
atelectasis,"right cardiophrenic region, left lung base",1
atelectasis,inferior spine,1
atelectasis,right lower lobe subsegmental,1
atelectasis,subsegment adjacent to right hemidiaphragm,1
atelectasis,adjacent to bilateral effusions,1
atelectasis,bibasilar adjacent to pleural effusion,1
atelectasis,lateral aspect of right chest,1
atelectasis,bilateral lower lobes subsegmental,1
atelectasis,periphery of right lung base,1
atelectasis,left posterior costophrenic sulcus,1
atelectasis,bibasilar (right retrocardiac region prominent),1
atelectasis,bilateral bases (right worse),1
atelectasis,bilateral lung fields (overlying pleural effusions),1
atelectasis,left perihilar area and both lung bases,1
atelectasis,left perihilar and right mid lung,1
atelectasis,"right middle and lower lobes, left basilar lung",1
atelectasis,left pleural space adjacent,1
atelectasis,"left lower lobe, right lower and middle lobe",1
atelectasis,right lower lobe and left basilar segment,1
atelectasis,right juxta hilar and bilateral lower lobes,1
atelectasis,"retrocardiac, right basilar",1
atelectasis,"bilateral basilar, more prominent on right",1
atelectasis,"left base, right costophrenic angle",1
atelectasis,bilateral parenchyma (left greater than right),1
atelectasis,"left lung, right apex",1
atelectasis,bilateral subsegmental bibasilar,1
atelectasis,bilateral basilar regions (right greater than left),1
atelectasis,mid and lower lung,1
atelectasis,lower lungs medially,1
atelectasis,"left lower lobe, right lung base, upper right lung",1
atelectasis,bilateral lower lobe and lingular,1
atelectasis,"right lower lung, left midlung",1
atelectasis,basilar lung segments,1
atelectasis,"mid left upper to mid lung, retrocardiac region at left base",1
atelectasis,bilateral basilar retrocardiac regions,1
atelectasis,mid to lower lung zones,1
atelectasis,left lung base and right middle lobe,1
atelectasis,left lung (overlying left pleural effusion),1
atelectasis,bilateral lower lung (left > right),1
atelectasis,right upper lobe and bilateral basilar,1
atelectasis,right mid posterior lung,1
atelectasis,right base posteriorly,1
atelectasis,right upper lobe and bilateral bases,1
atelectasis,adjacent to left lateral ninth rib,1
atelectasis,lateral retrocardiac region,1
atelectasis,"major fissures, mid thoracic spine",1
atelectasis,bilateral infrahilar regions,1
atelectasis,left retrocardiac and left upper lobe,1
atelectasis,adjacent to bilateral pleural effusion,1
atelectasis,bilateral basal parenchyma (left prominent),1
atelectasis,aortic knob region,1
atelectasis,left lung base subsegment,1
atelectasis,bilateral lung bases (left > right),1
atelectasis,left hilus lower pole,1
atelectasis,"left upper lung field, bilateral lower lung fields",1
atelectasis,adjacent to right basilar opacity,1
atelectasis,bibasilar and right lower lobe,1
atelectasis,left base and left mid lung,1
atelectasis,right lower medial lung,1
atelectasis,left base retrocardiac region,1
atelectasis,right cardiophrenic border,1
atelectasis,left upper lung lobe,1
atelectasis,"left lower lobe, right middle lobe, right lower lobe",1
atelectasis,right adjacent to bilateral effusions,1
atelectasis,left lobe and right lower lobe,1
atelectasis,lower thoracic spine,1
atelectasis,bilateral basilar zones,1
atelectasis,right lower lung above elevated right hemidiaphragm,1
atelectasis,bilateral lateral bases,1
atelectasis,right lung bases and retrocardiac lung regions,1
atelectasis,right lung and left lower lobe,1
atelectasis,left retrocardiac and lower lung,1
atelectasis,bibasilar and right base,1
atelectasis,bibasilar (left larger),1
atelectasis,right lobe,1
atelectasis,left diaphragmatic region,1
atelectasis,left suprahilar,1
atelectasis,"left lower lobe, left perihilar region",1
atelectasis,"right middle lobe, right basilar, left basilar",1
atelectasis,right lower lobe and left basilar,1
atelectasis,lingular subsegmental,1
atelectasis,posterior,1
atelectasis,"right middle lobe, bilateral basilar",1
atelectasis,left posterior lower lung (superior to posterior left hemidiaphragm),1
atelectasis,"bilateral basal regions, left more than right",1
atelectasis,"left lower lung, right lower lung",1
atelectasis,"right middle lobe, right lower lobe",1
atelectasis,right hilus inferiorly,1
atelectasis,"left lower lobe, bilateral lower lungs",1
atelectasis,"bilateral bases, left base slightly worse",1
atelectasis,left basal subsegmental,1
atelectasis,juxta hilar regions,1
atelectasis,one of the lung bases,1
atelectasis,one or both posterior basilar segments of lower lobes,1
atelectasis,left base of the lungs,1
atelectasis,"right lung base, lingular",1
atelectasis,left lower lung to costal pleural surface,1
atelectasis,bilateral basal regions (right slightly worse),1
atelectasis,behind left heart,1
atelectasis,retrocardiac and bilateral infrahilar,1
atelectasis,left hemidiaphragm and right lung base,1
atelectasis,adjacent to pleural effusions,1
atelectasis,bilateral bibasilar segments,1
atelectasis,left basilar segments,1
atelectasis,right lung (remaining portion),1
atelectasis,"right base, left mid and lower lung",1
atelectasis,right mid hemi thorax,1
atelectasis,bilateral basilar regions and retrocardiac region,1
atelectasis,right middle lobe and right lower lobe,1
atelectasis,bilateral apical,1
atelectasis,left hemidiaphragm adjacent area,1
atelectasis,left lower lobe superior segment,1
atelectasis,right medial bases of lung,1
atelectasis,retrosternal lung,1
atelectasis,retrocardiac region and left hemidiaphragm medial portion,1
atelectasis,bibasilar and right lung base,1
atelectasis,lungs bases,1
atelectasis,left lower lobe and right basilar lung,1
atelectasis,lingula and left lung base,1
atelectasis,left upper lung,1
atelectasis,right lung and left lung,1
atelectasis,bibasilar regions (left greater than right),1
atelectasis,"bibasilar, right middle lobe",1
atelectasis,left upper and partial left lower lobes,1
atelectasis,bilateral basal lobes (left more prominent),1
atelectasis,"left basilar, left mid lung, right basilar",1
atelectasis,bibasal and left basal,1
atelectasis,bibasilar and subsegmental,1
atelectasis,lingular subsegment,1
atelectasis,lateral to left heart border,1
atelectasis,left lung basis and right upper lobe,1
atelectasis,"right base, left costophrenic angle",1
atelectasis,left basilar region adjacent to opacity,1
atelectasis,right lung and left lung base,1
atelectasis,left and right pleural regions,1
atelectasis,both lung bases (left > right),1
atelectasis,"right base, right mid lung, bilateral bases, left base",1
atelectasis,bilateral lower lung (left greater than right),1
atelectasis,bibasilar and right middle lobe,1
atelectasis,left retrocardiac region and juxta hilar regions,1
atelectasis,right upper lobe juxta hilar adjacent region,1
atelectasis,dependent regions,1
atelectasis,over heart shadow (lateral view),1
atelectasis,right lower lobe subsegment,1
atelectasis,adjacent basilar,1
atelectasis,"right middle and lower lobes, left lower lobe",1
atelectasis,"left lower lobe, lingular, right lung base",1
atelectasis,retrocardiac region with left hemidiaphragm obscuration,1
atelectasis,bilateral lower lobes and right upper lobe,1
atelectasis,lower lobes medial to hila,1
atelectasis,adjacent to right pleural effusion,1
atelectasis,bilateral lungs (right greater than left),1
atelectasis,both lung bases and left lower lobe,1
atelectasis,adjacent left heart border,1
atelectasis,retrocardiac basilar lung region,1
atelectasis,"bilateral, left retrocardiac",1
atelectasis,upper and lower lobes,1
atelectasis,left subsegment,1
atelectasis,"right middle lobe, right lower lobe, left lung base",1
atelectasis,lower lung field,1
atelectasis,bilateral lung bases (especially left),1
atelectasis,"bilateral bases, left greater than right",1
atelectasis,"left retrocardiac, right basilar",1
atelectasis,left basal areas,1
atelectasis,above left hemidiaphragm,1
atelectasis,right lower and possible right middle lobes,1
atelectasis,"left lower lobe, lung bases",1
atelectasis,left lower chest,1
atelectasis,"bilateral basal regions, more prominent on the right",1
atelectasis,bilateral parenchyma,1
atelectasis,right lung bases and retrocardiac area,1
atelectasis,"left lower lobe, right bases",1
atelectasis,left mid lung zone,1
atelectasis,bibasilar and left retrocardiac,1
atelectasis,right anterior cardiophrenic sulcus,1
atelectasis,right perihilar and left basilar region,1
atelectasis,"left mid and lower lung, right lung base",1
atelectasis,left adjacent to left hemidiaphragm,1
atelectasis,left lower lobe posterior basal segment,1
atelectasis,right posterior basal,1
atelectasis,left and right infrahilar regions,1
atelectasis,bilateral bases (left greater),1
atelectasis,right upper lobe and paratracheal,1
atelectasis,right lower and left mid lung zones,1
atelectasis,"right middle lobe, left lower lobe superior segment",1
atelectasis,left costophrenic angle and right lung base,1
atelectasis,bilateral basal hemithoraces,1
atelectasis,bilateral basal segments (right prominent),1
atelectasis,right adjacent,1
atelectasis,bibasilar and left mid lung,1
atelectasis,right entire lung,1
atelectasis,left basilar and right base,1
atelectasis,posterior costophrenic sinus,1
atelectasis,lateral spine projection over opacities,1
atelectasis,left base and right mid to lower zone,1
atelectasis,right lung basis and retrocardiac lung regions,1
atelectasis,left base posteriorly,1
atelectasis,"bilateral bibasilar regions, left mid lung",1
atelectasis,surrounding aortic arch,1
atelectasis,bilateral lungs (predominantly right),1
atelectasis,"right middle lobe, left basilar",1
atelectasis,right lung and left retrocardiac region,1
atelectasis,lingula or right middle zone,1
atelectasis,bilateral lung bases (right greater than left),1
atelectasis,left base and right mid zone,1
atelectasis,right and left,1
atelectasis,"right lung bases, retrocardiac",1
atelectasis,left upper-mid lung field and left basilar,1
atelectasis,base of lung,1
atelectasis,right lower lobe basilar segments and right upper lobe,1
atelectasis,right and lower lobes,1
atelectasis,"bibasilar, left side larger",1
atelectasis,right lung base and bibasilar,1
atelectasis,lower zones,1
atelectasis,"right lung bases medial aspect, left (secondary to pleural effusion)",1
atelectasis,bilateral basilar lung,1
atelectasis,left apex,1
atelectasis,bilateral peripheral,1
atelectasis,bilateral lower lobes (right prominent),1
atelectasis,base of right lung,1
atelectasis,"left lung base laterally, right infrahilar lung",1
atelectasis,multifocal areas,1
atelectasis,right greater than left bibasilar dependent,1
atelectasis,lower lung fields,1
atelectasis,right and left lungs,1
atelectasis,left lower lobe and right middle lobe,1
atelectasis,left lower lobe and right lung,1
atelectasis,left upper lobe and infrahilar left lower lobe,1
atelectasis,"lower lobes, left greater than right",1
atelectasis,right posterior pleural,1
atelectasis,left subjacent to pleural effusion,1
atelectasis,left hilar,1
atelectasis,"right base, possibly left base",1
atelectasis,right lung base medial,1
atelectasis,bilateral basal retrocardiac,1
atelectasis,low lung,1
atelectasis,bilateral basal subsegmental,1
atelectasis,upper lobe,1
atelectasis,right basal segment,1
atelectasis,"bilateral basal regions, left lower lobe and retrocardiac",1
atelectasis,right middle lobe or lingular segment,1
atelectasis,bilateral basal lung fields,1
atelectasis,left upper lung lateral,1
atelectasis,lower left lobe,1
atelectasis,left lung base and perihilar region,1
atelectasis,right lung superiorly,1
atelectasis,"left mid lung, right mid lung",1
atelectasis,"bilateral basal, left slightly increased",1
atelectasis,posterior basal segment,1
atelectasis,right side (overlying pleural effusion),1
atelectasis,bilateral lungs (left greater than right),1
atelectasis,bibasilar (left worse),1
atelectasis,bibasal lower lung,1
atelectasis,left lower lung and right lung base,1
atelectasis,the level of the aortic knob,1
atelectasis,"right infrahilar, right basilar, retrocardiac, left basilar",1
atelectasis,bibasilar including left base retrocardiac,1
atelectasis,"bilateral lungs, especially left base",1
atelectasis,"bilateral basilar regions, right greater than left",1
atelectasis,"bilateral basal segments, especially medially",1
atelectasis,left basal segment,1
atelectasis,basilar region adjacent to hiatal hernia,1
atelectasis,"lingular, lateral left lung base",1
atelectasis,left lower lobe and right base,1
atelectasis,"right side, left lung bases",1
atelectasis,"right mid and lower lung zones, left lung base",1
atelectasis,"left mid and lower lung, right base",1
atelectasis,lung bases and left perihilar region,1
atelectasis,"bibasilar, left more prominent",1
atelectasis,"bibasilar, right mid-to-lower lobe, left mid-to-lower lobe",1
atelectasis,right subjacent to pleural effusion,1
atelectasis,left basal subsegment,1
atelectasis,retrocardiac and right lung bases,1
atelectasis,lung bases and right mid lung field,1
atelectasis,right perifissural,1
atelectasis,"bilateral bases, retrocardiac region",1
atelectasis,perihilar and lower lung,1
atelectasis,retrocardiac and mid right lung zone,1
atelectasis,"left mid lobe, bilateral lower lobes",1
atelectasis,left infrahilar left lower lobe,1
atelectasis,right mid lung (possibly middle lobe) and left lung base,1
atelectasis,right mid lung adjacent to operative site,1
atelectasis,dependent,1
atelectasis,lingula or right middle lobe,1
atelectasis,bilateral lung bases (left more prominent),1
atelectasis,"left lung base subsegmental, right mid lung",1
atelectasis,right hila,1
atelectasis,right lower lung and spine,1
atelectasis,left basilar and right basilar,1
atelectasis,"right mid lung, right lower lobe",1
atelectasis,"right mid lung, adjacent to left base",1
atelectasis,"left lower lobe, possibly lingula",1
atelectasis,right hilar,1
atelectasis,left lingular segment,1
atelectasis,bilateral bibasilar (right greater than left),1
atelectasis,left lower lobe bases,1
atelectasis,"right mid lung, bilateral lower lungs",1
atelectasis,left posterior lower lobe,1
atelectasis,"right lung basis, retrocardiac",1
atelectasis,left adjacent region,1
atelectasis,adjacent to bibasilar pleural effusions,1
atelectasis,left retrocardiac and bibasilar,1
atelectasis,right posterior lung base,1
atelectasis,posterior retrocardiac lung base,1
atelectasis,"right middle and right lower lobes, medial aspect",1
atelectasis,right hemithorax base,1
blunting of costophrenic angle,left costophrenic angle,307
blunting of costophrenic angle,right costophrenic angle,186
blunting of costophrenic angle,bilateral costophrenic angles,178
blunting of costophrenic angle,posterior costophrenic angles,48
blunting of costophrenic angle,bilateral posterior costophrenic angles,27
blunting of costophrenic angle,left posterior costophrenic angle,19
blunting of costophrenic angle,posterior left costophrenic angle,17
blunting of costophrenic angle,right posterior costophrenic angle,17
blunting of costophrenic angle,none,16
blunting of costophrenic angle,posterior costophrenic angle,15
blunting of costophrenic angle,left lateral costophrenic angle,13
blunting of costophrenic angle,left costophrenic sinus,13
blunting of costophrenic angle,costophrenic angles,12
blunting of costophrenic angle,right lateral costophrenic angle,11
blunting of costophrenic angle,posterior right costophrenic angle,10
blunting of costophrenic angle,posterior bilateral costophrenic angles,7
blunting of costophrenic angle,both costophrenic angles,6
blunting of costophrenic angle,left hemidiaphragm,6
blunting of costophrenic angle,left,5
blunting of costophrenic angle,left posterior costophrenic sulcus,5
blunting of costophrenic angle,lateral costophrenic angles,5
blunting of costophrenic angle,left costophrenic sulcus,4
blunting of costophrenic angle,posterior costophrenic sulcus,4
blunting of costophrenic angle,left lateral pleural sinus,4
blunting of costophrenic angle,right costophrenic sulcus,4
blunting of costophrenic angle,right hemidiaphragm,4
blunting of costophrenic angle,right cardiophrenic angle,4
blunting of costophrenic angle,right lateral pleural sinus,3
blunting of costophrenic angle,right posterior costophrenic sulcus,3
blunting of costophrenic angle,right costophrenic sinus,3
blunting of costophrenic angle,left costophrenic angle posteriorly,3
blunting of costophrenic angle,right,2
blunting of costophrenic angle,lateral and posterior pleural sinuses,2
blunting of costophrenic angle,costophrenic sinuses,2
blunting of costophrenic angle,right costophrenic angles,2
blunting of costophrenic angle,bilateral lateral costophrenic angles,2
blunting of costophrenic angle,posterior costophrenic sulci,2
blunting of costophrenic angle,left base,2
blunting of costophrenic angle,bilateral costophrenic sulci,2
blunting of costophrenic angle,bilateral costophrenic angles posteriorly,2
blunting of costophrenic angle,left costophrenic recess,2
blunting of costophrenic angle,costophrenic angle,2
blunting of costophrenic angle,bilateral posterio costophrenic angles,1
blunting of costophrenic angle,bilateral posterior costophrenic angle,1
blunting of costophrenic angle,lower left lateral pleural sinus,1
blunting of costophrenic angle,left lateral pleural sinus extending to posterior area,1
blunting of costophrenic angle,left costophrenic angle (posterior),1
blunting of costophrenic angle,right and left costophrenic angles,1
blunting of costophrenic angle,left posterior sulcus,1
blunting of costophrenic angle,left lateral costophrenic angles,1
blunting of costophrenic angle,left lateral and posterior costophrenic angles,1
blunting of costophrenic angle,bilateral posterior,1
blunting of costophrenic angle,right posterior lateral costophrenic sulcus,1
blunting of costophrenic angle,lateral costophrenic angle,1
blunting of costophrenic angle,posterior pleural sinuses,1
blunting of costophrenic angle,right base,1
blunting of costophrenic angle,right and left costophrenic angles (right > left),1
blunting of costophrenic angle,bilateral costophrenic angles (left dominant),1
blunting of costophrenic angle,lateral and right posterior costophrenic angles,1
blunting of costophrenic angle,left posterior pleural sinus,1
blunting of costophrenic angle,left posterior and lateral costophrenic angles,1
blunting of costophrenic angle,bilateral pleural sinuses,1
blunting of costophrenic angle,one costophrenic angle,1
blunting of costophrenic angle,lateral costophrenic sulci (left > right),1
blunting of costophrenic angle,bilateral cardiophrenic angles,1
blunting of costophrenic angle,right costophrenic angle and right lower chest,1
blunting of costophrenic angle,left lateral costophrenic sulcus,1
blunting of costophrenic angle,lateral costophrenic sulcus,1
blunting of costophrenic angle,right costophrenic angle posterior,1
blunting of costophrenic angle,right posterior and lateral costophrenic angles,1
blunting of costophrenic angle,bilateral posterior and left lateral costophrenic angles,1
blunting of costophrenic angle,"right posterior costophrenic sulcus, possibly bilateral",1
blunting of costophrenic angle,right greater than left posterior costophrenic angles,1
blunting of costophrenic angle,left and right costophrenic sinuses,1
blunting of costophrenic angle,posterior right,1
blunting of costophrenic angle,left cardiophrenic angle,1
blunting of costophrenic angle,right greater than left costophrenic angles,1
blunting of costophrenic angle,lateral pleural sinuses,1
blunting of costophrenic angle,"left costophrenic angle, right costophrenic angle",1
blunting of costophrenic angle,lateral costophrenic sulci,1
blunting of costophrenic angle,both sides,1
blunting of costophrenic angle,paratracheal,1
blunting of costophrenic angle,one of the posterior right costophrenic angles,1
blunting of costophrenic angle,lateral and posterior costophrenic angles,1
blunting of costophrenic angle,both posterior costophrenic angles,1
blunting of costophrenic angle,left posterior costophrenic angles,1
blunting of costophrenic angle,posterior left costophrenic sulcus,1
blunting of costophrenic angle,posterior 1 costophrenic angle,1
blunting of costophrenic angle,posterior pleural sulcus,1
blunting of costophrenic angle,cardiophrenic angles,1
blunting of costophrenic angle,right and left posterior costophrenic angles,1
blunting of costophrenic angle,left lateral pleural sulcus,1
blunting of costophrenic angle,right costophrenic angle base,1
calcification,aortic knob,449
calcification,aortic arch,442
calcification,thoracic aorta,378
calcification,aorta,243
calcification,none,69
calcification,mitral annulus,51
calcification,right upper lobe,25
calcification,right mid lung,20
calcification,left upper lobe,19
calcification,right lower lobe,18
calcification,bilateral pleura,18
calcification,right lung base,18
calcification,pleural,17
calcification,bilateral pleural plaques,16
calcification,left lower lobe,15
calcification,aortic,14
calcification,thoracic aorta arch,13
calcification,pleural plaques,13
calcification,mitral annular,12
calcification,costochondral,12
calcification,right upper lung,12
calcification,right lung apex,11
calcification,left lung base,11
calcification,left upper lung,11
calcification,left mid lung,10
calcification,aortic valve,10
calcification,right apical,9
calcification,tracheobronchial tree,9
calcification,right lung,9
calcification,descending aorta,8
calcification,left lung apex,8
calcification,along the aortic arch,7
calcification,hilar lymph nodes,7
calcification,descending thoracic aorta,7
calcification,left upper quadrant,7
calcification,aortic arch and descending thoracic aorta,7
calcification,aorta knob,7
calcification,mediastinal lymph nodes,7
calcification,coronary artery,7
calcification,right lower lung,7
calcification,left hilum,7
calcification,vascular,6
calcification,thoracic aorta arch wall,6
calcification,left base,6
calcification,pleura,6
calcification,mitral anulus,6
calcification,left lung,6
calcification,pericardium,6
calcification,ascending thoracic aorta,6
calcification,arch of the aorta,6
calcification,left hemithorax,5
calcification,aortic arch wall,5
calcification,lungs,5
calcification,right apex,5
calcification,costochondral junction,5
calcification,arch,5
calcification,right pleura,5
calcification,aortic arch and descending aorta,4
calcification,ascending aorta,4
calcification,coronary arteries,4
calcification,mediastinal and hilar lymph nodes,4
calcification,right hemithorax,4
calcification,right breast,4
calcification,abdominal aorta,4
calcification,left apex,4
calcification,mitral valve annulus,4
calcification,aortic wall,4
calcification,right hilum,4
calcification,right paratracheal region,4
calcification,right paratracheal,4
calcification,right upper quadrant,4
calcification,bilateral lungs,4
calcification,mediastinum,4
calcification,anterior longitudinal ligament,4
calcification,along the aorta,4
calcification,lung apices,3
calcification,throughout the aorta,3
calcification,aortopulmonary window,3
calcification,right middle lobe,3
calcification,diffuse thoracic aorta,3
calcification,right lower lung zone,3
calcification,coronary,3
calcification,left humeral head,3
calcification,left chest wall,3
calcification,bilateral pleural,3
calcification,right midlung,3
calcification,left apical,3
calcification,thyroid nodule,3
calcification,bilateral lung apices,3
calcification,left mid lung field,3
calcification,over the heart,3
calcification,right anterior first rib,3
calcification,right mid lung field,3
calcification,mediastinal nodes,3
calcification,arch of the thoracic aorta,3
calcification,left hilus,3
calcification,thyroid,3
calcification,aortic valvular,3
calcification,hilar and mediastinal lymph nodes,3
calcification,left lung laterally,2
calcification,right pleural,2
calcification,costochondral cartilage,2
calcification,thoracic aortic arch,2
calcification,right infrahilar region,2
calcification,spleen,2
calcification,left axilla,2
calcification,aortic knob and descending aorta,2
calcification,left shoulder,2
calcification,right mid lung zone,2
calcification,aortic knuckle,2
calcification,"thoracic aorta, head and neck vessels, coronary arteries",2
calcification,coracoclavicular ligament region,2
calcification,right diaphragm,2
calcification,bilateral breasts,2
calcification,bilateral apical,2
calcification,mitral annulus and aortic arch,2
calcification,biapical,2
calcification,costochondral junctions,2
calcification,hilar,2
calcification,left glenohumeral joint,2
calcification,bilateral hilar lymph nodes,2
calcification,anterior mediastinal lymph nodes,2
calcification,arterial,2
calcification,right pleural plaque,2
calcification,left upper quadrant of the abdomen,2
calcification,bilateral breast implants,2
calcification,left upper lung field,2
calcification,right chest wall,2
calcification,upper lobes,2
calcification,pleural and diaphragmatic,2
calcification,aortic contour,2
calcification,both lungs,2
calcification,mediastinal contour,2
calcification,bilateral,2
calcification,lateral right mid lung,2
calcification,arch and descending thoracic aorta,2
calcification,aortic arch and tracheobronchial tree,2
calcification,mid left lung,2
calcification,right carotid artery,2
calcification,right mid to lower lung,2
calcification,thoracic spine,2
calcification,left apical region,2
calcification,aortic knob and descending thoracic aorta,2
calcification,right axillary,2
calcification,aortic arch region,2
calcification,superior mediastinum,2
calcification,aortic knob and aortic valve,2
calcification,thoracic aorta and mitral annulus,2
calcification,left basilar,2
calcification,right hilar,2
calcification,right apical region,2
calcification,upper mediastinum,2
calcification,adjacent to the left humeral head,2
calcification,mediastinal lymph node,2
calcification,bilateral hila,2
calcification,anterior longitudinal ligament of the thoracic spine,2
calcification,left breast,2
calcification,tracheobronchial,2
calcification,right costophrenic angle,2
calcification,right lung base laterally,2
calcification,mediastinal and hilar nodes,2
calcification,along the aortic knob,2
calcification,region of the aortic valve,2
calcification,valvular,2
calcification,along the arch of the aorta,2
calcification,mediastinal,2
calcification,aortic annulus,2
calcification,right hemidiaphragm,2
calcification,unfolded thoracic aorta,2
calcification,left hemi thorax,2
calcification,left upper hemithorax,2
calcification,left heart border,2
calcification,along the thoracic aorta,2
calcification,right upper to mid chest anterior subcutaneous soft tissue,2
calcification,hilar nodes,2
calcification,liver,2
calcification,paratracheal soft tissues,2
calcification,left perihilar,2
calcification,hila,2
calcification,left ventricular,2
calcification,left carotid artery,2
calcification,left hilar lymph nodes,2
calcification,left shoulder joint,1
calcification,aorta and arch vessels,1
calcification,right upper lobe and hila,1
calcification,left hilum region,1
calcification,below right hilum,1
calcification,inferior left hemidiaphragm,1
calcification,right humeral head lateral aspect,1
calcification,upper lobes of the lungs,1
calcification,left upper mid abdomen,1
calcification,greater tuberosity of left humerus,1
calcification,upper lungs (associated with granulomas),1
calcification,adjacent to the superolateral aspect of the right humeral head,1
calcification,left hilar nodes,1
calcification,adjacent to right humeral head,1
calcification,right upper lung above right second rib,1
calcification,bilateral apices,1
calcification,right coracoclavicular ligament region,1
calcification,left subpleural granulomas,1
calcification,right base pleura,1
calcification,cardiac valves,1
calcification,left pleural plaque,1
calcification,cardiomediastinal region,1
calcification,descending thoracic aorta and aortic arch,1
calcification,"left upper lung adjacent to aortic arch, aortic arch",1
calcification,left mid zone,1
calcification,lower right paratracheal region,1
calcification,"left hilar region, right lung base",1
calcification,peripheral splenic cyst,1
calcification,right upper to mid lung,1
calcification,ascending aorta and arch,1
calcification,bilateral granulomas and left hilar lymph nodes,1
calcification,aortic arch and abdominal aorta,1
calcification,aortic arch and left hilum,1
calcification,descending thoracic aorta and right breast soft tissues,1
calcification,pleural plaques and aortic knob,1
calcification,right mid lung laterally,1
calcification,right mid zone laterally,1
calcification,right anterior 4th rib end,1
calcification,right upper quadrant hepatic,1
calcification,left neck,1
calcification,right subpleural,1
calcification,left hilar node,1
calcification,thoracic aorta and costochondral regions,1
calcification,"aortic arch, posterior right fourth rib",1
calcification,left lower lobe and aortic knob,1
calcification,coracoclavicular region,1
calcification,posterior left upper quadrant (possible spleen or stomach),1
calcification,aortic arch and mitral valve,1
calcification,left hemidiaphragm,1
calcification,"central mediastinum, left mid lung, left lung apex, right upper lobe",1
calcification,right upper quadrant (suprarenal),1
calcification,right aspect of the carina,1
calcification,ascending portion and arch of thoracic aorta,1
calcification,left mid thorax,1
calcification,right lateral lower chest,1
calcification,"left mid lung, mediastinal lymph nodes",1
calcification,lateral right lower and left hemithorax,1
calcification,"right subclavian region soft tissues, bilateral pleura",1
calcification,thoracic spine anterior longitudinal ligament,1
calcification,both lung bases,1
calcification,aortic arch and costochondral cartilage,1
calcification,descending thoracic aorta knob,1
calcification,adjacent to superolateral aspect of left humerus,1
calcification,left renal outline,1
calcification,bilateral pleura and aortic arch,1
calcification,anterior chest (lateral view),1
calcification,liver dome,1
calcification,aorta and left humeral head,1
calcification,posterior left lower chest,1
calcification,left lower lung pleural,1
calcification,left lower zone,1
calcification,aortic arch and left hemi thorax,1
calcification,mitral valve annulus and aortic arch,1
calcification,right upper lung and aortic knob,1
calcification,biapical pleura,1
calcification,thoracic aorta and right breast implant,1
calcification,adjacent aortic arch,1
calcification,"left upper hemithorax, medial left clavicle, posterior medial left fifth rib",1
calcification,lower thoracic spine,1
calcification,heart,1
calcification,left mediastinum,1
calcification,right first rib costal cartilage region,1
calcification,costochondral regions and aortic arch,1
calcification,right axilla,1
calcification,descending aorta and aortic valve,1
calcification,right midlung field,1
calcification,left ventricular wall,1
calcification,bilateral pleura and aorta,1
calcification,lateral right midlung,1
calcification,right lower lung and aortic knob,1
calcification,right main stem bronchus and right hilus,1
calcification,right upper quadrant of the abdomen,1
calcification,aortic knob and right of midline,1
calcification,mitral valve,1
calcification,posterior costophrenic region,1
calcification,thoracic aorta wall at arch level,1
calcification,right lateral hemithorax,1
calcification,right thyroid lobe,1
calcification,mediastinum and hila,1
calcification,right upper hemithorax,1
calcification,left hemidiaphragmatic pleura,1
calcification,"bilateral lungs, right mid lung region, bilateral hilar and mediastinal lymph nodes",1
calcification,diffusely thoracic aorta,1
calcification,aortic knob and left base,1
calcification,mediastinum and hilar nodes,1
calcification,aortic bulb,1
calcification,"right lung apex, right scapula, posterior right 4th rib",1
calcification,eighth rib posteriorly,1
calcification,"medial left clavicle, posterior left 3rd-4th rib interspace",1
calcification,"right hilus lymph nodes, mitral annulus, aortic knob",1
calcification,infrahilar region,1
calcification,"left lung apex, aortic knob",1
calcification,peripheral aorta,1
calcification,left base and left hilar lymph nodes,1
calcification,mitral annulus and thoracic aorta,1
calcification,apical pleura and bilateral pulmonary nodules,1
calcification,right hilar lymph node,1
calcification,right lower lobe periphery,1
calcification,cardiac,1
calcification,left pleural plaques,1
calcification,"right ac joint, inferior to lateral clavicular head",1
calcification,anterior mediastinum,1
calcification,aortic vasculature,1
calcification,bilateral apical pleural,1
calcification,thoracic aorta and right paratracheal region,1
calcification,coronary arteries and aortic knob,1
calcification,right apical and right hilar regions,1
calcification,carotid bifurcation region,1
calcification,"left hemithorax, left costophrenic angle, thoracic aorta",1
calcification,"left lower lung, bilateral hilar",1
calcification,superior mediastinum (slightly right of midline) and right breast,1
calcification,right paratracheal hilar,1
calcification,"left lower lobe, left of eighth thoracic vertebra",1
calcification,left supraclavicular and mediastinal regions,1
calcification,left lower costophrenic sulcus,1
calcification,costochondral and thoracic aorta,1
calcification,right pulmonary hilum,1
calcification,descending thoracic aorta and apical regions,1
calcification,right juxtahilar region,1
calcification,"thoracic aorta, abdominal aorta, right subclavian artery, right axillary region",1
calcification,"right mid lung, right paratracheal nodes",1
calcification,left upper lobe and thoracic aorta,1
calcification,left shoulder adjacent,1
calcification,left aspect of mediastinum,1
calcification,left mid hemi thorax,1
calcification,thoracic vessels,1
calcification,aortic knob and thoracic descending aorta,1
calcification,thoracic aorta knob,1
calcification,left scapula,1
calcification,"right 4th and 5th ribs (medial, anterior aspect)",1
calcification,right mid zone lateral,1
calcification,"left mediastinal, heart (mitral annular)",1
calcification,"right apical, right paratracheal and right hilar regions",1
calcification,bilateral lung bases,1
calcification,left suprahilar and hilar regions,1
calcification,left upper abdomen and left lower lung,1
calcification,subcutaneous tissues,1
calcification,mitral ring,1
calcification,left coracoclavicular ligament region,1
calcification,right greater tuberosity,1
calcification,"bilateral mid lungs, pleural plaques",1
calcification,right upper zone,1
calcification,right breast and right apex,1
calcification,right seventh rib and thoracic aorta,1
calcification,left upper lung posteriorly,1
calcification,right acromioclavicular joint,1
calcification,"upper lungs, right lung apex, costochondral region",1
calcification,"left lung apex, bilateral upper lungs",1
calcification,"aortic arch, mitral annular, coronary arteries",1
calcification,ribs,1
calcification,right axillary nodes,1
calcification,left upper margin of fourth rib,1
calcification,right lung base and subcarinal region,1
calcification,right 1st rib costochondral,1
calcification,right lung base and aortic arch,1
calcification,right,1
calcification,both lung apices,1
calcification,mid thoracic spine intervertebral discs,1
calcification,anterior mediastinum right of midline,1
calcification,base of the right lung,1
calcification,anterior medial right middle lobe,1
calcification,neck,1
calcification,"left lower lung field, aorta",1
calcification,"left upper lobe, right pleura",1
calcification,ap view window,1
calcification,coronary artery (lad) and aortic valve,1
calcification,right 8th rib inferior costal cartilage,1
calcification,left lung apex and thoracic aorta,1
calcification,suspected pancreatic region,1
calcification,"mitral annulus, aortic arch",1
calcification,left anterior mediastinum,1
calcification,right apicolateral,1
calcification,adjacent to right heart border,1
calcification,anterior longitudinal ligament of thoracic spine,1
calcification,"left lower lobe, superior segment",1
calcification,right upper and mid lung,1
calcification,left lower lobe periphery,1
calcification,anterior subcutaneous tissues over right lung,1
calcification,right hilar lymph nodes,1
calcification,"left axilla, right upper chest",1
calcification,bilateral hilar,1
calcification,"right hemidiaphragm, ap window region",1
calcification,left upper hemithorax periphery and left hemidiaphragm contours,1
calcification,superior to left humerus greater tuberosity,1
calcification,right glenohumeral joint recess,1
calcification,mitral annulus and aortic valve,1
calcification,paratracheal lymph node,1
calcification,aortic valve area and ascending aorta,1
calcification,aortic arch and left upper hemithorax anterior thoracic wall,1
calcification,soft tissues adjacent to right scapula and right humeral neck,1
calcification,"aortic knob, left upper lobe, left hilar lymph nodes",1
calcification,right hemithorax pleura,1
calcification,aorta and left axilla,1
calcification,anterior aspect of multiple intervertebral disc spaces,1
calcification,mediastinal and perihilar lymph nodes,1
calcification,bilateral subdeltoid bursae,1
calcification,mediastinum and left apex,1
calcification,"lateral right lung base, right lung apex medially",1
calcification,mediastinum and hilar regions,1
calcification,carotid artery,1
calcification,diffuse aorta,1
calcification,right neck,1
calcification,upper abdomen and lower chest,1
calcification,right hilus and parenchymal nodules,1
calcification,"valvular annulus, bilateral hilar regions",1
calcification,"mediastinal and hilar lymph nodes, aortic knob",1
calcification,right upper chest pleural,1
calcification,bilateral chest,1
calcification,"right lateral ribs, right breast lateral aspect",1
calcification,right shoulder inferior to glenohumeral joint,1
calcification,bilateral diaphragms,1
calcification,"right lung base, right basal pleura, left glenoid medial",1
calcification,"bilateral, thoracic aorta, coronary artery",1
calcification,"left apex, thoracic aorta",1
calcification,calcified pleural plaques (adjacent parenchymal),1
calcification,bilateral breast implants (peripheral) and mediastinum,1
calcification,left mid and lower lungs,1
calcification,posterior right 6th rib,1
calcification,right lung bases,1
calcification,bilateral lungs and aortic knob,1
calcification,aortic arch and mediastinal nodes,1
calcification,left basilar pulmonary,1
calcification,breast,1
calcification,aortic arch and left axillary soft tissue,1
calcification,aortic knob and mediastinal contours,1
calcification,left mid to upper lung,1
calcification,adjacent to the right lower lobe,1
calcification,mediastinal hilar nodes,1
calcification,"aortic knob, mediastinal and hilar lymph nodes",1
calcification,inferior to right coracoid process,1
calcification,distal right clavicle area,1
calcification,aortic knob region,1
calcification,over the right heart,1
calcification,posterior right fourth rib,1
calcification,biapical pleural,1
calcification,left pleura and anterior longitudinal ligament of thoracic spine,1
calcification,right hilum and right hilar structures,1
calcification,"right paratracheal region, aortic knob, right lower lung",1
calcification,aortic arch and left anterior second rib,1
calcification,left hilar region,1
calcification,left hilum and aortic arch,1
calcification,posterior left ventricle,1
calcification,bilateral lungs and aortic arch,1
calcification,left apical pleura,1
calcification,right lateral to mid cervical spine,1
calcification,lateral left hemithorax,1
calcification,right costochondral cartilage,1
calcification,thoracic knob,1
calcification,tracheal bronchial wall,1
calcification,"aortic knob, left axillary lymph nodes",1
calcification,"bilateral diaphragms, left hemithorax, left 8th posterior rib",1
calcification,"aortic arch, abdominal aorta",1
calcification,"left upper lung, left lung apex",1
calcification,right mid lung region,1
calcification,left mid lung region,1
calcification,bilateral pleura (right and left apical),1
calcification,right fifth anterior rib,1
calcification,pleural surfaces at lung apices,1
calcification,lower lobes (left greater than right),1
calcification,thoracic aorta wall,1
calcification,right chest wall lateral,1
calcification,left retrocardiac region,1
calcification,mediastinal and hilar,1
calcification,diffuse aorta and biapical,1
calcification,aorta and valvular ring,1
calcification,apices,1
calcification,prevascular region of mediastinum,1
calcification,"left lateral aspect of upper neck, carotid artery",1
calcification,"right upper lung, right hilar lymph nodes",1
calcification,lateral right chest wall,1
calcification,left rib cartilage adjacent to vertebral column and above left hemidiaphragm,1
calcification,left pleural base,1
calcification,left costophrenic angle and mitral annulus,1
calcification,left upper abdomen,1
calcification,costochondral multiple levels,1
calcification,left breast soft tissue,1
calcification,bilateral diaphragmatic and pleural plaques,1
calcification,"left heart, aortic arch",1
calcification,bilateral pulmonary parenchyma,1
calcification,right upper lung zone peripherally,1
calcification,"right lung apex, posterior right third rib medially",1
calcification,bilateral upper lobe,1
calcification,wall of aorta at arch level,1
calcification,posterolateral right 9th rib,1
calcification,mediastinum and right hilus,1
calcification,thoracic aorta and bilateral lungs,1
calcification,left eighth rib,1
calcification,right mediastinal node,1
calcification,vascular structures,1
calcification,left lateral lung base,1
calcification,bilateral breast,1
calcification,both hila and mediastinum,1
calcification,bilateral pleural bases,1
calcification,left pleural and basilar pleural/diaphragmatic,1
calcification,"aortic arch, right lateral lung apex",1
calcification,right chest base,1
calcification,origin of the great vessels,1
calcification,"thoracic aorta wall, mostly at the level of the arch",1
calcification,left heart,1
calcification,region of the carotid bifurcations bilaterally,1
calcification,lateral side of the chest,1
calcification,right midzone,1
calcification,mid heart,1
calcification,left lingula,1
calcification,"left lung apex, medial to the first rib",1
calcification,along the arch,1
calcification,right mid lung between the right fifth and sixth posterior rib arch,1
calcification,left sternoclavicular joint,1
calcification,right scapula,1
calcification,"mitral annulus, aortic knob",1
calcification,intraabdominal descending aorta,1
calcification,left midlung,1
calcification,within the aorta,1
calcification,along the course of the thoracic aorta,1
calcification,anterior right first rib,1
calcification,bilateral mediastinal and hilar lymph nodes,1
calcification,aorta wall,1
calcification,mid zones,1
calcification,lateral right lung base,1
calcification,lingula,1
calcification,right middle lobe granuloma,1
calcification,right third rib,1
calcification,anterior soft tissues (lateral view),1
calcification,left anterior descending artery,1
calcification,right ninth rib,1
calcification,aortic valve and coronary artery,1
calcification,thoracic and abdominal aorta,1
calcification,anterior second right rib,1
calcification,aortico pulmonary window,1
calcification,lateral right lower lung,1
calcification,right scapular region,1
calcification,right upper lung field,1
calcification,left lower lateral lung,1
calcification,left lower lobe posterior basal segment,1
calcification,right posterior rib end just to the left of midline,1
calcification,right lower rib costochondral junction,1
calcification,aortic arch and upper abdominal aorta,1
calcification,apex,1
calcification,"left lung, right lung",1
calcification,retrosternal region,1
calcification,arch of thoracic aorta,1
calcification,"aortic knob, extensive costochondral",1
calcification,right heart border,1
calcification,thoracic aorta arch level,1
calcification,anterior upper abdominal soft tissue,1
calcification,"right inferior pleural margin, hilar lymph nodes",1
calcification,proximal humerus on the right,1
calcification,"right mid zone, left lower zone",1
calcification,"aortic arch, lower thoracic aorta",1
calcification,left anterior third rib,1
calcification,"right paratracheal region, costochondral junctions",1
calcification,bilateral granulomas,1
calcification,"mediastinal and hilar, multiple granulomas",1
calcification,left fifth posterior and third anterior rib,1
calcification,left axillary soft tissue,1
calcification,aorta and thoracic branch vessels,1
calcification,in the area of the liver,1
calcification,apical region,1
calcification,right upper quadrant of the abdomen /right lung base,1
calcification,right upper lung medially,1
calcification,"head and neck vessels such as the aorta, bilateral subclavian vessels, and carotids",1
calcification,right-sided aorta,1
calcification,left-sided mediastinal and left hilar lymph nodes,1
calcification,right lower lung field (associated with granuloma),1
calcification,right and left carotid artery,1
calcification,"aortic, right 2nd rib anteriorly",1
calcification,left hemithorax (descending aorta),1
calcification,left hemithorax (underneath the sixth posterior rib),1
calcification,left atrium,1
calcification,each hilum and the aortopulmonary window,1
calcification,left lung (in the context of granuloma speculation),1
calcification,adjacent to the left scapula,1
calcification,"bilateral costochondral region, right",1
calcification,right carotid,1
calcification,region of the subclavian arteries bilaterally,1
calcification,diffuse,1
calcification,"aortic knob, perihilar region (left greater than right)",1
calcification,splenic artery,1
calcification,along the unfolded thoracic aorta,1
calcification,throughout the thoracic aorta,1
calcification,medial left clavicle and anterior left first rib,1
calcification,adjacent to the humeral head,1
calcification,granulomatous nodular,1
calcification,left neck (overlying carotid artery),1
calcification,"left cardiac silhouette, anterior left sixth rib",1
calcification,valves,1
calcification,lateral left mid lung,1
calcification,lower thoracic vertebral body,1
calcification,left aortic knob,1
calcification,left upper lung apex,1
calcification,right eighth posterior rib,1
calcification,aortopulmonary window lymph node,1
calcification,right pleural cavity,1
calcification,valvular annulus projecting over the cardiac silhouette,1
calcification,left hilar lymph node,1
calcification,hilar/mediastinal nodes,1
calcification,left diaphragmatic pleural surface,1
calcification,"lateral left lower hemi thorax, right upper hemi thorax",1
calcification,bi-apical,1
calcification,left hilar/mediastinal,1
calcification,right first rib costochondral junction,1
calcification,anterior lungs,1
calcification,region of the pancreatic tail,1
calcification,left circumflex coronary artery,1
calcification,anterior aspect of the thoracic spine,1
calcification,"thoracic aorta, right neck, right infraclavicular region",1
calcification,both apices,1
calcification,anterior right sixth rib,1
calcification,hilum,1
calcification,right apical pleura,1
calcification,subclavian and axillary arteries,1
calcification,left hilar,1
calcification,right anterior portion of the fourth right rib,1
calcification,right lower paratracheal region,1
calcification,right fourth anterior rib cartilage,1
calcification,right shoulder region,1
calcification,internal carotid artery,1
calcification,diaphragmatic pleura,1
calcification,"left hemidiaphragm, posterior left upper quadrant",1
calcification,left subdiaphragmatic space,1
calcification,lymph nodes,1
calcification,diaphragmatic and pleural surfaces,1
calcification,bilateral lower lateral pleural zones,1
calcification,aortic valve region,1
calcification,"mediastinum, aortopulmonary window",1
calcification,left pleura,1
calcification,left lateral neck soft tissues,1
calcification,left humerus,1
calcification,upper lungs,1
calcification,superior to right hilus,1
calcification,pleural and diaphragmatic regions,1
calcification,left below anterior aspect of first rib,1
calcification,aortic arch and aortic valve,1
calcification,right posterior tenth rib,1
calcification,left base medially,1
calcification,anterior aspect of the heart,1
calcification,right diaphragmatic surface,1
calcification,"bilateral pulmonary nodules, bilateral hilar and mediastinal lymph nodes",1
calcification,cardiac apex,1
calcification,right hilus lymph nodes,1
calcification,right second rib,1
calcification,left perihilar region,1
calcification,"right heart border, anterior right 4th rib and interspace",1
calcification,left and right lung apex,1
calcification,pulmonary outflow tract,1
calcification,right thyroid nodule,1
calcification,proximal thoracic aorta,1
calcification,left midlung and left hilar lymph nodes,1
calcification,right rotator cuff tendons,1
calcification,"right lung apex, mediastinum, right hilum",1
calcification,"left suprahilar region, left hilar nodes",1
calcification,"left mid lung, left hilar",1
calcification,apical myocardial pericardium,1
calcification,right humerus greater tuberosity,1
calcification,prevascular or internal mammary lymph node,1
calcification,mediastinal and left hilar lymph nodes,1
calcification,paratracheal and mediastinal lymph nodes,1
calcification,central and peripheral,1
calcification,right of trachea just above thoracic inlet,1
calcification,widespread pleural,1
calcification,aortic wall at the arch level,1
calcification,"left mid neck, carotid bifurcation region",1
calcification,left mid lung zone,1
calcification,"aortic knob, mid thoracic vertebrae, left costophrenic angle",1
calcification,diaphragmatic surface,1
calcification,inferior to the right glenohumeral joint,1
calcification,ascending aorta and aortic arch,1
calcification,aortopulmonic window,1
calcification,pleural plaques and adjacent parenchymal scarring,1
calcification,prevascular station of mediastinum,1
calcification,aortic arch intima,1
calcification,"left heart, spleen",1
calcification,right perihilar region,1
calcification,left pleural,1
calcification,left low carotid bifurcation region,1
calcification,right fourth anterior rib,1
calcification,apical pleural surfaces bilaterally,1
calcification,posterior right hemidiaphragm,1
calcification,"mediastinal lymph nodes, aortic annulus, coronary arteries",1
calcification,"left upper quadrant, potentially within spleen",1
calcification,lower neck,1
calcification,aortic annulus and mitral annulus,1
calcification,right sternal aspect,1
calcification,aortic valve and thoracic aorta,1
calcification,proximal coronary artery,1
calcification,left lung bases,1
calcification,biapical pleural plaques and aorta,1
calcification,focal mediastinal,1
calcification,left common and internal carotid arteries,1
calcification,bilateral diaphragmatic and pleural,1
calcification,right upper lung zone,1
calcification,right base and right apex,1
calcification,right clavicle head,1
calcification,upper lobe,1
calcification,aortic valve and aortic annulus,1
calcification,aortic arch origin of head and neck vessels,1
calcification,left-sided pleura and basilar pleura,1
calcification,right aortic arch,1
calcification,cardiac valve (likely aorta),1
calcification,pulmonary,1
calcification,bilateral pleural and diaphragmatic plaques,1
calcification,breast implants,1
calcification,diffuse anterior soft tissues,1
calcification,left thyroid lobe,1
calcification,bilateral pleura and thoracic aorta,1
calcification,both carotids and descending thoracic aorta,1
calcification,right shoulder,1
calcification,right lung nodules,1
calcification,"left axilla, left humeral head",1
calcification,aortic wall at aortic arch level,1
calcification,"bilateral aorta, subclavian and carotid arteries",1
calcification,apical pleural,1
calcification,bilateral carotid arteries,1
calcification,thoracic aorta and proximal head-neck vessels,1
calcification,"mediastinal lymph nodes, right lung",1
calcification,lung and hilar lymph nodes,1
calcification,costochondral and aorta,1
calcification,superimposed upon the liver,1
calcification,left lung (possibly pleura),1
calcification,"aortic valve, aortic annulus, thoracic aorta, major head/neck vessels",1
calcification,left axillary region,1
calcification,right base,1
calcification,granulomatous lymph nodes,1
calcification,aortic knob and right base pleura,1
calcification,"mitral annulus, aortic valve, coronary arteries",1
calcification,retrosternal at sternomanubrial junction,1
calcification,biapical pleural region,1
calcification,"right upper quadrant, inferior aspect",1
calcification,mediastinal node,1
calcification,mediastinum and thoracic aorta,1
calcification,"left upper lobe, left mid lung",1
calcification,bilateral apical regions,1
calcification,both lungs and right lung base,1
calcification,posterior to trachea at aortic arch level,1
calcification,anterior mediastinum or anterior lungs,1
calcification,right first costosternal junction,1
cardiomegaly,none,5915
cardiomegaly,heart,1159
cardiomegaly,cardiac silhouette,739
cardiomegaly,left ventricle,63
cardiomegaly,cardiac,60
cardiomegaly,left atrium,14
cardiomegaly,cardiomediastinal silhouette,5
cardiomegaly,heart (left ventricular predominance),4
cardiomegaly,cardiomediastinal,3
cardiomegaly,cardiomediastinum,3
cardiomegaly,right heart border,3
cardiomegaly,mediastinum,3
cardiomegaly,left ventricle and left atrium,2
cardiomegaly,left heart,2
cardiomegaly,cardiac region,2
cardiomegaly,right heart,2
cardiomegaly,"left ventricle, left and posterior",2
cardiomegaly,cardiac silhouette (left ventricular predominance),2
cardiomegaly,cardiac contour,2
cardiomegaly,right and left ventricles,2
cardiomegaly,global,2
cardiomegaly,right side,2
cardiomegaly,biventricular,2
cardiomegaly,left ventricular,2
cardiomegaly,cardiac silhouette with left ventricular prominence,2
cardiomegaly,"cardiac silhouette, left atrium",1
cardiomegaly,left ventricular predominance,1
cardiomegaly,cardia silhouette,1
cardiomegaly,cardiac silhouette with left ventricular configuration,1
cardiomegaly,heart (dextro positioning),1
cardiomegaly,cardiac silhouette (left ventricular configuration),1
cardiomegaly,left atrial contour,1
cardiomegaly,left ventricle prominent to the left,1
cardiomegaly,right cardiac silhouette,1
cardiomegaly,both left and right parts of the heart,1
cardiomegaly,cardiomediastinal region,1
cardiomegaly,both right and left heart,1
cardiomegaly,posterior cardiac border,1
cardiomegaly,cardiac chambers,1
cardiomegaly,"cardiac silhouette, left ventricular predominance",1
cardiomegaly,cardiac silhouette and main pulmonary artery segment,1
cardiomegaly,borderline size of the cardiac silhouette,1
cardiomegaly,right lung bases,1
cardiomegaly,left ventricle - predominant,1
cardiomegaly,mediastinal,1
cardiomegaly,central,1
cardiomegaly,ap window,1
cardiomegaly,global heart,1
cardiomegaly,poly chamber heart,1
cardiomegaly,left ventricular prominence,1
cardiomegaly,low lung volumes,1
cardiomegaly,heart (left ventricular prominence),1
cardiomegaly,left atrial appendage,1
cardiomegaly,posterior cardiac contour,1
cardiomegaly,predominantly biatrial,1
cardiomegaly,left atrium and ventricle,1
cardiomegaly,predominantly right ventricular,1
cardiomegaly,heart (left atrial and right atrioventricular dilatation),1
cardiomegaly,right ventricle,1
consolidation,left lower lobe,255
consolidation,none,162
consolidation,right lower lobe,156
consolidation,right upper lobe,66
consolidation,right lung base,63
consolidation,left lung base,59
consolidation,bibasilar,41
consolidation,right middle lobe,40
consolidation,right base,38
consolidation,left base,36
consolidation,retrocardiac,31
consolidation,right lung,29
consolidation,left basilar,26
consolidation,left lung,25
consolidation,retrocardiac region,24
consolidation,left upper lobe,23
consolidation,right lower lung,22
consolidation,right basilar,20
consolidation,left retrocardiac,20
consolidation,bilateral lungs,19
consolidation,left lower lung,19
consolidation,right basal,17
consolidation,bilateral,16
consolidation,bilateral lung bases,16
consolidation,lingula,14
consolidation,bilateral bases,14
consolidation,bilateral basal regions,14
consolidation,bilateral lower lobes,14
consolidation,bilateral lower lobe,12
consolidation,left perihilar,11
consolidation,right upper lung,11
consolidation,left basal,11
consolidation,bilateral basilar,10
consolidation,left base retrocardiac,10
consolidation,right infrahilar,9
consolidation,bilateral basal,9
consolidation,right mid and lower lung,7
consolidation,right mid lung,7
consolidation,bilateral basilar regions,7
consolidation,lower lobe,7
consolidation,left perihilar region,7
consolidation,right,6
consolidation,lung bases,6
consolidation,right perihilar,6
consolidation,lower lungs,6
consolidation,lungs,6
consolidation,bilateral bibasilar,6
consolidation,left retrocardiac region,6
consolidation,right middle and lower lobes,5
consolidation,left,5
consolidation,right medial lung base,5
consolidation,both lung bases,5
consolidation,right suprahilar,5
consolidation,left mid and lower lung,5
consolidation,"right upper lobe, left lower lobe",5
consolidation,bases,5
consolidation,left infrahilar,5
consolidation,left midlung,4
consolidation,right apical,4
consolidation,"right middle lobe, left lower lobe",4
consolidation,left mid lung,4
consolidation,left basal lobe,4
consolidation,right mid to lower lung,3
consolidation,right hilum,3
consolidation,"right middle lobe, right lower lobe",3
consolidation,right basilar region,3
consolidation,left lingula,3
consolidation,basilar,3
consolidation,left mid-to-lower lung,3
consolidation,left upper zone,3
consolidation,lingular lobe,3
consolidation,right infrahilar region,3
consolidation,right middle and right lower lobes,3
consolidation,right-sided,3
consolidation,focal,3
consolidation,lower lobes,3
consolidation,right lung apex,3
consolidation,bilateral basal lobes,3
consolidation,retrocardiac area,3
consolidation,bilateral multifocal areas,2
consolidation,right perihilar region,2
consolidation,right lower lobe posterior segment,2
consolidation,left mid lung field,2
consolidation,right basal lobe,2
consolidation,right middle lobe and right lower lobe,2
consolidation,right upper zone,2
consolidation,adjacent to left basal,2
consolidation,left mid and lower lung fields,2
consolidation,"left perihilar, lingula and left upper lobe",2
consolidation,left retrocardiac space,2
consolidation,left upper lung zone,2
consolidation,multifocal,2
consolidation,left heart border,2
consolidation,right heart border,2
consolidation,left retrocardiac area,2
consolidation,lingular,2
consolidation,medial right middle lobe,2
consolidation,right middle lobe lateral segment,2
consolidation,left lower lobe superior segment,2
consolidation,right upper and middle lobe,2
consolidation,lower lung,2
consolidation,bilateral perihilar,2
consolidation,inferior lingula,2
consolidation,right basilar and right upper lung,2
consolidation,right retrocardiac region,2
consolidation,multifocal lungs,2
consolidation,left lower lobe medial aspect,2
consolidation,lingula and right upper lobe,2
consolidation,right apex,2
consolidation,infrahilar,2
consolidation,right lower lobe superior segment,2
consolidation,left mid to lower lung,2
consolidation,right lower lobe posteriorly,2
consolidation,right upper lobe medial,2
consolidation,right lower lobe medial,2
consolidation,left basilar retrocardiac,2
consolidation,right upper lobe anterior segment,2
consolidation,bilateral upper lung regions,2
consolidation,left lingular lobe,2
consolidation,majority of right lung,2
consolidation,left suprahilar,2
consolidation,right upper lobe posterior segment,2
consolidation,lower thoracic spine,2
consolidation,not specified,2
consolidation,right mid lung laterally,2
consolidation,right lung bases,2
consolidation,medial right lower lobe,2
consolidation,both lower lobes,2
consolidation,medial right lower lung,2
consolidation,bibasal,2
consolidation,left hemidiaphragm,2
consolidation,left apical,2
consolidation,bilateral basal segments,2
consolidation,left mid lung laterally,2
consolidation,right base medially,2
consolidation,bibasilar airspaces,2
consolidation,right lung and left lower lobe,2
consolidation,right suprahilar region,2
consolidation,bibasilar lungs,2
consolidation,right upper and lower lobes,2
consolidation,left adjacent to pleural effusion,2
consolidation,right middle and lower lobe,2
consolidation,bilateral basilar segments,2
consolidation,bilateral lower lung,2
consolidation,lower right lung,1
consolidation,left mid to upper lung,1
consolidation,left posterior costophrenic sulcus,1
consolidation,right juxtahilar region,1
consolidation,"right lower lobe, left mid and lower lung",1
consolidation,left base/retrocardiac,1
consolidation,bilateral alveoli,1
consolidation,left base and left lower lung,1
consolidation,mid upper lungs,1
consolidation,left paracardiac border,1
consolidation,"right infrahilar region (predominantly right lower lobe posterior aspect, possible right middle lobe involvement)",1
consolidation,retrocardiac and left basilar,1
consolidation,mid and lower lungs,1
consolidation,left mid and lower lung region,1
consolidation,lingula and left upper lobe,1
consolidation,medial right base,1
consolidation,"left lower lobe, right lower lobe, right mid lung, likely upper lobe",1
consolidation,left lower lobe superior segment posterior,1
consolidation,right base and retrocardiac region,1
consolidation,"left base, right costophrenic angle",1
consolidation,"retrocardiac, biapical medial, right lower lobe",1
consolidation,right paramediastinal region (azygos lobe),1
consolidation,retrocardial,1
consolidation,right medial lung aspect,1
consolidation,adjacent to right heart border,1
consolidation,left mid and lower zones,1
consolidation,right hilus lower pole,1
consolidation,left mid zone,1
consolidation,right lower lobe and left lower lobe,1
consolidation,"left lower lobe, right lung",1
consolidation,left perihilar and bilateral central basilar regions,1
consolidation,left lower lobe anterior medial segment,1
consolidation,right lower lobe and right middle lobe,1
consolidation,"left base, retrocardiac space",1
consolidation,left basilar region,1
consolidation,left axillary region,1
consolidation,left midlung (lingula),1
consolidation,lower lobes (left greater than right),1
consolidation,"bilateral (left upper lung, right lower lung)",1
consolidation,"right upper and lower lobes, left lower lobe",1
consolidation,right lung base and left lung apex,1
consolidation,right retrocardiac,1
consolidation,bilateral alveoli (right greater than left),1
consolidation,bibasilar (left greater than right) and left perihilar,1
consolidation,left hilum,1
consolidation,peripheral right upper lobe,1
consolidation,left lower lung (possibly lingula),1
consolidation,left lower lobe retrocardiac region,1
consolidation,basal right lung,1
consolidation,posterior left lower lobe,1
consolidation,right infrahilar/right middle lobe,1
consolidation,"right lung, left lung base",1
consolidation,right lower and right middle lobe,1
consolidation,left lung adjacent to left pleural space,1
consolidation,anterior segment of left upper lobe,1
consolidation,right basilar anterior segment,1
consolidation,"right middle lobe, lateral aspect",1
consolidation,"right lower lung field, right middle lobe",1
consolidation,left retrocardiac adjacent region,1
consolidation,bilateral pulmonary,1
consolidation,right posterior lung,1
consolidation,bilateral upper lobe,1
consolidation,mid to lower right lung zones,1
consolidation,"right infrahilar region, right lower and middle lobes (multifocal)",1
consolidation,apical,1
consolidation,retrocardiac areas adjacent to pleural effusions,1
consolidation,left upper lobe and left retrocardiac,1
consolidation,left upper lung region,1
consolidation,left mid to upper zone,1
consolidation,right lower lobe medial basal segment,1
consolidation,right apical parenchyma,1
consolidation,medial left upper lobe,1
consolidation,right hemidiaphragm,1
consolidation,left juxta hilar region (left upper lobe and superior segment left lower lobe),1
consolidation,right alveolus,1
consolidation,right lower lobe subsegmental,1
consolidation,left lung base retrocardiac region,1
consolidation,right mid zone,1
consolidation,anterior segment of the right upper lobe,1
consolidation,lower spine,1
consolidation,right upper lobe apical posterior segment,1
consolidation,right and left lower lobes,1
consolidation,right mid and lower lung zones,1
consolidation,left and right lung bases,1
consolidation,bilateral diffuse airspaces,1
consolidation,"right upper lobe, right lower lobe, left lower lobe",1
consolidation,bilateral lung parenchyma,1
consolidation,right apicolateral,1
consolidation,bilateral lower lobes (left > right),1
consolidation,right hemithorax,1
consolidation,posterior region of lungs,1
consolidation,right perihilar and basilar,1
consolidation,"right middle lobe, lower lobe",1
consolidation,medial right lung base,1
consolidation,"left base, right lung base",1
consolidation,right base and bibasilar,1
consolidation,inferior right upper lobe,1
consolidation,left lower lobe (superior segment and basal posterior segments),1
consolidation,left hilus,1
consolidation,posterior right lower lobe,1
consolidation,"left hilum, left upper lobe",1
consolidation,lingula and left lower lobe,1
consolidation,left lung adjacent to left pleural effusion,1
consolidation,"right suprahilar region, anterior right first and second ribs",1
consolidation,right basal lung,1
consolidation,left lower lobe base,1
consolidation,lateral right upper lung,1
consolidation,"right upper and lower lobes, left upper and lower lobes",1
consolidation,right lung base and retrocardiac region,1
consolidation,right heart border and lower zones,1
consolidation,superior segment of left lower lobe,1
consolidation,left basal area,1
consolidation,"right lung (predominant), left lung",1
consolidation,"left infrahilar region, lingula",1
consolidation,middle lobe,1
consolidation,right lung (predominantly upper lobe),1
consolidation,"right middle lobe, right lower lobe, left lower lobe",1
consolidation,left posterior basilar segment,1
consolidation,right hemidiaphragm above,1
consolidation,right lower lobe retrocardiac,1
consolidation,"inferior lingula, right lower lobe",1
consolidation,left retrocardiac and basal,1
consolidation,right upper lobe inferolateral,1
consolidation,bilateral predominantly perihilar,1
consolidation,"right upper lobe, right apex, juxtahilar region",1
consolidation,"bilateral, left upper lobe, left lower lobe, right lung",1
consolidation,"upper lobes, rml and right lower lobe",1
consolidation,"left upper lobe, left perihilar region, right mid lung fields",1
consolidation,right upper lobe and right middle lobe,1
consolidation,"left lung base, basilar left lower lobe and lingular",1
consolidation,right upper and middle lobes,1
consolidation,left retrocardiac lung base,1
consolidation,"left lung apex, right lung apex",1
consolidation,left upper and lower lobes posterior aspects,1
consolidation,right lower lung/right cardiophrenic angle,1
consolidation,right bases,1
consolidation,left lower lobe retrocardiac,1
consolidation,left bases,1
consolidation,bilateral parenchyma,1
consolidation,"right azygos lobe, epihilar and paramediastinal",1
consolidation,"left lower lobe, retrocardiac region",1
consolidation,retrocardiac left lower lobe,1
consolidation,lateral right lower lobe,1
consolidation,bilateral mid upper lobes,1
consolidation,"bilateral lobes, right upper lobe",1
consolidation,"left upper lobe, left lower lobes",1
consolidation,bilateral lung fields,1
consolidation,right middle lobe on right base,1
consolidation,left lung (due to aspiration),1
consolidation,left lower lobe (infectious),1
consolidation,left lower lung zone,1
consolidation,retrocardiac space,1
consolidation,"right mid to lower lung, left retrocardiac region",1
consolidation,"left upper and lower lung fields, right lung base",1
consolidation,subtle underlying (right apical),1
consolidation,medial segment of the right lower lobe,1
consolidation,left and right bibasilar,1
consolidation,left lower hemithorax,1
consolidation,adjacent to large bulla,1
consolidation,left upper lobe/lingula,1
consolidation,bilateral left lower lobe,1
consolidation,left parenchymal,1
consolidation,left upper lung,1
consolidation,adjacent to the right heart border,1
consolidation,"left mid and lower lung, right lower medial lung",1
consolidation,widespread parenchyma,1
consolidation,bibasilar (right more than left),1
consolidation,upper lobes and right lower lobe,1
consolidation,mid right lung,1
consolidation,"left upper to mid lung, medial right mid to lower lung",1
consolidation,"right mid lung field, superior segment of the right lower lobe",1
consolidation,left and right lung parenchyma,1
consolidation,left lower lobe posteriorly,1
consolidation,posterior lung base (possibly right),1
consolidation,underlying in effusions,1
consolidation,upper lungs,1
consolidation,left lower lobe posterior basilar segment,1
consolidation,right lung and left base,1
consolidation,right upper lobe anterior segment and right middle lobe lateral,1
consolidation,right costophrenic angle,1
consolidation,right perihilar and left lower lobe,1
consolidation,both lower lungs,1
consolidation,right middle lobe and left lower lobe,1
consolidation,"right upper lobe, bibasilar",1
consolidation,left perihilar and right middle lobe,1
consolidation,right-sided regions,1
consolidation,multi focal pulmonary,1
consolidation,right medial basilar,1
consolidation,multifocal regions,1
consolidation,"left upper lung, right lower lung",1
consolidation,left basolateral lobe,1
consolidation,"bibasilar lungs, right greater than left",1
consolidation,"right upper lobe, bilateral lung bases",1
consolidation,retrocardiac lung regions,1
consolidation,"right lung, right upper lobe",1
consolidation,"bilateral basal regions, right",1
consolidation,left lingular and lower lobes,1
consolidation,widespread,1
consolidation,"left mid and lower lung, right mid and lower lung",1
consolidation,azygos lobe,1
consolidation,bibasilar regions,1
consolidation,"right lung base, right middle and lower lobes",1
consolidation,both lungs,1
consolidation,basilar lung regions,1
consolidation,right basal and left basal,1
consolidation,posterior costophrenic angle,1
consolidation,"right apex, right lung",1
consolidation,right parenchyma,1
consolidation,bilateral mid and lower lungs,1
consolidation,widespread lungs,1
consolidation,left perihilar and left basal,1
consolidation,"left lung apex, right lung base",1
consolidation,"bilateral lungs, left greater than right",1
consolidation,right mid and lower lobes,1
consolidation,bilateral basal lungs,1
consolidation,"right mid and lower lungs, left lower lobe",1
consolidation,right hilar,1
consolidation,left lower lobe and right perihilar,1
consolidation,left peripheral (adjacent to left apical pleura),1
consolidation,right midlung juxtahilar,1
consolidation,"bilateral parenchyma, right greater than left",1
consolidation,lateral to left heart border (possibly along spine),1
consolidation,lung bases and right upper lung,1
consolidation,"bilateral basilar regions, left side more prominent",1
consolidation,left upper lobe contiguous with major fissure,1
consolidation,basal,1
consolidation,lingular segment,1
consolidation,bilateral upper lobes,1
consolidation,left posterior chest,1
consolidation,left infrahilar region and left lower lobe,1
consolidation,right lung base and left lung base,1
consolidation,left mid lung perihilar,1
consolidation,left lung and right mid lung,1
consolidation,left lower lobe lateral,1
consolidation,behind enlarged heart,1
consolidation,"right basal, left basal",1
consolidation,right axillary region of lung,1
consolidation,"right lung (minor fissure, peripheral, right base)",1
consolidation,bibasilar (left greater than right),1
consolidation,right infrahilar peribronchial region,1
consolidation,bilateral infrahilar regions,1
consolidation,left retrocardiac and left upper lobe,1
consolidation,bilateral peribronchial (left > right),1
consolidation,right paramediastinal,1
consolidation,"left lung base, right lung base",1
consolidation,"bilateral, left lower hemi thorax",1
consolidation,right lower hemithorax,1
consolidation,right hilus lower pole and adjacent right lower lobe,1
consolidation,"bilateral lungs, right lower lobe more prominent",1
consolidation,left lower lung basis,1
consolidation,right alveolar region,1
consolidation,"bilateral bibasilar regions, right greater than left",1
consolidation,superior segment of right lower lobe,1
consolidation,right mid and lower lung zone,1
consolidation,right basilar airspace,1
consolidation,perihilar,1
consolidation,infrahilar left lung,1
consolidation,upper pole of right hilus,1
consolidation,left (associated with left-sided loculated pleural effusion),1
consolidation,"left lower lobe, right lower lobe",1
consolidation,global pulmonary,1
consolidation,"retrocardiac, lower thoracic spine",1
consolidation,right lower and upper lobes,1
consolidation,posterior basilar,1
consolidation,"right suprahilar, left perihilar lung, left lung base",1
consolidation,"upper lobe (on minor fissure, anterior to mid thoracic spine)",1
consolidation,right and left lungs,1
consolidation,left upper lobe and mid lung zone,1
consolidation,"bilateral perihilar, more pronounced in right lung",1
consolidation,right basal and left basal regions,1
consolidation,right bibasilar lungs,1
consolidation,juxta hilar regions,1
consolidation,right lower lobe infrahilar,1
consolidation,"right upper lobe, left perihilar region, right lower lobe",1
consolidation,behind left heart,1
consolidation,bilateral airspace,1
consolidation,"right lower lobe, left upper perihilar lung",1
consolidation,"bilateral basilar segments, right greater than left",1
consolidation,right cardiophrenic angle,1
consolidation,left lateral lung,1
consolidation,left base medially,1
consolidation,"left lung base, right basilar",1
consolidation,multiple focal regions,1
consolidation,right perihilar and lower lung,1
consolidation,right lung (remaining portion),1
consolidation,right mid lung lateral periphery,1
consolidation,right upper lobe and left lower lobe,1
consolidation,bilateral basal lung,1
consolidation,right midlung zone,1
consolidation,right medial base,1
consolidation,right area above hemidiaphragm,1
consolidation,lung bases medially,1
consolidation,"bilateral bibasilar, right lung, left midlung and lower lobe",1
consolidation,right upper lobe abutting minor fissure,1
consolidation,bilateral basal (right more prominent),1
consolidation,bilateral lower lobe bases,1
consolidation,right lower and middle lobe,1
consolidation,right lung apex and right lower lobe,1
consolidation,left middle and lower lobe,1
consolidation,left lower lobe and right middle lobe,1
consolidation,right hemidiaphragm posterior,1
consolidation,bilateral lower lung zones,1
consolidation,"left retrocardiac region, anterior cardiac silhouette",1
consolidation,all lobes of the right lung,1
consolidation,bilateral regions,1
consolidation,"left lung, lingula and possibly lower lobe",1
consolidation,central,1
consolidation,left mid to lower lung fields,1
consolidation,left lower chest,1
consolidation,right middle lung superior to minor fissure,1
consolidation,basilar lung,1
consolidation,right upper and mid lungs,1
consolidation,left lung (over tip of scalp),1
consolidation,left mid and upper zones,1
consolidation,left lower lobe posterior basal segment,1
consolidation,"left lung, infrahilar right lower lung",1
consolidation,right lung perihilar region and much of right lung,1
consolidation,right medial zone,1
consolidation,left lung apex and possibly right,1
consolidation,left lower lobe superior and posterior basal segments,1
consolidation,left upper and lower lobes,1
consolidation,right lower lung/cardiophrenic angle,1
consolidation,lateral right lung base,1
consolidation,left lower lobe and right lower lobe,1
consolidation,left base adjacent to left heart border,1
consolidation,left basal lung,1
consolidation,right mid-to-lower lung,1
consolidation,upper lungs and lung bases,1
consolidation,left upper lobe apex,1
consolidation,right upper lobe and right lower lung,1
consolidation,right upper lobe anterior and posterior segments,1
consolidation,"bilateral lower lung bases, left",1
consolidation,mid and lower left lung,1
consolidation,bilateral basilar lung,1
consolidation,posterior basilar segment,1
consolidation,right infrahilar lung,1
consolidation,"right basal, right upper lobe, left hilus",1
consolidation,"both upper lungs, right basal",1
consolidation,infrahilar left lower lobe,1
consolidation,infrahilar region,1
consolidation,"left lung (predominantly lower lobe), right infrahilar",1
consolidation,retrocardiac lung region,1
consolidation,"left upper and mid lung, predominantly apical, posterior and anterior segments of left upper lobe",1
consolidation,"bilateral basilar regions, left greater than right",1
consolidation,"left lower lobe, right upper lobe, right middle lobe, right lower lobe",1
consolidation,bilateral pleural regions,1
consolidation,right basilar lobe,1
consolidation,right side (underlying pleural effusion),1
consolidation,left mid and lower lungs,1
consolidation,"bilateral lower lungs, left greater than right",1
consolidation,left parenchyma,1
consolidation,right lung periphery,1
consolidation,right subjacent to pleural effusion,1
consolidation,"left mid-lower lung, right lower medial lung, retrocardiac",1
consolidation,"left lung, right lung",1
consolidation,left greater than right,1
consolidation,right hemi thorax,1
consolidation,left and infra-hilar,1
consolidation,right mid lung field,1
consolidation,"right lower lobe, left lower lobe",1
consolidation,right medial base/infrahilar,1
consolidation,bilateral lung bases (right more severe than left),1
consolidation,"right upper lobe, left lobe, both lung bases",1
consolidation,left perihilar areas and left upper lobe,1
consolidation,right posterior lung base,1
consolidation,right mid lung and bilateral lower lungs,1
consolidation,"lung bases, left greater than right",1
edema,none,2437
edema,pulmonary,415
edema,lungs,373
edema,interstitial,341
edema,bilateral lungs,159
edema,interstitial lung,121
edema,bilateral,77
edema,pulmonary vessels,77
edema,pulmonary interstitium,59
edema,perihilar,52
edema,lung,47
edema,left lung,38
edema,pulmonary interstitial,38
edema,central pulmonary,36
edema,bilateral interstitial,35
edema,right lung,34
edema,pulmonary vascular,27
edema,interstitial pulmonary,25
edema,bilateral perihilar,23
edema,upper zone,20
edema,pulmonary vasculature,19
edema,lung bases,18
edema,right lung base,16
edema,central,16
edema,central pulmonary vessels,15
edema,interstitium,13
edema,lower lungs,13
edema,hilar,12
edema,central pulmonary vasculature,10
edema,upper lung zones,10
edema,diffuse interstitial,10
edema,perihilar region,10
edema,diffuse lungs,10
edema,interstitial space,10
edema,interstitial lungs,10
edema,right lower lobe,10
edema,right,9
edema,left perihilar,9
edema,pulmonary and interstitial,9
edema,hila,8
edema,both lungs,8
edema,perihilar regions,7
edema,diffuse,7
edema,bilateral lung bases,7
edema,basilar,6
edema,lung interstitium,6
edema,left lower lobe,6
edema,right upper lobe,6
edema,asymmetric lungs,5
edema,hilar region,5
edema,bilateral interstitial lung,5
edema,diffuse pulmonary,5
edema,left,5
edema,bilateral lower lobes,5
edema,bilateral parenchyma,5
edema,bilateral lung parenchyma,5
edema,throughout the lungs,5
edema,bilateral bases,5
edema,bilateral pulmonary vessels,5
edema,right base,5
edema,right lower lung,4
edema,bilateral lung,4
edema,lung interstitial,4
edema,bilateral lung fields,4
edema,upper zones,4
edema,upper lobes,4
edema,bilateral interstitial lungs,4
edema,bibasilar,4
edema,bilateral hila,4
edema,left perihilar region,4
edema,bilateral interstitium,4
edema,basal,4
edema,left base,4
edema,right hemithorax,3
edema,perihilar and basilar,3
edema,perihilar interstitial,3
edema,pulmonary vascular bed,3
edema,upper zone vessels,3
edema,bilateral basilar,3
edema,pulmonary vascular system,3
edema,central pulmonary interstitium,3
edema,pulmonary vascular region,3
edema,bilateral hilar regions,3
edema,bilateral pulmonary,3
edema,bases,3
edema,generalized,3
edema,upper lungs,3
edema,bilateral lungs (right greater than left),3
edema,asymmetric,3
edema,bilateral airspaces,3
edema,bilateral hilum,2
edema,pulmonary vascular markings,2
edema,perihilar and basilar pulmonary vasculature,2
edema,hilar interstitial,2
edema,right mid and lower lung,2
edema,lower lobes,2
edema,bilateral hilar,2
edema,left upper lung,2
edema,bilateral lungs (predominantly right),2
edema,"right lower lung, left lung",2
edema,lower lung zones,2
edema,pulmonary veins,2
edema,bilateral pulmonary interstitium,2
edema,bilateral perihilar regions,2
edema,left lung base,2
edema,upper lobe pulmonary vessels,2
edema,bilaterally,2
edema,"bilateral lungs, right greater than left",2
edema,perihilar and pulmonary vasculature,2
edema,left greater than right lung,2
edema,right perihilar,2
edema,"right mid and lower lung, left lower lung",2
edema,lower lung,2
edema,vascular,2
edema,left lower lung,2
edema,widespread,2
edema,pulmonary and mediastinal,2
edema,pulmonary vascular regions,2
edema,perihilar lung regions,2
edema,perihilar and interstitial,2
edema,interstitial and pulmonary,2
edema,interstitial and alveolar lungs,2
edema,mediastinal and pulmonary,2
edema,perihilar and lower lobes,2
edema,hilar regions,2
edema,diffuse interstitial lung,2
edema,"right lung, left lung base",2
edema,central pulmonary vascular,2
edema,interstitial and alveolar,2
edema,lower extremities,1
edema,interstitium of each lung,1
edema,bilateral upper lobes,1
edema,facial,1
edema,bilateral perihilar interstitial regions,1
edema,right lower hemithorax,1
edema,pulmonary parenchyma,1
edema,bilateral pulmonary arteries,1
edema,perihilar hila,1
edema,hilar interstitial region,1
edema,peripheral interlobular septa,1
edema,bilateral hila and perihilar vessels,1
edema,upper lobe,1
edema,"bilateral lungs, left peripheral mid and lower lung zones",1
edema,bilateral lungs (left greater than right),1
edema,asymmetrical pulmonary regions,1
edema,lower lung vessels,1
edema,bilateral apical,1
edema,widespread lungs,1
edema,bronchovascular structures,1
edema,asymmetric pulmonary regions,1
edema,peripheral lung,1
edema,pulmonary vascular structures,1
edema,left lung bases,1
edema,diffuse interstitium,1
edema,dependent pulmonary regions,1
edema,interstitial and right lower lobe alveolar,1
edema,bilateral airspaces (right greater than left),1
edema,central pulmonary hila,1
edema,right greater than left lung fields,1
edema,hilar and interstitial,1
edema,interstitial and central pulmonary vessels,1
edema,upper zone interstitial,1
edema,"perihilar, mid and lower lungs",1
edema,"pulmonary vessels, upper lungs",1
edema,bilateral lungs (right predominant),1
edema,central veins,1
edema,interstitial and peribronchial regions,1
edema,upper and mid lung zones,1
edema,perihilar and upper zones of lungs,1
edema,interstitial or alveolar,1
edema,right lung interstitium,1
edema,"central pulmonary vessels, perihilar and bibasilar regions",1
edema,upper zone pulmonary vasculature,1
edema,hilar vascular and interstitial pulmonary,1
edema,bilateral diffuse airspace,1
edema,lung bases and right minor fissure,1
edema,left lateral chest wall,1
edema,lungs with fluid in fissures,1
edema,"hilar region, interstitial lung",1
edema,bilateral interstitial and perihilar,1
edema,lung bases (fissures and interstitial structures),1
edema,bilateral basal regions,1
edema,posterior to lower sternum,1
edema,bilateral upper vessels and hila,1
edema,most of the lungs,1
edema,general lung,1
edema,bilateral mid and lower lungs,1
edema,bilateral interstitial regions,1
edema,"central pulmonary, worse on left",1
edema,lung fields,1
edema,"bilateral parenchyma, hila",1
edema,bilateral lungs and hila,1
edema,diffuse lung fields,1
edema,bilateral lungs (left > right),1
edema,perihilar and peripheral lungs,1
edema,"bilateral lungs, right worse than left",1
edema,"perihilar regions, right greater than left",1
edema,bilateral hilar pulmonary vessels,1
edema,"both lung bases, retrocardiac lung areas",1
edema,diffuse pulmonary interstitium,1
edema,right lower lung laterally,1
edema,pulmonary interstitial and hilar,1
edema,peribronchial regions,1
edema,"pulmonary, left perihilar",1
edema,pulmonary vascularity,1
edema,generalized interstitial,1
edema,bilateral juxtahilar,1
edema,"right upper hemi-thorax, left lower lobe",1
edema,perihilar and lung bases,1
edema,pulmonary arteries,1
edema,right upper and lower lobes,1
edema,central bronchiovasculature,1
edema,bilateral medial lung bases,1
edema,bilateral central pulmonary interstitium,1
edema,perihilar and widespread interstitial,1
edema,"bilateral hila, pulmonary vessels",1
edema,"bilateral mid, lower lungs",1
edema,"lower lungs, left retrocardiac region",1
edema,predominantly basilar lungs,1
edema,lung parenchyma,1
edema,mid-to-lower lung,1
edema,"right interstitial, left lung base",1
edema,perihilar vasculature,1
edema,bilateral mid-to-lower lobes,1
edema,bilateral mid to lower lungs,1
edema,upper zone and bilateral lower lobes,1
edema,bilateral predominantly perihilar and basilar,1
edema,hilar and interstitial lung,1
edema,bilateral pulmonary interstitium and alveoli,1
edema,"right mid lung, right lower lung, left mid lung",1
edema,right lung and left lung base,1
edema,bilateral lungs (interstitial),1
edema,bilateral lungs (alveolar and interstitial),1
edema,bilateral (predominantly right),1
edema,bilateral mid and lower lung,1
edema,central pulmonary fields,1
edema,mid lung fields,1
edema,interlobular septate,1
edema,upper and mid lung interstitium,1
edema,"bilateral lungs, particularly left",1
edema,diffusely and bilaterally,1
edema,central peribronchial region,1
edema,patchy pulmonary,1
edema,bilateral interstitial lungs (right more pronounced),1
edema,left subcutaneous tissue,1
edema,bilateral hila and interstitial,1
edema,perihilar and basal,1
edema,bilateral diffuse and perihilar,1
edema,bilateral lungs (suggested by interstitial abnormality),1
edema,"mid to lower lungs, right greater than left",1
edema,bilateral perihilar and lower lobe,1
edema,lung bases (left greater than right),1
edema,right major fissure,1
edema,bilateral basal,1
edema,upper lobes bilaterally,1
edema,right perihilar area and left lung,1
edema,right greater than left base,1
edema,bilateral lungs (perihilar),1
edema,unspecified (asymmetrical),1
edema,each infrahilar region,1
edema,both lung bases,1
edema,perihilar and bibasilar,1
edema,right hilum and infrahilar area,1
edema,bilateral perihilar and bibasilar,1
edema,pulmonary hila,1
edema,perihilar and centralized,1
edema,left apical lung,1
edema,bilateral mid lung fields,1
edema,right hilum,1
edema,left perihilar and right basilar,1
edema,bilateral mainly central parenchyma,1
edema,diffuse interstitial and asymmetrical perihilar regions (left greater than right),1
edema,central peribronchial,1
edema,interstitial and probable areas of alveolar,1
edema,uninvolved portions of the lungs,1
edema,right hilar region,1
edema,left greater than right,1
edema,right basilar,1
edema,elsewhere,1
edema,right non consolidated lung,1
edema,neurogenic pulmonary,1
edema,central vascular structures,1
edema,bilateral alveolar and interstitial,1
edema,bilateral lower lobe,1
edema,"interstitial pulmonary, dependent",1
edema,dependent and pulmonary regions,1
edema,retrocardiac region,1
edema,"upper lungs, bilateral hila",1
edema,right more than left lower lobes,1
edema,right and left lung fields,1
edema,left upper lung region,1
edema,central pulmonary region,1
edema,"lower lungs, right greater than left",1
edema,left side of lung,1
edema,bilateral lungs (right more prominent),1
edema,perihilar left lung,1
edema,"asymmetric bilateral lung, greater on right",1
edema,bilateral basal interstitial,1
edema,pulmonary vascular beds,1
edema,mid and lower lungs,1
edema,basilar interstitial,1
edema,lung bases and right upper lung,1
edema,bilateral basilar regions,1
edema,left perihilar and right lung base,1
edema,bilateral basal areas,1
edema,left lung parenchyma,1
edema,basilar lungs,1
edema,bilateral interstitial spaces,1
edema,right lung (predominant),1
edema,"bilateral lungs, left greater than right",1
edema,"right lung, left mid and lower lung",1
edema,upper lung zone,1
edema,widespread parenchyma,1
edema,bilateral lower lungs,1
edema,bilateral lungs (right worse than left),1
edema,bilateral vessels,1
edema,perihilar distribution,1
edema,hilar pulmonary vessels,1
edema,widespread interstitial,1
edema,bilateral perihilar and infrahilar,1
edema,perihilar and central pulmonary vessels,1
edema,"bilateral lungs (asymmetrical, left greater than right)",1
edema,central pulmonary markings,1
edema,bilateral lungs with basal gradient,1
edema,"left lung base, right lung",1
edema,bilateral basal apical,1
edema,bilateral central,1
edema,bibasilar and interstitial,1
edema,"perihilar, more pronounced on the right lung",1
edema,bilateral airspace,1
edema,diffuse airspace,1
edema,predominantly central,1
edema,left apex,1
edema,alveolar pulmonary,1
edema,bilateral perihilar and basal,1
edema,bilateral mid to lower lung,1
edema,left mid lung,1
edema,upper vascular area,1
edema,pulmonary (asymmetric),1
edema,asymmetric pulmonary,1
edema,right lung field,1
edema,left lower lung base,1
edema,mid and lower lung zones,1
edema,all lung regions,1
edema,bilateral (right greater than left),1
edema,right neck,1
edema,central pulmonary vascular region,1
edema,left greater than right pulmonary,1
edema,dependent and interstitial,1
edema,perihilar parenchyma,1
edema,mid and upper lung zones,1
edema,pulmonary and systemic,1
edema,asymmetrical lungs,1
edema,bilateral (left more than right),1
edema,bilateral lungs (predominant in right lung),1
edema,pulmonary vessels and left pulmonary outflow tract,1
edema,fissures,1
edema,pulmonary and central vascular,1
edema,lungs (minimal residual interstitial),1
edema,both lung fields,1
edema,peripheral and basilar interstitial lung,1
edema,left lung and right lung periphery,1
edema,base of the right lung,1
edema,"mediastinum, hilar regions, pulmonary vasculature",1
edema,left upper lobe,1
edema,right lung and left upper lung,1
edema,asymmetrical,1
edema,pulmonary venous region,1
edema,pulmonary interstitial and alveolar,1
edema,right lower lung and bilateral lung bases,1
edema,asymmetric lung,1
edema,base of lung,1
edema,perihilar and interstitial regions,1
edema,diffuse lung,1
edema,perihilar areas,1
edema,central vasculature,1
edema,lung bases and right upper lobe,1
edema,interstitial lung and hilar regions,1
edema,diffuse alveoli,1
edema,bilateral lungs (more extensive on right),1
edema,bilateral (left greater than right),1
edema,bilateral lung interstitial,1
edema,central and diffuse interstitial,1
edema,bilateral airspace and perihilar,1
edema,"interstitial, right lower lobe",1
edema,pulmonary and perihilar regions,1
edema,dependent,1
edema,bilateral alveoli,1
edema,mid and lower lung,1
edema,left lung (predominant),1
edema,chest interstitial,1
edema,bilateral bases to mid lung fields,1
edema,asymmetric pulmonary vessels,1
edema,"left perihilar, right basilar",1
edema,right hemi thorax,1
emphysema,none,979
emphysema,lungs,964
emphysema,bilateral lungs,379
emphysema,upper lobes,31
emphysema,upper lobe,24
emphysema,upper lungs,24
emphysema,subcutaneous,18
emphysema,right lung,15
emphysema,bilateral,14
emphysema,lung apices,13
emphysema,chest,12
emphysema,bilateral lung apices,12
emphysema,left chest wall,12
emphysema,right upper lobe,11
emphysema,left upper lobe,10
emphysema,upper lung,9
emphysema,left lung,8
emphysema,lung bases,8
emphysema,apices,8
emphysema,bilateral apices,7
emphysema,right chest wall subcutaneous,7
emphysema,left lateral chest wall,6
emphysema,right chest wall,6
emphysema,right lateral chest wall,5
emphysema,bilateral hemidiaphragms,5
emphysema,apical,5
emphysema,bilateral upper lobes,5
emphysema,right upper lung,5
emphysema,right lung apex,4
emphysema,right apical,4
emphysema,right,4
emphysema,right apex,4
emphysema,left lung apex,3
emphysema,right subcutaneous,3
emphysema,both lungs,3
emphysema,bilateral upper lobe,3
emphysema,centrilobular,3
emphysema,hemidiaphragms,2
emphysema,bilateral lung bases,2
emphysema,lung,2
emphysema,left chest wall subcutaneous,2
emphysema,chest wall,2
emphysema,bilateral apical,2
emphysema,lower lungs,2
emphysema,lower lung zones,2
emphysema,biapical,2
emphysema,left lateral chest wall subcutaneous,2
emphysema,diaphragms,1
emphysema,apical region,1
emphysema,both upper lobes,1
emphysema,bilateral apices (mainly),1
emphysema,upper zones,1
emphysema,left hemithorax and neck,1
emphysema,pulmonary apices,1
emphysema,left lung base,1
emphysema,right lung periphery,1
emphysema,right lower lobe,1
emphysema,"right lateral chest wall, right supraclavicular soft tissue",1
emphysema,left lower chest superficial soft tissues,1
emphysema,"right lung apex, left lung apex",1
emphysema,predominantly upper lobes,1
emphysema,right base,1
emphysema,bilateral upper lung zones,1
emphysema,left apical,1
emphysema,diffuse lung,1
emphysema,paraseptal regions,1
emphysema,subcutaneous lower right chest wall,1
emphysema,right lung base,1
emphysema,right thorax,1
emphysema,chest cage,1
emphysema,anterior lung,1
emphysema,left upper lungs,1
emphysema,bilateral chest walls,1
emphysema,bilateral apical regions,1
emphysema,retrosternal region,1
emphysema,medial portion of the left lung,1
emphysema,left thoracic and cervical soft tissues,1
emphysema,bilateral lungs predominantly lower lobes,1
emphysema,diffuse parenchyma,1
emphysema,upper lobe zones,1
emphysema,bilateral subcutaneous,1
emphysema,lungs (peripheral),1
emphysema,bilateral lungs (superior),1
emphysema,left apical lung,1
emphysema,both lower lungs (right more prominent),1
emphysema,bilateral apices (predominantly right),1
emphysema,upper lung fields,1
emphysema,both lung bases,1
emphysema,"upper lungs, right more than left",1
emphysema,right thoracic wall and neck,1
emphysema,bilateral bronchi,1
emphysema,left apex,1
emphysema,right shoulder and lower right neck,1
emphysema,"bilateral lung apices, more pronounced on the right",1
emphysema,central airways,1
emphysema,bilateral pectoralis muscles and cervical regions,1
emphysema,near right chest tube entry site,1
emphysema,"right chest wall, neck, left cervical region",1
emphysema,right subcutaneous tissues and neck,1
emphysema,right upper lobe apex,1
emphysema,lung interstitium,1
emphysema,biapical lung,1
emphysema,right apices,1
emphysema,right mid and upper zone,1
emphysema,lung parenchyma,1
emphysema,right middle and lower lobes,1
emphysema,bilateral upper lungs,1
emphysema,background,1
emphysema,thorax,1
emphysema,stomach,1
emphysema,bilateral chest wall,1
emphysema,bilateral mid lung regions,1
emphysema,upper lung zones,1
emphysema,right infrahilar region,1
emphysema,left mid lung,1
emphysema,neck and right chest wall,1
emphysema,left base,1
emphysema,"upper abdomen, bilateral chest, neck",1
emphysema,neck and chest wall,1
emphysema,right subcutaneous adjacent to chest tube site,1
emphysema,subcutaneous chest wall,1
emphysema,both flanks,1
emphysema,left lower lobe,1
emphysema,scattered throughout the lungs,1
emphysema,diffuse subcutaneous,1
emphysema,"bilateral hemidiaphragms, retrosternal space",1
emphysema,right neck and chest wall,1
emphysema,left lateral chest wall soft tissues,1
emphysema,subcutaneous tissue,1
emphysema,"chest wall, neck soft tissue, pneumomediastinum",1
emphysema,diffuse lungs,1
emphysema,right supraclavicular region,1
emphysema,bilateral upper lobes (apical),1
emphysema,apices and bilateral lung bases,1
emphysema,left chest wall and left neck,1
emphysema,"left chest wall, both sides of neck",1
emphysema,right lateral chest and bilateral neck,1
emphysema,widespread subcutaneous,1
emphysema,right lateral thoracoabdominal wall,1
emphysema,apical lungs,1
emphysema,paraseptal,1
emphysema,chest wall subcutaneous,1
emphysema,lower chest,1
emphysema,"right lateral chest wall, lower right neck, bilateral upper abdominal wall",1
emphysema,right mid-to-upper lateral lung,1
emphysema,bilateral lungs and hemidiaphragms,1
emphysema,midline,1
emphysema,lower left chest wall,1
emphysema,generalized,1
emphysema,subcutaneous soft tissues of the right neck,1
emphysema,adjacent to lower right lung,1
emphysema,lung fields,1
emphysema,"chest wall, neck and mediastinum",1
emphysema,right upper lobe adjacent,1
emphysema,left lower thoracoabdominal wall,1
emphysema,left supraclavicular region,1
emphysema,right supraclavicular subcutaneous,1
emphysema,right chest wall and right neck,1
emphysema,left lateral chest wall and neck,1
emphysema,right paratracheal region,1
emphysema,mid and basal lung parenchyma,1
enlarged cardiomediastinum,none,398
enlarged cardiomediastinum,mediastinum,193
enlarged cardiomediastinum,cardiac silhouette,125
enlarged cardiomediastinum,cardiomediastinum,63
enlarged cardiomediastinum,superior mediastinum,44
enlarged cardiomediastinum,cardiomediastinal silhouette,41
enlarged cardiomediastinum,upper mediastinum,31
enlarged cardiomediastinum,left atrium,12
enlarged cardiomediastinum,right mediastinum,12
enlarged cardiomediastinum,main pulmonary artery,11
enlarged cardiomediastinum,right hilum,10
enlarged cardiomediastinum,bilateral hila,10
enlarged cardiomediastinum,right upper mediastinum,7
enlarged cardiomediastinum,heart,7
enlarged cardiomediastinum,left mediastinum,6
enlarged cardiomediastinum,left pulmonary artery,6
enlarged cardiomediastinum,cardiac mediastinum,6
enlarged cardiomediastinum,heart and mediastinum,6
enlarged cardiomediastinum,right hilus,6
enlarged cardiomediastinum,ap window,5
enlarged cardiomediastinum,right pulmonary artery,4
enlarged cardiomediastinum,hila,4
enlarged cardiomediastinum,pulmonary arteries,4
enlarged cardiomediastinum,right paratracheal stripe,4
enlarged cardiomediastinum,bilateral hilar,4
enlarged cardiomediastinum,cardiac and mediastinum,4
enlarged cardiomediastinum,hilar,4
enlarged cardiomediastinum,right heart border,4
enlarged cardiomediastinum,mediastinum and heart,3
enlarged cardiomediastinum,superior mediastinal contour,3
enlarged cardiomediastinum,vascular pedicle,3
enlarged cardiomediastinum,left superior mediastinum,3
enlarged cardiomediastinum,left main pulmonary artery,3
enlarged cardiomediastinum,pulmonary artery,3
enlarged cardiomediastinum,mediastinal contours,3
enlarged cardiomediastinum,bilateral,3
enlarged cardiomediastinum,right heart,3
enlarged cardiomediastinum,right paratracheal region,3
enlarged cardiomediastinum,left hilum,3
enlarged cardiomediastinum,mediastinal veins,3
enlarged cardiomediastinum,mediastinal,3
enlarged cardiomediastinum,bilateral hilar regions,3
enlarged cardiomediastinum,main pulmonary arteries,2
enlarged cardiomediastinum,cardiomediastinal contours,2
enlarged cardiomediastinum,central pulmonary arteries,2
enlarged cardiomediastinum,right hila,2
enlarged cardiomediastinum,mediastinal and cardiac contour,2
enlarged cardiomediastinum,cardiac and mediastinal silhouettes,2
enlarged cardiomediastinum,left ventricle,2
enlarged cardiomediastinum,right hilar,2
enlarged cardiomediastinum,hilar structures,2
enlarged cardiomediastinum,cardiomediastinal region,2
enlarged cardiomediastinum,mediastinum and cardiac silhouette,2
enlarged cardiomediastinum,thoracic inlet,2
enlarged cardiomediastinum,left,2
enlarged cardiomediastinum,mediastinal and bilateral hilar,2
enlarged cardiomediastinum,mediastinum and right hilum,2
enlarged cardiomediastinum,right lower paratracheal station,2
enlarged cardiomediastinum,left hilum and mediastinum,1
enlarged cardiomediastinum,cardiac apex and right ventricular outflow tract,1
enlarged cardiomediastinum,cardiac and mediastinal silhouette,1
enlarged cardiomediastinum,"mediastinum, ascending aorta, aortic arch",1
enlarged cardiomediastinum,bilateral hila and mediastinum,1
enlarged cardiomediastinum,cardiac silhouette with left ventricular prominence,1
enlarged cardiomediastinum,right lower paratracheal region,1
enlarged cardiomediastinum,mediastinum and pulmonary vessels,1
enlarged cardiomediastinum,cardiac and mediastinal contours,1
enlarged cardiomediastinum,right mediastinal and hilar contours,1
enlarged cardiomediastinum,left heart border,1
enlarged cardiomediastinum,right hilus and adjacent mediastinum,1
enlarged cardiomediastinum,"left heart border, cardiomediastinal silhouette",1
enlarged cardiomediastinum,mediastinum (bilateral pulmonary arteries),1
enlarged cardiomediastinum,right hila greater than left,1
enlarged cardiomediastinum,right hilar and mediastinum,1
enlarged cardiomediastinum,hilar and mediastinal regions,1
enlarged cardiomediastinum,left atrium and left atrial appendage,1
enlarged cardiomediastinum,bilateral hilar and right paratracheal nodes,1
enlarged cardiomediastinum,aortic silhouette,1
enlarged cardiomediastinum,cardiac silhouette and mediastinum,1
enlarged cardiomediastinum,right mediastinal contour at ascending aorta,1
enlarged cardiomediastinum,retrosternal mediastinum,1
enlarged cardiomediastinum,right mediastinal border,1
enlarged cardiomediastinum,superior mediastinum and heart,1
enlarged cardiomediastinum,left perihilar area,1
enlarged cardiomediastinum,proximal descending portion of thoracic aorta,1
enlarged cardiomediastinum,bilateral pulmonary arteries and azygos vein,1
enlarged cardiomediastinum,azygos vein,1
enlarged cardiomediastinum,upper mediastinum and hilar region,1
enlarged cardiomediastinum,ap window and right lower paratracheal stripe,1
enlarged cardiomediastinum,cardiomediastinal,1
enlarged cardiomediastinum,anterior mediastinum,1
enlarged cardiomediastinum,bilateral hila (right prominent),1
enlarged cardiomediastinum,right superior mediastinal border,1
enlarged cardiomediastinum,mediastinal and cardiac contours,1
enlarged cardiomediastinum,"upper mediastinum, right of midline along right paratracheal stripe",1
enlarged cardiomediastinum,grafted thoracic aorta region,1
enlarged cardiomediastinum,azygo arch,1
enlarged cardiomediastinum,cardiac silhouette and superior mediastinum,1
enlarged cardiomediastinum,"upper mediastinum, right side",1
enlarged cardiomediastinum,cardiac contour,1
enlarged cardiomediastinum,right hemithorax,1
enlarged cardiomediastinum,right lower mediastinum,1
enlarged cardiomediastinum,right mediastinum (carina level and just inferior),1
enlarged cardiomediastinum,both pulmonary arteries,1
enlarged cardiomediastinum,cardiomediastinal and hilar contours,1
enlarged cardiomediastinum,"cardiac silhouette, mediastinal structures",1
enlarged cardiomediastinum,left cardiomediastinal silhouette,1
enlarged cardiomediastinum,"right paratracheal region, aorticopulmonary window, bilateral hila",1
enlarged cardiomediastinum,mediastinal structures,1
enlarged cardiomediastinum,cardiac and mediastinal,1
enlarged cardiomediastinum,left hilar,1
enlarged cardiomediastinum,retrosternal space,1
enlarged cardiomediastinum,superior mediastinum at the level of the aortic arch over the right tracheobronchial angle,1
enlarged cardiomediastinum,paratracheal,1
enlarged cardiomediastinum,leftward mediastinal structures,1
enlarged cardiomediastinum,right hilar contour,1
enlarged cardiomediastinum,retrocardiac,1
enlarged cardiomediastinum,left perihilar,1
enlarged cardiomediastinum,bilaterally,1
enlarged cardiomediastinum,right,1
enlarged cardiomediastinum,hila bilaterally,1
enlarged cardiomediastinum,hilar vasculature,1
enlarged cardiomediastinum,at the level of the aortic arch,1
enlarged cardiomediastinum,left upper pulmonary hilus,1
enlarged cardiomediastinum,upper mediastinum and right hilum,1
enlarged cardiomediastinum,aortic arch,1
enlarged cardiomediastinum,both hila,1
enlarged cardiomediastinum,at the level of the aortic arch and the mediastinal veins,1
enlarged cardiomediastinum,each hilum,1
enlarged cardiomediastinum,mediastinal silhouette,1
enlarged cardiomediastinum,right paratracheal,1
enlarged cardiomediastinum,"superior mediastinum, right lower paratracheal station",1
enlarged cardiomediastinum,ascending thoracic aorta,1
enlarged cardiomediastinum,right paratracheal station,1
enlarged cardiomediastinum,main pulmonary artery and right interlobar artery,1
enlarged cardiomediastinum,bilateral superior mediastinum,1
enlarged cardiomediastinum,aortopulmonary window,1
enlarged cardiomediastinum,right hilar vessels,1
enlarged cardiomediastinum,left atrium and left ventricle,1
enlarged cardiomediastinum,pulmonary arteries (right greater than left),1
enlarged cardiomediastinum,"right upper mediastinal border, right lower paratracheal region",1
enlarged cardiomediastinum,main pulmonary artery contour,1
enlarged cardiomediastinum,left upper mediastinum,1
enlarged cardiomediastinum,mediastinum at mediastinal veins level,1
enlarged cardiomediastinum,left pulmonary artery or hilar,1
enlarged cardiomediastinum,"mediastinum, bilateral hila",1
enlarged cardiomediastinum,hila (right greater than left),1
enlarged cardiomediastinum,right lower paratracheal mediastinum,1
enlarged cardiomediastinum,right lower hilus,1
enlarged cardiomediastinum,paravertebral soft tissues,1
enlarged cardiomediastinum,inferior cardiac silhouette,1
enlarged cardiomediastinum,pulmonary and mediastinum,1
enlarged cardiomediastinum,bilateral pulmonary arteries,1
enlarged cardiomediastinum,mediastinum at vascular pedicle level,1
enlarged cardiomediastinum,mediastinum and bilateral hilar regions,1
enlarged cardiomediastinum,mediastinal and hilar nodes,1
enlarged cardiomediastinum,left atrial appendage,1
enlarged cardiomediastinum,mediastinum and cardiac contours,1
enlarged cardiomediastinum,right paratracheal stripe and hilum,1
enlarged cardiomediastinum,"left posterior mediastinum, left hilum",1
enlarged cardiomediastinum,left ventricular configuration,1
enlarged cardiomediastinum,left ap window,1
enlarged cardiomediastinum,superior right mediastinum,1
enlarged cardiomediastinum,posterior aspect of heart,1
enlarged cardiomediastinum,right mediastinum above right main bronchus to clavicle,1
enlarged cardiomediastinum,right cardiac silhouette,1
enlarged cardiomediastinum,mediastinum (cardiac and vascular portions),1
enlarged cardiomediastinum,right perihilar region,1
enlarged cardiomediastinum,mediastinum (right > left),1
enlarged cardiomediastinum,left atrium and pulmonary arteries,1
enlarged cardiomediastinum,ascending aorta,1
enlarged cardiomediastinum,"mediastinum (aortopulmonic window, ascending thoracic aorta)",1
enlarged cardiomediastinum,prevascular mediastinum,1
enlarged cardiomediastinum,cardiac portion,1
enlarged cardiomediastinum,mediastinum and bilateral hila,1
enlarged cardiomediastinum,"left hilus, cardiac silhouette",1
enlarged cardiomediastinum,thoracic inlet mediastinum,1
enlarged cardiomediastinum,pulmonary outflow tract,1
enlarged cardiomediastinum,hilar and mediastinum,1
enlarged cardiomediastinum,right lower paratracheal stripe,1
enlarged cardiomediastinum,anterior and posterior mediastinum,1
enlarged cardiomediastinum,right hila and right paratracheal stripe,1
enlarged cardiomediastinum,ascending thoracic aorta region,1
enlarged cardiomediastinum,"aortic arch, left atrium, heart",1
enlarged cardiomediastinum,"vascular pedicle, pulmonary outflow tract, upper lobe pulmonary vessels",1
enlarged cardiomediastinum,left mediastinum and hilum,1
enlarged cardiomediastinum,mediastinum at thoracic inlet,1
enlarged cardiomediastinum,hilar regions,1
enlarged cardiomediastinum,posterior mediastinum,1
enlarged cardiomediastinum,mediastinal aortopulmonic window region,1
enlarged cardiomediastinum,mediastinal and hilar regions,1
enlarged cardiomediastinum,both hila and paratracheal mediastinum,1
enlarged cardiomediastinum,azygos region,1
enlarged cardiomediastinum,region of the aortic arch,1
enlarged cardiomediastinum,cervical thoracic region,1
enlarged cardiomediastinum,hilar and mediastinal,1
fracture,right rib,95
fracture,left rib,60
fracture,left ribs,55
fracture,right ribs,50
fracture,bilateral ribs,44
fracture,mid thoracic vertebral body,31
fracture,none,28
fracture,right clavicle,28
fracture,lower thoracic vertebral body,25
fracture,left-sided rib,23
fracture,left clavicle,22
fracture,right-sided ribs,22
fracture,distal right clavicle,21
fracture,rib,19
fracture,left lateral rib,19
fracture,left-sided ribs,19
fracture,lower thoracic spine,18
fracture,thoracic spine,16
fracture,multiple ribs,16
fracture,mid thoracic spine,15
fracture,ribs,15
fracture,sternum,15
fracture,right lateral rib,14
fracture,left posterior rib,13
fracture,thoracolumbar junction,11
fracture,left distal clavicle,11
fracture,right posterior rib,10
fracture,right proximal humerus,10
fracture,left proximal humerus,10
fracture,proximal left humerus,9
fracture,mid left clavicle,9
fracture,right-sided rib,8
fracture,right mid clavicle,8
fracture,right clavicular,8
fracture,proximal right humerus,7
fracture,right distal clavicle,7
fracture,distal left clavicle,7
fracture,l1 vertebral body,6
fracture,lower thoracic vertebra,6
fracture,left 7th rib,6
fracture,right eighth posterior rib,6
fracture,upper thoracic vertebral body,6
fracture,right humeral head,6
fracture,left sixth rib,6
fracture,right lower rib,6
fracture,right lateral ribs,5
fracture,left 5th rib,5
fracture,left scapula,5
fracture,multiple left ribs,5
fracture,left humeral head,5
fracture,left humerus,5
fracture,multiple thoracic vertebral bodies,4
fracture,lower thoracic vertebrae,4
fracture,thoracic vertebrae,4
fracture,thoracolumbar junction vertebral body,4
fracture,right posterolateral rib,4
fracture,right posterior 8th rib,4
fracture,mid right clavicle,4
fracture,left posterior ribs,4
fracture,median sternotomy wires,4
fracture,left fifth rib,4
fracture,multiple right ribs,4
fracture,left 6th and 7th posterior ribs,4
fracture,left lateral seventh rib,4
fracture,left lateral ninth rib,4
fracture,left posterior eighth rib,4
fracture,right posterior ribs,4
fracture,right seventh rib,4
fracture,l1,4
fracture,right ac joint,4
fracture,left clavicular,4
fracture,left 5th and 6th ribs,3
fracture,left sixth posterior rib,3
fracture,left mid clavicular,3
fracture,left 6th and 7th ribs,3
fracture,t12 vertebral body,3
fracture,right first rib,3
fracture,t11 vertebral body,3
fracture,right fifth posterior rib,3
fracture,right lateral fourth rib,3
fracture,right 5th rib,3
fracture,superior most median sternotomy wire,3
fracture,right posterior sixth rib,3
fracture,left lateral 4th and 5th ribs,3
fracture,l2 vertebral body,3
fracture,right sixth rib,3
fracture,lower thoracic vertebral bodies,3
fracture,multiple bilateral ribs,3
fracture,right third rib,3
fracture,left lower rib,3
fracture,t12,3
fracture,midthoracic vertebral body,3
fracture,left mid clavicle,3
fracture,left lateral ribs,3
fracture,right lower chest,3
fracture,low thoracic vertebral body,3
fracture,right 8th rib,3
fracture,right fourth rib,3
fracture,posterior left rib,3
fracture,right humerus,3
fracture,right clavicle mid portion,3
fracture,right ninth lateral rib,3
fracture,mid to lower thoracic vertebral body,3
fracture,thoracolumbar spine,3
fracture,left lateral 7th rib,3
fracture,multiple left-sided ribs,3
fracture,mid thoracic vertebrae,3
fracture,right upper rib,3
fracture,right ninth rib,3
fracture,right 9th rib,3
fracture,left posterior 5th rib,3
fracture,posterior right rib,3
fracture,right second rib,3
fracture,left multiple ribs,3
fracture,left sixth and seventh rib,2
fracture,left posterior eight rib,2
fracture,right 6th posterior rib,2
fracture,right clavicle midshaft,2
fracture,right clavicle and multiple right ribs,2
fracture,right and lateral ribs,2
fracture,t4 vertebral body,2
fracture,lateral left sixth rib,2
fracture,left sixth lateral rib,2
fracture,posterior left fifth rib,2
fracture,sternotomy wires,2
fracture,posterior right 8th rib,2
fracture,left lateral 6th rib,2
fracture,posterolateral right tenth rib,2
fracture,vertebral body at thoracolumbar junction,2
fracture,mid left clavicular,2
fracture,t11 and t12 vertebral bodies,2
fracture,lower thoracic,2
fracture,left rib and clavicular,2
fracture,left clavicle mid portion,2
fracture,anterior right sixth rib,2
fracture,second and fourth median sternotomy wires,2
fracture,posterior left eighth rib,2
fracture,t12 vertebra,2
fracture,multiple left-sided posterior ribs,2
fracture,right 9th rib posteriorly,2
fracture,posterior 9th rib,2
fracture,first and second sternotomy wires,2
fracture,left seventh posterior rib,2
fracture,left 10th rib,2
fracture,right 7th-9th posterolateral ribs,2
fracture,lower left rib,2
fracture,right posterior 5th and 6th ribs,2
fracture,multiple right posterior ribs,2
fracture,right posterior 6th rib,2
fracture,left posterior 3rd and 4th ribs,2
fracture,upper lumbar spine,2
fracture,right sixth posterior rib,2
fracture,right lateral sixth rib,2
fracture,posterolateral right eighth rib,2
fracture,left upper rib,2
fracture,"right acromioclavicular joint, left distal clavicle",2
fracture,l1 vertebra,2
fracture,posterior sternum,2
fracture,left 7th and 8th lateral ribs,2
fracture,left posterior 7th and 8th ribs,2
fracture,mid to low thoracic vertebra,2
fracture,superior sternum,2
fracture,right hemithorax,2
fracture,lower thoracic spine and thoracolumbar junction,2
fracture,proximal right humerus shaft,2
fracture,left seventh lateral rib,2
fracture,right anterior third rib,2
fracture,upper thoracic vertebra,2
fracture,posterior right eighth rib,2
fracture,posterior right 6th rib,2
fracture,bilateral rib,2
fracture,right fourth posterior rib,2
fracture,lateral left rib,2
fracture,right upper ribs,2
fracture,right posterior fifth rib,2
fracture,right seventh lateral rib,2
fracture,right 7th lateral rib,2
fracture,mid thoracic vertebra,2
fracture,clavicle,2
fracture,right lateral clavicle,2
fracture,humerus,2
fracture,bilateral first ribs,2
fracture,left posterior lateral ribs,2
fracture,right anterior rib,2
fracture,upper most sternal wire,2
fracture,right lateral 5th and 6th ribs,2
fracture,right humeral neck,2
fracture,"right lateral ribs 3,4,6,7",2
fracture,right posterior 5th rib,2
fracture,left posterior sixth rib,2
fracture,right sixth lateral rib,2
fracture,left posterior and right anterior ribs,2
fracture,left scapula superior border,2
fracture,right posterior seventh rib,2
fracture,median sternotomy wire,2
fracture,left posterior ninth rib,2
fracture,left 6th rib,2
fracture,multiple old healed rib,2
fracture,left scapular spine,2
fracture,mid sternal,2
fracture,proximal right humeral shaft,2
fracture,left first rib,2
fracture,right second rib laterally,2
fracture,right mid thoracic lateral rib,2
fracture,lateral right 5th rib,2
fracture,right tenth rib,2
fracture,right posterior tenth rib,2
fracture,right eighth rib,2
fracture,right fifth rib,2
fracture,right mid clavicular shaft,2
fracture,right fifth anterolateral rib,2
fracture,mid-to-lower thoracic vertebral body,2
fracture,mid-thoracic vertebral body,2
fracture,left eighth and ninth ribs,2
fracture,thoracic vertebra,2
fracture,left lower ribs,2
fracture,ribs and right scapula,2
fracture,right mid rib,2
fracture,left 4th and 5th ribs,2
fracture,right 11th rib,2
fracture,left middle ribs lateral aspects,2
fracture,left shoulder,2
fracture,right midclavicular,2
fracture,lower thoracic/upper lumbar vertebral body,2
fracture,left humeral neck,2
fracture,left midclavicle,2
fracture,left base,2
fracture,thoracic vertebral bodies,2
fracture,posterior left sixth and seventh ribs,1
fracture,lowest sternal wire,1
fracture,medial left clavicular,1
fracture,posterior to the mid thoracic vertebral body,1
fracture,right posterolateral and left rib,1
fracture,prior ribs,1
fracture,left second - fifth ribs,1
fracture,prior right clavicle,1
fracture,most superior sternotomy wire,1
fracture,right third through eighth ribs,1
fracture,right third anterior rib,1
fracture,right sided ribs,1
fracture,third sternal wire from the top,1
fracture,right ribs 4-8,1
fracture,lower ribs,1
fracture,bilateral posterior ribs,1
fracture,bilateral ribs (remote),1
fracture,"distal left clavicle, mid thoracic vertebral body, left second posterolateral rib",1
fracture,"left 9th rib, right 8th rib",1
fracture,left-sided ribs and thoracic spine transverse process,1
fracture,"left ribs, right mid clavicular shaft",1
fracture,right 9th rib lateral,1
fracture,right humeral neck and left ribs,1
fracture,t11 and l1 vertebrae,1
fracture,right posterolateral 7th and 9th ribs,1
fracture,"right axillary portions of 3rd,4th,5th ribs",1
fracture,vertebral column,1
fracture,right upper chest,1
fracture,"left lateral 6th rib, right posterior 7th rib",1
fracture,left proximal humeral,1
fracture,mid-to-upper thoracic vertebral body,1
fracture,t11 right lateral vertebral body,1
fracture,thoracolumbar junction (likely t12),1
fracture,posterior right ribs,1
fracture,right inferior lateral rib,1
fracture,right posterior lateral rib and seventh left posterior rib,1
fracture,remote left-sided rib,1
fracture,left ribs and left scapula,1
fracture,left seventh and eighth posterior ribs,1
fracture,right 8th and 9th posterior ribs,1
fracture,right ribs (posterior right 8th rib),1
fracture,left 6th rib lateral,1
fracture,left ribs and left mid clavicle,1
fracture,posterior right 7th rib,1
fracture,left 9th to 12th ribs near vertebral articulation,1
fracture,anterior left fifth rib,1
fracture,left eighth and ninth ribs posteriorly,1
fracture,right ninth rib posterolateral arch,1
fracture,right posterior ninth rib,1
fracture,medial right twelfth rib,1
fracture,several thoracic vertebral bodies,1
fracture,posterior left 7th and 8th ribs,1
fracture,mid thoracic spine and lower thoracic spine,1
fracture,most superior median sternotomy wire,1
fracture,left clavicle mid/distal and left ac joint,1
fracture,"left scapula, infra-glenoid",1
fracture,"left 4th, 6th, 7th ribs (anterolateral)",1
fracture,bilateral ribs and right scapula,1
fracture,"left posterior 3rd-5th ribs, left lateral 6th rib, left scapula",1
fracture,right clavicle lateral aspect,1
fracture,right pleural,1
fracture,"left-sided ribs (including posterolateral left 4th and 5th ribs), possible distal clavicle",1
fracture,right posterolateral sixth rib,1
fracture,midportion of the first right rib,1
fracture,mid thoracic vertebral body anteriorly,1
fracture,right 7th posterior rib,1
fracture,"superior most wire, fifth uppermost wire",1
fracture,posterior left 7th and 9th ribs,1
fracture,multiple consecutive ribs,1
fracture,"t9, t11 and right 10th rib",1
fracture,7th left rib,1
fracture,left midclavicular,1
fracture,right greater tuberosity proximal humerus,1
fracture,right posterior third and fourth ribs,1
fracture,left fifth anterior rib,1
fracture,left anterolateral 7th rib and left posterolateral 8th rib,1
fracture,right clavicular mid shaft,1
fracture,right anterior lateral ninth rib,1
fracture,left mid clavicular shaft,1
fracture,left 4th and 5th ribs laterally,1
fracture,left ribs and left humeral shaft,1
fracture,left mid-clavicular,1
fracture,left costophrenic angle,1
fracture,right 7th rib and left clavicle,1
fracture,"right posterior 2nd-5th ribs, right clavicle and scapula",1
fracture,left posterior lateral 5th and 6th ribs,1
fracture,right posterior 3rd and 4th ribs,1
fracture,"left posterolateral ninth rib, inferior aspect",1
fracture,superior-most wires,1
fracture,right 7th and 8th lateral ribs,1
fracture,right-sided rib (remote),1
fracture,right posterior 8th and 9th ribs,1
fracture,"right posterior 4th and 5th ribs, lateral right-sided ribs",1
fracture,right 7th rib,1
fracture,right posterior 5th to 8th ribs,1
fracture,left lateral clavicle,1
fracture,left ribs (5th-8th) and left midclavicle,1
fracture,left third and fourth posterior lateral ribs,1
fracture,left,1
fracture,three mid thoracic vertebral bodies,1
fracture,posterior right 9th and 10th ribs,1
fracture,2 most superior median sternotomy wires,1
fracture,anterior left second rib,1
fracture,several lower thoracic and likely lumbar vertebral bodies,1
fracture,lower right chest wall ribs,1
fracture,right 4th and 5th ribs,1
fracture,superior-most median sternotomy wire,1
fracture,"right 7th rib, left 7th rib posteriorly",1
fracture,left posterolateral ribs 6-8,1
fracture,right humeral,1
fracture,lateral aspect of right fourth posterior rib,1
fracture,posterior left seventh rib,1
fracture,inferior-most sternotomy wire,1
fracture,multiple right-sided ribs,1
fracture,right anterior 7th rib,1
fracture,mid to distal right clavicle and right-sided ribs,1
fracture,manubrium,1
fracture,multiple thoracic vertebrae,1
fracture,left 8th and 9th mid ribs,1
fracture,superior aspect of t7 vertebral body,1
fracture,left clavicle mid shaft,1
fracture,anterior left 2nd-5th ribs,1
fracture,right distal clavicle and right posterior first rib,1
fracture,superior endplate of l2 vertebral body,1
fracture,lower thoracic vertebral body (superior endplate),1
fracture,posterior (nondisplaced),1
fracture,superior most wire,1
fracture,right upper rib and clavicular,1
fracture,"left lateral sixth, seventh, eighth ribs",1
fracture,left fifth through seventh ribs,1
fracture,right anterior 4th rib,1
fracture,left posterolateral 6th rib,1
fracture,superior vertebral body of thoracolumbar spine,1
fracture,posterior left 6th and 7th ribs,1
fracture,left fourth and fifth ribs,1
fracture,"right anterior 4th rib, mid thoracic",1
fracture,left fifth to ninth posterior ribs,1
fracture,vertebral bodies,1
fracture,sternotomy wire,1
fracture,rib and clavicular,1
fracture,uppermost level pedicle screws,1
fracture,left posterior 3rd to 7th ribs,1
fracture,posterior right sixth rib,1
fracture,thoracic ribs,1
fracture,"right clavicle, right lateral rib, left posterior rib",1
fracture,thoracolumbar vertebral body,1
fracture,right ribs and right scapula,1
fracture,left clavicle and multiple ribs,1
fracture,lower sternum (anterior and posterior cortical),1
fracture,distal end of the right clavicle,1
fracture,anterior two contiguous low thoracic vertebral bodies,1
fracture,"right 7th rib, posterior lateral",1
fracture,"right proximal humerus, left-sided ribs",1
fracture,"right second to eighth rib posterior aspect, right fifth to eighth rib lateral portions",1
fracture,right shoulder and ribs,1
fracture,epicardial leads,1
fracture,bilateral lower lateral ribs,1
fracture,thoracolumbar junction vertebral bodies,1
fracture,left humeral surgical neck,1
fracture,right lateral 6th and 7th ribs,1
fracture,lower thoracic vertebra posterior elements,1
fracture,mid right femur,1
fracture,right second posterolateral rib,1
fracture,inferior-most wire,1
fracture,t11,1
fracture,"left 2nd-3rd anterior and posterior ribs, right lower ribs",1
fracture,right clavicle mid to distal,1
fracture,mid thoracic spine and right ribs,1
fracture,posterior 9th and 10th ribs,1
fracture,mid thoracic vertebrae (possibly t9),1
fracture,"proximal right humerus, several lower thoracic/upper lumbar vertebral bodies",1
fracture,right posterior lateral 8th rib,1
fracture,"left and right ribs (left-sided ribs, old right tenth rib)",1
fracture,right lower chest wall,1
fracture,left anterior rib,1
fracture,t9-t10 and l1 vertebral bodies,1
fracture,"right lateral 4th-7th ribs, possibly 8th; left anterolateral 4th, 6th ribs, possibly 5th",1
fracture,"right posterior sixth, seventh and eighth ribs",1
fracture,right anterior first rib,1
fracture,left 6th rib posterolateral and additional left-sided ribs,1
fracture,anterior right second rib,1
fracture,right sixth or seventh rib laterally,1
fracture,right upper lateral ribs,1
fracture,right 8th and 9th lateral rib arches,1
fracture,left 10th posterolateral rib arch,1
fracture,sternal region,1
fracture,right 5th rib lateral aspect,1
fracture,left proximal humeral shaft,1
fracture,right ribs and right humeral head,1
fracture,right posterior 7th rib,1
fracture,left 8th and 9th ribs posteriorly,1
fracture,left ribs and left distal third clavicle,1
fracture,multiple lateral left ribs,1
fracture,right midclavicle,1
fracture,bilateral 6th ribs,1
fracture,"right posterior 7th and 8th ribs, lateral third rib",1
fracture,right glenohumeral head,1
fracture,lowermost sternotomy wire,1
fracture,right tenth rib lateral aspect,1
fracture,right posterior 6th and 7th ribs,1
fracture,right anterior rib and manubrium,1
fracture,right lower posterior ribs,1
fracture,"left posterior rib, right humerus",1
fracture,"right eighth, ninth, tenth ribs posterior aspect and right ninth rib most lateral aspect",1
fracture,"right middle ribs laterally, left 3rd posterior rib, left 7th and 8th posterolateral ribs",1
fracture,anterolateral left 7th rib,1
fracture,right posterior lateral 5th rib,1
fracture,t12 anterior vertebral body,1
fracture,right sixth rib anterolateral aspect,1
fracture,right third and fourth ribs,1
fracture,left posterior 4th rib,1
fracture,"right fifth, sixth, seventh, eighth, ninth posterior arches",1
fracture,right lateral 6th to 9th ribs,1
fracture,left greater tuberosity of humeral head,1
fracture,mid thoracic vertebral body (anterior wedge compression deformity),1
fracture,posterolateral right seventh rib,1
fracture,left 7th posterolateral rib,1
fracture,"right sixth rib, left fifth, sixth, seventh ribs",1
fracture,right seventh anterolateral rib,1
fracture,right 6th and 7th ribs,1
fracture,proximal sternal body,1
fracture,bilateral ribs and right fourth posterior rib,1
fracture,"right proximal third clavicle, right lateral 11th rib",1
fracture,lower thoracic or upper lumbar vertebral body,1
fracture,left tenth rib and old eighth rib,1
fracture,right anterolateral ribs,1
fracture,left 7th rib laterally,1
fracture,lateral left clavicular,1
fracture,t8,1
fracture,"left anterolateral ninth rib, right ninth and tenth ribs",1
fracture,right 5th rib laterally,1
fracture,mid and lower thoracic anterior vertebral bodies,1
fracture,superior cerclage wire,1
fracture,"t7, t9, t10 ribs",1
fracture,thoracolumbar vertebral bodies,1
fracture,mid thoracic spine and right-sided ribs,1
fracture,right acromioclavicular joint superior aspect,1
fracture,"left anterior 1st-2nd ribs, posterior left 8th rib, right lateral 9th rib",1
fracture,"lateral right eighth rib, additional ribs",1
fracture,posterior right 9th rib,1
fracture,bilateral ribs and thoracolumbar spine,1
fracture,top sternotomy wires,1
fracture,"left 7th,8th ribs (lateral), left 5th rib (posterior), right 6th,7th ribs (lateral)",1
fracture,right humeral shaft,1
fracture,immediately superior vertebral body,1
fracture,"proximal left humerus, left humeral neck, left anterior ribs 7-9, right lateral tenth rib",1
fracture,left posterior ribs (multiple continuous),1
fracture,right posterior medial 4th rib,1
fracture,left scapular neck,1
fracture,right and left lateral seventh ribs,1
fracture,superior sternal wire,1
fracture,"left first and second rib, right lower lateral rib",1
fracture,right eighth posterolateral rib,1
fracture,right multiple ribs and distal third of right clavicle,1
fracture,"left 7th,9th (posterolateral),10th ribs",1
fracture,superior and inferior-most closure wires,1
fracture,right lateral 1st rib,1
fracture,distal end of right clavicle,1
fracture,left third to sixth posterior ribs,1
fracture,"right posterolateral 5th, 6th, 7th ribs",1
fracture,right superior rib,1
fracture,"left posterolateral 5th, 6th, 7th ribs",1
fracture,mid thoracic,1
fracture,"right apical area (1st, 2nd, 3rd ribs)",1
fracture,right sixth rib posterolateral,1
fracture,most inferior median sternotomy wire,1
fracture,left lateral eighth rib,1
fracture,cervical left 1st rib,1
fracture,"left 5th rib, left clavicle midshaft",1
fracture,right second rib anterior aspect,1
fracture,right posterior middle rib,1
fracture,right first and second ribs,1
fracture,left and 4th ribs anteriorly,1
fracture,right third posterior and lateral rib,1
fracture,right midclavicular and multiple right-sided ribs,1
fracture,lower left posterior lateral ribs,1
fracture,left 2nd-5th lateral ribs,1
fracture,"right lower rib, proximal",1
fracture,posterior right 7th rib and right lateral 9th rib,1
fracture,right multiple ribs,1
fracture,midthoracic vertebrae,1
fracture,anterolateral right second rib,1
fracture,eleventh and twelfth ribs,1
fracture,"upper left chest cage, 4th rib (anterior and posterior), anterior 2nd rib",1
fracture,right clavicle and scapula,1
fracture,right lateral through ninth ribs,1
fracture,"mid thoracic anterior, left posterolateral 6th and 7th ribs",1
fracture,"right lateral 9th, 10th ribs; bilateral 2nd ribs, right 5th rib",1
fracture,sternum and multiple vertebral bodies,1
fracture,left 4th to 9th ribs,1
fracture,left 8th and 9th ribs,1
fracture,posterolateral right fourth rib,1
fracture,"right 6th rib (posterior), right 7th rib (posterolateral)",1
fracture,left clavicle midshaft,1
fracture,chest (multiple),1
fracture,right 7th and 8th ribs,1
fracture,"mid-to-lower thoracic spine, thoracolumbar junction",1
fracture,anterior aspect of left lower rib,1
fracture,right sixth and seventh ribs,1
fracture,right third posterior rib,1
fracture,posterior rib,1
fracture,right posterior ribs (5th and likely additional),1
fracture,left posterior lateral 6th rib,1
fracture,"right 5th, 6th, 7th lateral ribs",1
fracture,t9 vertebral body,1
fracture,right ribs (3rd-7th) and mid right clavicle,1
fracture,left 7th posterior rib,1
fracture,left lateral ribcage,1
fracture,"right lateral 5th, 6th, 7th ribs",1
fracture,top 2 sternotomy wires,1
fracture,right lateral 6th-8th ribs,1
fracture,left 6th and 7th lateral arches,1
fracture,bilateral distal clavicles,1
fracture,anterior lateral 8th rib,1
fracture,right posterior 9th rib,1
fracture,left two ribs,1
fracture,left lateral 11th rib,1
fracture,right lateral 5th through 7th ribs,1
fracture,mid thoracic spine and body,1
fracture,lower left anterior rib,1
fracture,lower left lateral rib,1
fracture,left lateral 8th rib,1
fracture,posterolateral right 9th rib,1
fracture,t1 and t2 vertebrae,1
fracture,right-sided ribs (remote),1
fracture,mid to lower thoracic vertebral bodies,1
fracture,remote and lateral ribs,1
fracture,right eleventh rib,1
fracture,right clavicle proximal one-third,1
fracture,"posterolateral right 5th rib, posterolateral left 7th and 8th ribs",1
fracture,"right base laterally, l2",1
fracture,low thoracic vertebra,1
fracture,right and left ribs,1
fracture,"left anterolateral sixth, seventh, and likely eighth ribs",1
fracture,"left clavicle, right ribs",1
fracture,right posterolateral upper rib,1
fracture,left posterior 10th rib,1
fracture,bilateral ribs (right predominance),1
fracture,t12 and l2 vertebral bodies,1
fracture,left-sided ribs including posterior sixth rib (segmental),1
fracture,right scapula,1
fracture,t12 vertebra and multiple left-sided posterior ribs,1
fracture,left posterolateral eighth and ninth ribs,1
fracture,"right anterior seventh rib, left anterior sixth rib",1
fracture,left posterolateral eighth rib,1
fracture,left ninth rib,1
fracture,left seventh and eighth ribs,1
fracture,"right rib, right clavicle",1
fracture,mid thoracic to lower thoracic spine,1
fracture,left clavicular mid shaft,1
fracture,left 8th rib,1
fracture,left side ribs 3 through 6,1
fracture,lateral left and 7th ribs,1
fracture,left mid clavicle midshaft,1
fracture,superior sternotomy wire,1
fracture,upper three midline sternal wires,1
fracture,glenoid (left),1
fracture,left lateral sixth and seventh ribs,1
fracture,left posterior second through sixth ribs,1
fracture,"posterior right, 6th rib",1
fracture,old right-sided rib,1
fracture,posterior right ninth and tenth rib,1
fracture,sternal body mid portion,1
fracture,anterior aspect of the manubrium,1
fracture,"right second rib, right fourth rib",1
fracture,right lateral ribs (seventh through ninth),1
fracture,left distal clavicular shaft,1
fracture,stable (no specific location given),1
fracture,left upper and lateral rib,1
fracture,inferiormost median sternotomy wire,1
fracture,right distal third of clavicle,1
fracture,posterior left ribs,1
fracture,remote right-sided rib,1
fracture,right mid to distal clavicle,1
fracture,left 6th rib (posterior lateral),1
fracture,posterior left 4th rib,1
fracture,right second and third ribs,1
fracture,"left rib, left clavicular",1
fracture,left posterior 3rd rib,1
fracture,upper thoracic spine,1
fracture,left-sided lateral ribs,1
fracture,anterior rib,1
fracture,left distal third clavicle,1
fracture,posterior left 7th rib,1
fracture,"right sixth rib, right seventh rib, right eighth rib",1
fracture,left lateral tenth rib,1
fracture,posterior right fifth through seventh rib,1
fracture,right 4th rib,1
fracture,lower most sternum,1
fracture,second and third sternum,1
fracture,"right midclavicular, posterior mid right rib",1
fracture,left tenth rib (posterior aspect),1
fracture,lateral right third and fourth ribs,1
fracture,"right mid clavicle, lateral left sixth rib",1
fracture,"right 5th, 6th and 7th rib",1
fracture,posterior right seventh rib,1
fracture,"left anterior rib, sternum",1
fracture,upper lumbar,1
fracture,right eighth lateral rib,1
fracture,"left 8th rib, dorsolateral part",1
fracture,"sternum, bilateral ribs",1
fracture,left posterolateral sixth and seventh rib,1
fracture,inferior-most sternal wire,1
fracture,top two median sternotomy wires,1
fracture,several lateral mid to lower right ribs,1
fracture,left lateral eighth and ninth rib,1
fracture,left eighth posterolateral rib,1
fracture,left posterior lateral eighth rib,1
fracture,right posterolateral ninth rib,1
fracture,left 5th and 6th posterior ribs,1
fracture,lateral left ninth rib,1
fracture,"left sixth and seventh ribs and possibly eighth, right anterolateral seventh rib",1
fracture,right proximal right humerus,1
fracture,left upper chest wall,1
fracture,right posterior fourth and fifth ribs,1
fracture,left third posterior rib,1
fracture,left ninth and tenth posterolateral ribs,1
fracture,lower left hemi thorax (adjacent rib),1
fracture,right 5th - 9th ribs,1
fracture,left third rib (posterior and anterior),1
fracture,left and 2nd ribs,1
fracture,posterior left and probable right ribs,1
fracture,left lateral rib (remote),1
fracture,mid-to-lower thoracic,1
fracture,anterior right third and fourth right ribs,1
fracture,left distal clavicular,1
fracture,left second through seventh ribs,1
fracture,mid clavicular,1
fracture,right mid clavicular,1
fracture,prior left proximal humerus,1
fracture,left and posterior ribs,1
fracture,proximal right femur,1
fracture,anterior first rib,1
fracture,old distal right clavicular,1
fracture,anterior and lateral right rib,1
fracture,upper lumbar vertebral body,1
fracture,right posterior lateral lower ribs,1
fracture,right and 9th ribs posteriorly,1
fracture,posterior bilateral ribs,1
fracture,right lateral tenth rib,1
fracture,clavicular,1
fracture,left posterior third rib,1
fracture,right 6th rib,1
fracture,posterolateral right 8th rib,1
fracture,"upper thoracic spine, just to the left of midline",1
fracture,anterior right sixth and seventh rib,1
fracture,t vertebral body,1
fracture,left seventh rib,1
fracture,right anterolateral seventh rib,1
fracture,left anterior 7th rib,1
fracture,mid right clavicular,1
fracture,"left anterior 5th rib, right 5th anterior rib, 7th left lateral rib",1
fracture,right mid shaft of clavicle,1
fracture,"left upper lateral chest, left second through fourth ribs",1
fracture,right coracoclavicular region,1
fracture,multiple posterior right ribs,1
fracture,left fifth posterior arch of rib cage,1
fracture,lower thoracic spine (multiple),1
fracture,"right 2nd - 5th, possibly 6th rib",1
fracture,third sternal wire,1
fracture,left 5th posterior rib,1
fracture,"right scapula, bilateral ribs",1
fracture,right 1st rib (assuming based on clavicular fracture context),1
fracture,left lower lateral ribs,1
fracture,right lateral eighth rib,1
fracture,right old clavicular,1
fracture,left second rib,1
fracture,left anterior seventh rib,1
fracture,left ac joint,1
fracture,right posterior third rib,1
fracture,right chest wall,1
fracture,mid thoracic ribs in the mid axillary line,1
fracture,right ninth anterolateral rib,1
fracture,right eighth and nineth lateral ribs,1
fracture,left third through fifth ribs,1
fracture,t5 vertebral body,1
fracture,right anterior lateral fourth through seventh rib,1
fracture,left lateral second and third ribs,1
fracture,thoracic,1
fracture,right fifth lateral rib,1
fracture,left second through fifth ribs,1
fracture,left lower hemithorax (proximal few centimeters of at least seven ribs),1
fracture,left mid shaft of clavicle,1
fracture,right shoulder,1
fracture,type 3 ac joint,1
fracture,anterior and of the second rib,1
fracture,right and lateral rib,1
fracture,multiple right rib,1
fracture,left side ribs,1
fracture,left posterolateral second rib,1
fracture,previously described rib,1
fracture,right t12 vertebral body,1
fracture,right rib(s),1
fracture,right lateral vertebral body at t11,1
fracture,right posterior eighth rib,1
fracture,left sixth and seventh posterolateral ribs,1
fracture,left posterior seventh and eighth rib,1
fracture,right eighth and ninth posterior rib,1
fracture,left 9th rib,1
fracture,"right clavicle, right scapula, multiple right-sided ribs",1
fracture,left 7th through 9th posterolateral ribs,1
fracture,left tenth rib,1
fracture,two uppermost sternal wires,1
fracture,anterolateral left rib,1
fracture,left-sided segmental ribs and left scapula,1
fracture,several ribs,1
fracture,"posterolateral left 4th and 5th ribs, distal left clavicle",1
fracture,mid and lower posterolateral left hemithorax,1
fracture,left 8th rib posterior lateral aspect,1
fracture,vertebral body,1
fracture,"left midclavicular, left lateral chest wall",1
fracture,lower thoracic vertebral body (likely t10),1
fracture,left 7th and 8th ribs,1
fracture,"right clavicular mid shaft, left rib cage",1
fracture,"left middle ribs, left scapula, right upper lateral ribs",1
fracture,right ribs and clavicle,1
fracture,left rib and left humeral shaft,1
fracture,right 2nd to 5th ribs,1
fracture,left posterolateral ninth rib,1
fracture,first and second superior-most sternal wires,1
fracture,right posterior eighth and ninth ribs,1
fracture,right posterior 5th through 8th ribs,1
fracture,left ribs and left midclavicle,1
fracture,posterior right ninth and tenth ribs,1
fracture,numerous ribs and right clavicle,1
fracture,right ribs and left anterior 5th rib,1
fracture,spine,1
fracture,anterior right 6th rib,1
fracture,right anterior seventh rib,1
fracture,right lateral 5th rib,1
fracture,right fifth and sixth lateral arch ribs,1
fracture,lateral left 7th rib,1
fracture,"left ribs, right distal clavicle",1
fracture,left fifth and sixth ribs anteriorly,1
fracture,right lateral fifth rib,1
fracture,right clavicle distal aspect,1
fracture,"left lateral 6th,7th,8th ribs",1
fracture,fourth sternal wire,1
fracture,"right anterior fourth rib, midthoracic body",1
fracture,left middle rib posterior portion,1
fracture,anterior compression fracture at thoracolumbar junction,1
fracture,uppermost pedicle screws of prior posterior thoracolumbar fusion,1
fracture,anterior t11 vertebral body,1
fracture,posterior right 5th and 6th ribs,1
fracture,right middle ribs posteriorly,1
fracture,"mid thoracic bodies, t4 vertebral body",1
fracture,right lower ribs posteriorly,1
fracture,second from top sternal wire,1
fracture,right mid femur,1
fracture,thoracolumbar junction/lower thoracic region,1
fracture,left lateral and 10th ribs,1
fracture,lateral right 4th to 7th ribs (possibly 8th rib),1
fracture,right lower chest cage laterally,1
fracture,right inferior screw,1
fracture,left 7th and 8th ribs lateral aspect,1
fracture,body of the sternum,1
fracture,right 8th and 9th ribs,1
fracture,multiple ribs and vertebral bodies,1
fracture,left 10th posterior lateral rib,1
fracture,right ninth rib lateral portion,1
fracture,two uppermost sternal wires and upper sternal fragments,1
fracture,"left lateral ribs, vertebral bodies",1
fracture,right clavicle and 3rd rib,1
fracture,"mid right clavicle, right posterolateral 5th rib",1
fracture,left-sided ribs and left distal third clavicle,1
fracture,"left ribs, right 4th anterior rib, 6th anterior rib, 5th antral lateral rib",1
fracture,"right 6th and 7th ribs, dorsal lateral portion",1
fracture,fourth and fifth ribs,1
fracture,lower thoracic vertebral body (t12),1
fracture,left t10 vertebral body,1
fracture,right lung apex,1
fracture,left sixth and seventh posterior ribs,1
fracture,inferiormost sternal wire,1
fracture,right tenth rib inferior lateral aspect,1
fracture,"left second rib laterally, right lateral tenth rib",1
fracture,middle of left clavicle,1
fracture,"left ninth rib, right shoulder",1
fracture,"right 8th,9th and 10th ribs",1
fracture,median sternotomy,1
fracture,left fourth rib,1
fracture,left fourth rib laterally,1
fracture,right posterior lower rib,1
fracture,uppermost metallic wire,1
fracture,left upper zone ribs,1
fracture,right 7th anterolateral rib,1
fracture,right fourth rib and bilateral ribs,1
fracture,right proximal clavicle,1
fracture,left lateral 10th rib,1
fracture,uppermost sternal wire,1
fracture,left anterolateral ninth rib,1
fracture,"posterior ribs t7, t9, t10",1
fracture,"left-sided ribs, left scapula",1
fracture,"left first, second, eighth ribs and right ninth rib",1
fracture,left multiple displaced ribs,1
fracture,right 3rd rib,1
fracture,left lateral rib and left scapula,1
fracture,bilateral seventh ribs,1
fracture,"left 7th,9th,10th ribs (posterolateral left 9th rib displaced)",1
fracture,left posterolateral seventh rib,1
fracture,"right mid and lower ribs, lateral aspects",1
fracture,right 1st rib,1
fracture,"right clavicle, ribs",1
fracture,right apical area and shoulder area,1
fracture,posterior left 11th rib,1
fracture,right sixth posterolateral rib,1
fracture,right middle rib lateral aspect,1
fracture,"right third, fourth, fifth and eighth ribs",1
fracture,left lateral 2nd-5th ribs,1
fracture,right midshaft clavicle,1
fracture,right second rib anterolateral,1
fracture,posterolateral right 6th and 7th ribs,1
fracture,right ribs and right clavicle,1
fracture,right posterior 5th and potentially 7th ribs,1
fracture,left posterior lateral ribs 5 through 8,1
fracture,left posterior lateral ribs (5th-8th ribs),1
fracture,left sixth and seventh ribs along lateral arch,1
fracture,left eighth rib,1
fracture,posterior right ninth rib,1
fracture,multiple ribs and sternum,1
fracture,right lateral fifth through seventh ribs,1
fracture,mid thoracic body,1
fracture,t11 and t12 vertebrae,1
fracture,upper sternum,1
fracture,right ribs 6-8,1
fracture,t12 and l2,1
fracture,multiple right posterolateral ribs,1
fracture,left upper ribs,1
fracture,left posterolateral 8th and 9th ribs,1
fracture,"left posterolateral eighth rib, left ninth rib",1
fracture,left lateral lower rib,1
fracture,left 7th rib posterior arch and possibly left posterior 8th rib,1
fracture,left lateral and 7th ribs,1
fracture,right lower rib (suspected 9th rib),1
fracture,bilateral shoulders,1
fracture,left sixth and seventh ribs,1
fracture,left second through sixth ribs,1
fracture,right and left ninth ribs,1
fracture,multiple vertebrae,1
fracture,mid and lower thoracic vertebral bodies,1
fracture,lower thoracic and lumbar vertebral bodies,1
fracture,left and right ribs,1
fracture,left posterior lateral sixth rib,1
fracture,midportion of right clavicle,1
fracture,left anterolateral third rib,1
fracture,left posterior tenth rib,1
fracture,right posterior first rib,1
fracture,second to last median sternotomy wire,1
fracture,sternum and multiple bilateral ribs,1
fracture,right mid to lower ribs,1
fracture,left lateral 8th and 9th ribs,1
fracture,posterior fourth rib,1
fracture,posterior ribs,1
fracture,left third posterior and anterior rib,1
fracture,"bilateral posterior ribs, mid thoracic spine",1
fracture,"right tenth rib, lateral aspect",1
fracture,"left posterior ribs 4,5,6",1
fracture,proximal left humeral diaphysis,1
fracture,several vertebral bodies,1
fracture,left 4th and 5th posterior lateral ribs,1
fracture,right 6th-8th posterolateral rib arches,1
fracture,mid-thoracic vertebrae,1
fracture,superior sternal wires,1
fracture,mid thoracic vertebral bodies,1
fracture,multiple ribs and left clavicle,1
fracture,right mid zone rib,1
fracture,right ribs and left upper posterior rib,1
fracture,left eighth rib anterior lateral aspect,1
fracture,t vertebral body anterior,1
fracture,right anterior ribs,1
fracture,"left ribs, right lower anterior rib",1
fracture,left upper lateral rib,1
fracture,left middle rib,1
fracture,thoracoabdominal junction,1
fracture,right posterior chest cage,1
fracture,left anterolateral 7th rib,1
fracture,left posterolateral mid to lower ribs,1
fracture,multiple mid thoracic vertebrae,1
fracture,right eleventh posterior rib,1
fracture,left sixth rib (posterolateral and anterior),1
fracture,superior two sternal wires,1
fracture,mid left clavicle and multiple contiguous posterior left ribs,1
fracture,"thoracolumbar junction, mid-to-lower thoracic spine",1
fracture,multiple posterior ribs,1
fracture,t9,1
fracture,anterior wedge,1
fracture,thoracic spine (t10-t11),1
fracture,right 8th and 9th lateral ribs,1
fracture,ribs adjacent to left upper lobe,1
granuloma,none,71
granuloma,right upper lobe,41
granuloma,left upper lobe,28
granuloma,right lung base,25
granuloma,left lower lobe,21
granuloma,right lower lobe,18
granuloma,right mid lung,17
granuloma,left mid lung,17
granuloma,bilateral lungs,16
granuloma,biapical,15
granuloma,left lung base,14
granuloma,right upper lung,13
granuloma,left upper lung,13
granuloma,bilateral apices,12
granuloma,right lung,11
granuloma,right lower lung,11
granuloma,left lung apex,10
granuloma,left apex,8
granuloma,left lung,8
granuloma,right apical,7
granuloma,right apex,7
granuloma,right lung apex,7
granuloma,bilateral,6
granuloma,right mid lung field,6
granuloma,right base,6
granuloma,right middle lobe,5
granuloma,left base,5
granuloma,right upper lung field,4
granuloma,right midlung,4
granuloma,bilateral lung apices,4
granuloma,bilateral apical,3
granuloma,lung apices,3
granuloma,left lower lung,3
granuloma,upper lungs,3
granuloma,upper lobes,3
granuloma,left lung laterally,2
granuloma,lungs,2
granuloma,left midlung,2
granuloma,lower lobes,2
granuloma,right lower lung zone,2
granuloma,lateral right upper lung,2
granuloma,right mid to lower lung,2
granuloma,left mid lung field,2
granuloma,left apical,2
granuloma,left mid lung zone,2
granuloma,lateral right lung base,2
granuloma,mediastinal and hilar lymph nodes,2
granuloma,left basilar,2
granuloma,left hilum,2
granuloma,right lung base laterally,2
granuloma,left costophrenic angle,2
granuloma,both lungs,2
granuloma,right apical region,2
granuloma,lingula,2
granuloma,bilateral upper lobes,2
granuloma,mediastinal and hilar nodes,2
granuloma,left apical region,2
granuloma,mediastinal lymph nodes,2
granuloma,left lung bases,2
granuloma,lateral right mid lung field,1
granuloma,right upper lobe and hila,1
granuloma,upper lobes of the lungs,1
granuloma,right scapula region,1
granuloma,upper lungs (right more numerous),1
granuloma,right upper lung above right second rib,1
granuloma,anterior right second rib,1
granuloma,left subpleural areas,1
granuloma,right mid lung zone,1
granuloma,right lateral 6th and 7th ribs,1
granuloma,mid lung region,1
granuloma,peripheral right upper lobe,1
granuloma,right upper to mid lung,1
granuloma,both lower lobes and bases of the right upper lobe,1
granuloma,superior right lower lobe,1
granuloma,"left mid lung, left lung apex",1
granuloma,both lung bases,1
granuloma,right hemithorax,1
granuloma,mid and lower lungs,1
granuloma,liver dome,1
granuloma,"left upper hemithorax, medial left clavicle, posterior medial left fifth rib",1
granuloma,right upper lobe lateral aspect,1
granuloma,right midlung field,1
granuloma,right posterior tenth rib underside,1
granuloma,posterior costophrenic region,1
granuloma,mediastinal and right hilar lymph nodes,1
granuloma,eighth rib posteriorly,1
granuloma,intrathoracic lymph nodes and interstitial lung,1
granuloma,right hilus and ap window,1
granuloma,left midlung laterally,1
granuloma,right infrahilar region,1
granuloma,right lower lobe periphery,1
granuloma,right hemidiaphragm,1
granuloma,right apical and right perihilar,1
granuloma,lower angle of the scapula,1
granuloma,left lower costophrenic sulcus,1
granuloma,left upper to mid lung,1
granuloma,right lung and left lower lobe,1
granuloma,left apex overlying medial left clavicle,1
granuloma,right mid zone lateral,1
granuloma,"right apical, right paratracheal and right hilar regions",1
granuloma,mid left lung,1
granuloma,lateral right lower lung,1
granuloma,right upper zone laterally overlying right third anterior,1
granuloma,right seventh rib,1
granuloma,left upper lung posteriorly,1
granuloma,bilateral upper lungs,1
granuloma,left hemidiaphragm,1
granuloma,left over heart,1
granuloma,retrocardiac,1
granuloma,left midlung zone,1
granuloma,left lower lung field,1
granuloma,"left upper lobe, right pleura",1
granuloma,right upper zone,1
granuloma,both lobes,1
granuloma,right apicolateral,1
granuloma,adjacent to right heart border,1
granuloma,"left lower lobe, superior segment",1
granuloma,right upper and mid lung,1
granuloma,left lower lobe periphery,1
granuloma,"left upper lobe, left hilar lymph nodes",1
granuloma,right lung apex medially,1
granuloma,left,1
granuloma,left lateral lung,1
granuloma,lateral left lung base,1
granuloma,left upper and lower lobes,1
granuloma,left mid and lower lungs,1
granuloma,right lung bases,1
granuloma,right mid lung lateral,1
granuloma,left basilar pulmonary,1
granuloma,right mid-zone,1
granuloma,right hilar node,1
granuloma,mid upper lungs,1
granuloma,left upper lobe or left lung base,1
granuloma,"right perihilar areas, left perihilar areas",1
granuloma,posterior right fourth rib,1
granuloma,aortopulmonary window,1
granuloma,superior margin of the right clavicle,1
granuloma,left anterior second rib,1
granuloma,left mid-lung lateral,1
granuloma,right mid lung over right 6th and 7th posterior ribs,1
granuloma,lateral left hemithorax,1
granuloma,right mid field,1
granuloma,perihilar,1
granuloma,"right lung, lateral fifth posterior rib",1
granuloma,left third anterior rib,1
granuloma,anterior 1st rib,1
granuloma,right mid lung region,1
granuloma,right third interspace,1
granuloma,left middle lung zone,1
granuloma,"right hilum, right lower paratracheal region",1
granuloma,left retrocardiac region,1
granuloma,left scapula tip lateral,1
granuloma,apices,1
granuloma,anterior right third rib,1
granuloma,left upper lung field,1
granuloma,bilateral pulmonary parenchyma,1
granuloma,bilateral upper lobe,1
granuloma,left eighth rib,1
granuloma,right mediastinal node,1
granuloma,left lateral lung base,1
granuloma,right upper lobe periphery,1
granuloma,left lateral mid-lung,1
granuloma,right midlung zone,1
granuloma,left lingula,1
granuloma,"left lung apex, medial to the first rib",1
granuloma,apical,1
granuloma,left sternoclavicular joint,1
granuloma,upper lobe,1
granuloma,lateral right mid lung,1
granuloma,mid zones,1
granuloma,right ninth rib,1
granuloma,anterior second right rib,1
granuloma,left lower lobe posterior basal segment,1
granuloma,right posterior rib end just to the left of midline,1
granuloma,apex,1
granuloma,left upper chest laterally,1
granuloma,"left lung, right lung",1
granuloma,bilateral apical pleural,1
granuloma,"left perihilar, right middle lobe",1
granuloma,"both upper lobes, right greater than left",1
granuloma,mediastinal/hilar,1
granuloma,left mid/upper lung,1
granuloma,right upper zone laterally overlying the right fourth posterior rib,1
granuloma,left fifth posterior and third anterior rib,1
granuloma,apical region,1
granuloma,right upper lung medially,1
granuloma,left-sided mediastinal and left hilar lymph nodes,1
granuloma,right lower lung field,1
granuloma,right 2nd rib anteriorly,1
granuloma,left hilus,1
granuloma,left hemithorax (underneath the sixth posterior rib),1
granuloma,left lung (in the context of granuloma speculation),1
granuloma,lateral left mid lung,1
granuloma,right eighth posterior rib,1
granuloma,left perihilar,1
granuloma,right peritracheal and bilateral hila,1
granuloma,posterior left lobe,1
granuloma,calcified nodes,1
granuloma,scattered,1
granuloma,bilateral apical pleura (more prominent on the right),1
granuloma,right hilum,1
granuloma,hilum,1
granuloma,"right hilar lymph nodes, right lung",1
granuloma,bilateral hilar and mediastinal,1
granuloma,right sixth and seventh ribs,1
granuloma,lung parenchyma,1
granuloma,right lung (partly over 7th right rib),1
granuloma,superior to right hilus,1
granuloma,left mid lung and right apex,1
granuloma,left below anterior aspect of first rib,1
granuloma,right posterior tenth rib,1
granuloma,apical (right predominance),1
granuloma,left 8th rib,1
granuloma,left lateral rib,1
granuloma,right posterior lung base,1
granuloma,left and right upper lobes,1
granuloma,left perihilar region,1
granuloma,bilateral hilar,1
granuloma,left and right lung apex,1
granuloma,pulmonary outflow tract,1
granuloma,right hilar and mediastinal lymph nodes,1
granuloma,"left suprahilar region, left hilar nodes, parenchyma",1
granuloma,right upper zone laterally,1
granuloma,central and peripheral,1
granuloma,hilar and mediastinal lymph nodes,1
granuloma,"right upper lobe, right lower lobe, left lower lobe",1
granuloma,left base laterally,1
granuloma,central lymph nodes,1
granuloma,bilateral hila,1
granuloma,right midzone,1
granuloma,hilar,1
granuloma,hila,1
granuloma,hilar lymph nodes,1
granuloma,medial right upper lobe,1
granuloma,left upper zone,1
granuloma,hila and right upper lobe,1
granuloma,left hilar lymph nodes,1
granuloma,left upper lobe apical posterior segment,1
granuloma,right,1
granuloma,right upper hemithorax,1
granuloma,mediastinal node,1
granuloma,"left upper lobe, left mid lung",1
granuloma,posterior left lung,1
hernia,hiatal,436
hernia,none,120
hernia,retrocardiac,70
hernia,hiatus,58
hernia,right hemidiaphragm,39
hernia,left hemidiaphragm,18
hernia,retrocardiac region,18
hernia,hiatal region,15
hernia,esophageal hiatus,6
hernia,diaphragm,6
hernia,anterior right hemidiaphragm,4
hernia,left upper quadrant,4
hernia,left hemithorax,4
hernia,stomach,3
hernia,left base retrocardiac,3
hernia,right cardiophrenic angle,3
hernia,right anterior hemidiaphragm,3
hernia,retrocardiac space,3
hernia,right diaphragm,3
hernia,right lower lobe,2
hernia,retrocardiac medial,2
hernia,upper abdomen,2
hernia,anterior mediastinum,2
hernia,hiatal hernia,2
hernia,posterior right hemidiaphragm,2
hernia,bilateral bochdalek hernias,2
hernia,lower mediastinum,2
hernia,umbilical,2
hernia,left hemidiaphragm posteriorly,2
hernia,left posterior diaphragm,2
hernia,left posterior costophrenic angle,2
hernia,anterior diaphragm,2
hernia,lower central mediastinum,2
hernia,right hemithorax,2
hernia,right acromioclavicular joint,2
hernia,left costophrenic angle,2
hernia,central mediastinum,2
hernia,hiatus hernia,2
hernia,posterior to the heart,2
hernia,right hemidiaphragm medial segment,1
hernia,periesophageal,1
hernia,colon between right hemidiaphragm and liver,1
hernia,stomach and splenic flexure above hemidiaphragm,1
hernia,"below the diaphragm, stomach",1
hernia,mediastinum,1
hernia,thoracic cavity,1
hernia,retrocardiac hiatal hernia,1
hernia,left bochdalek's hernia (left hemidiaphragm),1
hernia,left bochdalek region,1
hernia,gastric,1
hernia,left lower paraspinal stripe,1
hernia,right base between liver and diaphragm,1
hernia,medial retrocardiac region,1
hernia,pectus,1
hernia,posterior,1
hernia,posterior aspect of right hemidiaphragm,1
hernia,retrocardiac area,1
hernia,right posterior hemidiaphragm,1
hernia,medial left base retrocardiac region,1
hernia,retrocardiac region just left of midline,1
hernia,left bochdalek hernia,1
hernia,retrocardiac hiatal,1
hernia,retrocardiac position,1
hernia,hiatal hernia (intrathoracic stomach),1
hernia,right bochdalek region,1
hernia,right hemidiaphragm anteriorly,1
hernia,"middle to posterior mediastinum, right of midline",1
hernia,lower mediastinum (retrocardiac),1
hernia,retrosternal airspace at manubrium level,1
hernia,posterior left lung base,1
hernia,right anterior diaphragm,1
hernia,below the diaphragm,1
hernia,right colon between liver and hemidiaphragm,1
hernia,right bochdalek hernia,1
hernia,posterior left diaphragmatic contour,1
hernia,left posterior hemidiaphragm,1
hernia,right cardiophrenic,1
hernia,midline retrocardiac,1
hernia,right hemidiaphragm between liver and colon,1
hernia,lower central mediastinum slightly right of midline,1
hernia,left diaphragmatic region,1
hernia,hiatal area,1
hernia,retrocardiac region anterior to aorta,1
hernia,left paracardiac,1
hernia,left diaphragm,1
hernia,left lower medial hemithorax,1
hernia,bilateral diaphragmatic,1
hernia,posterior left hemidiaphragm,1
hernia,right medial lung base,1
hernia,hiatal region with intrathoracic stomach,1
hernia,"hiatal, diaphragmatic/morgagni",1
hernia,"abdomen (multiple dilated bowel loops, incompletely imaged)",1
hernia,"left hemidiaphragm posteriorly, lower chest",1
hernia,above the hemidiaphragm,1
hernia,right posterior bochdalek hernia,1
hernia,posterior bibasilar,1
hernia,under diaphragm,1
hernia,near ge junction,1
hernia,midline projecting over the heart,1
hernia,left posterior costophrenic angles,1
hernia,right ventricle,1
hernia,medial stomach bubble,1
hernia,upper anterior abdominal wall,1
hernia,large hiatal,1
hernia,left hemi thorax,1
hernia,right cardiophrenic sulcus anteriorly,1
hernia,left breast,1
hernia,left paraspinal region at the level of the diaphragm,1
hernia,lower left mediastinum,1
hernia,ascending aorta (concerning for aneurysm),1
hernia,small hiatal,1
hernia,posterior diaphragm (lateral view),1
hernia,left ac joint,1
hernia,"right chest wall, mid abdomen",1
hernia,right distal clavicle region,1
hernia,superior mediastinum,1
hernia,left inferior lung through a left inferolateral chest wall defect,1
hernia,right upper abdomen (hiatal),1
hernia,bochdalek's,1
hernia,left upper abdomen,1
hernia,bochdaleck region,1
hernia,right cervical rib,1
hernia,beneath the hemidiaphragms,1
hernia,lower mediastinum in the midline,1
hernia,left large hiatal area,1
hernia,left upper quadrant (for the prominent small bowel loop),1
hernia,right lower mediastinal,1
hernia,both iliac,1
hernia,left paraspinal region,1
hernia,left breast area (suggestive of previous mastectomy),1
hernia,right-sided morgagni,1
hernia,right ac joint,1
hernia,left hiatal region,1
hernia,right hemi-diaphragm,1
hernia,posterior left costophrenic angle,1
hernia,retrosternal,1
hernia,retrocardiac left base,1
hernia,below diaphragm,1
hernia,mediastinum (suspected hiatus hernia),1
hernia,left cardiophrenic angle,1
hernia,liver area and abdominal wall,1
hernia,retrocardiac region posterior to dilated lower esophagus,1
hernia,left of lower-most thoracic vertebral body above left hemidiaphragm,1
hernia,between liver and right hemidiaphragm,1
hernia,within the chest,1
hernia,upper paramedian chest,1
hernia,subdiaphragmatic fat,1
hernia,paraesophageal,1
hernia,diaphragmatic hiatus,1
hernia,"lower posterior chest, right of midline",1
hernia,left hemidiaphragm posterior aspect,1
hernia,right cardiophrenic area,1
hernia,right-sided thyroid,1
hernia,left mid and lower zones (gastric and/or diaphragmatic),1
hernia,left diaphragmatic,1
hernia,left lower lobe,1
hernia,left lung base,1
hernia,medial to right cardiophrenic border,1
hernia,lower posterior mediastinal contour,1
hernia,gastric hiatus,1
hernia,"upper left abdomen, left of midline",1
hernia,lower mediastinum midline,1
hernia,retrocardiac location,1
hernia,right anterior cardiophrenic sulcus,1
hernia,anterior small bowel loop,1
hernia,"left hemidiaphragm, intrathoracic",1
hernia,"retrocardiac mediastinum, low midline extending below diaphragm",1
hernia,"lower esophagus, hiatus",1
hernia,right lower hemithorax,1
hernia,left inferolateral chest wall (left lung herniation),1
hernia,hiatus hernia behind cardiac silhouette,1
hernia,cardiac silhouette,1
lung lesion,none,178
lung lesion,right upper lobe,120
lung lesion,left upper lobe,92
lung lesion,right lower lobe,68
lung lesion,bilateral lungs,61
lung lesion,left lower lobe,60
lung lesion,right lung,45
lung lesion,left mid lung,34
lung lesion,left lung,33
lung lesion,right lung base,32
lung lesion,right upper lung,30
lung lesion,lung apices,29
lung lesion,right mid lung,26
lung lesion,bilateral apices,22
lung lesion,right apical,21
lung lesion,biapical,21
lung lesion,right lung apex,20
lung lesion,left lung base,20
lung lesion,right middle lobe,20
lung lesion,right lower lung,18
lung lesion,left apical,18
lung lesion,lungs,18
lung lesion,left lower lung,17
lung lesion,left lung apex,17
lung lesion,right hilum,16
lung lesion,left upper lung,14
lung lesion,bilateral,13
lung lesion,bilateral lung apices,12
lung lesion,left apex,12
lung lesion,right apex,10
lung lesion,left midlung,10
lung lesion,left hilum,10
lung lesion,right perihilar,9
lung lesion,left perihilar,8
lung lesion,right base,8
lung lesion,right hilar,7
lung lesion,right hilus,7
lung lesion,lung,7
lung lesion,retrocardiac,6
lung lesion,left base,6
lung lesion,lung bases,6
lung lesion,lingula,6
lung lesion,left suprahilar,6
lung lesion,left hilar,5
lung lesion,right hemithorax,5
lung lesion,both lungs,5
lung lesion,bilateral upper lobes,4
lung lesion,left hilar region,4
lung lesion,right midlung,4
lung lesion,left perihilar region,4
lung lesion,bilateral apical,4
lung lesion,right lower lung zone,4
lung lesion,right infrahilar,4
lung lesion,right suprahilar region,4
lung lesion,diffuse lungs,4
lung lesion,apical,4
lung lesion,pulmonary,4
lung lesion,left lung bases,3
lung lesion,right paratracheal,3
lung lesion,right middle and lower lobes,3
lung lesion,right mid and lower lung,3
lung lesion,hila,3
lung lesion,right apical lung,3
lung lesion,right lung field,3
lung lesion,left lingula,3
lung lesion,right juxtahilar region,3
lung lesion,right infrahilar region,3
lung lesion,bilateral hilar,3
lung lesion,right upper lung zone,3
lung lesion,right hilar region,3
lung lesion,left mid to lower lung,3
lung lesion,both lung apices,3
lung lesion,left upper quadrant,3
lung lesion,right upper lung field,3
lung lesion,left lower lobe superior segment,3
lung lesion,lower lungs,3
lung lesion,upper lobe,3
lung lesion,apices,2
lung lesion,left lower lung zone,2
lung lesion,lung parenchyma,2
lung lesion,right middle lung,2
lung lesion,left suprahilar region,2
lung lesion,"left mid lung, right mid lung",2
lung lesion,left mid and lower lung,2
lung lesion,bilateral lung,2
lung lesion,left mid lung periphery,2
lung lesion,left hilus,2
lung lesion,bilateral pulmonary nodules,2
lung lesion,bilateral pulmonary,2
lung lesion,cardiac apex,2
lung lesion,left lateral lung base,2
lung lesion,left mid zone,2
lung lesion,mid right lung,2
lung lesion,central left hilar,2
lung lesion,bilateral lower lobes,2
lung lesion,right mid lung field,2
lung lesion,left posterior lung,2
lung lesion,first anterior rib,2
lung lesion,left mid lung zone,2
lung lesion,retrosternal clear space,2
lung lesion,lateral mid left lung,2
lung lesion,biapical lungs,2
lung lesion,right chest,2
lung lesion,left,2
lung lesion,over the heart,2
lung lesion,right,2
lung lesion,lateral right upper lung,2
lung lesion,costophrenic angle,2
lung lesion,right posterior thoracic,2
lung lesion,left upper lung zone,2
lung lesion,azygos lobe,2
lung lesion,right perifissural,2
lung lesion,left pulmonary hilum,2
lung lesion,left 6th rib,2
lung lesion,left basal,2
lung lesion,"left lung, right lung",2
lung lesion,proximal right clavicle,2
lung lesion,left basilar,2
lung lesion,basilar,2
lung lesion,right mid to lower lung,2
lung lesion,"right upper lobe, perihilar",2
lung lesion,right mid lung zone,2
lung lesion,right mid-to-lower lung,2
lung lesion,left mid lung field,2
lung lesion,left infrahilar,2
lung lesion,right lung bases,2
lung lesion,upper lungs,2
lung lesion,left chest wall,2
lung lesion,left posterior lateral rib 7,2
lung lesion,left retrocardiac region,2
lung lesion,left mid-to-lower lung,2
lung lesion,right pulmonary hilum,2
lung lesion,right apical parenchyma,2
lung lesion,left mid-to-upper lung,2
lung lesion,multiple pulmonary,2
lung lesion,right upper zone,2
lung lesion,right lower lung field,2
lung lesion,right upper lobe base,2
lung lesion,right hemidiaphragm,2
lung lesion,bilateral upper lobe,2
lung lesion,lateral right apex,2
lung lesion,lower lobes,2
lung lesion,anterior right third rib,2
lung lesion,hilar,2
lung lesion,retrocardiac region,2
lung lesion,left apical region,2
lung lesion,multiple pulmonary nodules,2
lung lesion,right lower lobe and right upper lobe,2
lung lesion,right paratracheal stripe,2
lung lesion,right breast,1
lung lesion,left greater than right biapical,1
lung lesion,both visualized lower lobes,1
lung lesion,superior segment left lower lobe,1
lung lesion,"bilateral hila, right heart border",1
lung lesion,right basal,1
lung lesion,right suprahilar midlung,1
lung lesion,left suprahilar and right upper lobe,1
lung lesion,"left upper lobe, anterior apical chest",1
lung lesion,basilar lungs,1
lung lesion,"left lung, fifth anterior interspace",1
lung lesion,apical aspect of the middle lobe and bases of the middle lobe,1
lung lesion,bases of right upper lobe,1
lung lesion,right lung apex and right posterior fourth rib,1
lung lesion,ap window,1
lung lesion,right mid lung laterally,1
lung lesion,left mid lung and left 7th posterior lateral rib,1
lung lesion,bilateral lungs (largest in left upper lobe),1
lung lesion,right mid zone laterally,1
lung lesion,lateral to descending aorta,1
lung lesion,lateral to aortic arch,1
lung lesion,left perihilar and left upper lobe,1
lung lesion,left inferior lingula adjacent,1
lung lesion,left lower and upper lobes,1
lung lesion,"right hilus, bilateral perihilar regions",1
lung lesion,bilateral lung bases,1
lung lesion,right mid/lower zone (lateral),1
lung lesion,posterior to xiphoid process of sternum,1
lung lesion,"bilateral lungs, peripheral",1
lung lesion,subpleural,1
lung lesion,left mid lung at fourth anterior rib level,1
lung lesion,slightly above and to the right of the right hilum,1
lung lesion,left juxta hilar,1
lung lesion,right ninth posterior rib,1
lung lesion,"right perihilar, upper mediastinum, right lower lung",1
lung lesion,left base and apices,1
lung lesion,left lung apex over left 4th rib,1
lung lesion,posterior perihilar left lower lobe superior segment,1
lung lesion,lower portion of mid thoracic vertebral body,1
lung lesion,right upper lung lateral,1
lung lesion,right hilum/infrahilar level,1
lung lesion,left upper lung (posterior between left 5th-6th ribs),1
lung lesion,right mid lung periphery,1
lung lesion,"right lower lobe, left lower lobe",1
lung lesion,right upper lobe lateral,1
lung lesion,right upper and mid lung zones,1
lung lesion,bilateral upper lung,1
lung lesion,upper lung,1
lung lesion,lateral left lower lobe,1
lung lesion,bilateral hilar and mediastinal regions,1
lung lesion,right hilus superior aspect,1
lung lesion,left infrahilar region and superior segment of left lower lobe,1
lung lesion,right hilus upper pole,1
lung lesion,both lungs diffusely,1
lung lesion,bilateral apical parenchyma,1
lung lesion,spine,1
lung lesion,right and left mid lung,1
lung lesion,left upper lung at posterior left 6th rib,1
lung lesion,right infrahilar and right lower lobe,1
lung lesion,right superior pleural surface,1
lung lesion,"right lung (central superior, right base, right mid lung zone)",1
lung lesion,left upper lobe paraaortic,1
lung lesion,peripheral lung,1
lung lesion,left upper hemi thorax,1
lung lesion,bilateral lung interstitium,1
lung lesion,right mid lung and anterior right fifth rib,1
lung lesion,cervical trachea,1
lung lesion,right apical and right hilar regions,1
lung lesion,"bilateral, posterior left lower lobe",1
lung lesion,left lower lobe and diffuse lung fields,1
lung lesion,"right lower lung field, posterior inferior lung field, left lung field",1
lung lesion,right hilum and right lower lobe,1
lung lesion,right-sided paramediastinal position,1
lung lesion,basilar regions,1
lung lesion,adjacent to the right hilum,1
lung lesion,posterior left lower lobe,1
lung lesion,left lower lobe and left mid lung,1
lung lesion,right upper lung and left lung,1
lung lesion,right hilum adjacent to posterior right 7th rib,1
lung lesion,right fourth intercostal space,1
lung lesion,left posterior 5th and 6th rib space,1
lung lesion,left hilar and bilateral pulmonary,1
lung lesion,"adjacent to descending aorta, projecting over heart (frontal) and vertebral body (lateral)",1
lung lesion,left lung base laterally,1
lung lesion,left mid-upper lung,1
lung lesion,anterior left sixth rib,1
lung lesion,right upper lobe and bilateral pulmonary,1
lung lesion,both upper lobes,1
lung lesion,left lung base superior to diaphragm,1
lung lesion,"right paratracheal region, subcarinal region",1
lung lesion,anterior medial right middle lobe,1
lung lesion,bilateral lung apices (left prominent),1
lung lesion,left of lower thoracic spine over cardiac silhouette,1
lung lesion,"right lung, left posterior mediastinum, left hilum",1
lung lesion,bilateral mid-to-lower lungs,1
lung lesion,left lower lobe superior portion,1
lung lesion,level of the hemidiaphragm,1
lung lesion,"left mid lung, right upper lobe",1
lung lesion,bilateral lung foci,1
lung lesion,mid upper lungs and retrocardiac region,1
lung lesion,right mediastinal margin at right hilum level,1
lung lesion,right anterior peripheral lung,1
lung lesion,left mid-lung,1
lung lesion,"retrosternal region, middle lobe or lingula",1
lung lesion,medial left clavicle,1
lung lesion,anterior region,1
lung lesion,posterior right sixth rib,1
lung lesion,left mid lung (lingula) and left lower lung,1
lung lesion,both lung fields including right upper lobe,1
lung lesion,upper lobes (right > left),1
lung lesion,central right upper lobe,1
lung lesion,right eighth posterolateral rib,1
lung lesion,peripheral right upper lobe,1
lung lesion,right apex and bilateral hilar,1
lung lesion,left mid lung region (left third anterior rib level),1
lung lesion,pleural-based,1
lung lesion,"bilateral lungs, right mid lung and right lung base",1
lung lesion,retrocardiac area,1
lung lesion,dorsal part of the eighth rib,1
lung lesion,right lower lobe subpleural,1
lung lesion,bilateral basal segments,1
lung lesion,bilateral lung nodules,1
lung lesion,superior segment right lower lobe and right apex,1
lung lesion,superior to left hilum,1
lung lesion,right paratracheal and other pulmonary regions,1
lung lesion,left hilum superior aspect,1
lung lesion,adjacent to the carina,1
lung lesion,right hilar and right upper lobe,1
lung lesion,right upper lobe and bibasilar lungs,1
lung lesion,bilateral apical regions,1
lung lesion,posterior left upper lobe,1
lung lesion,bilateral subpleural lung areas,1
lung lesion,superior segment of left upper lobe,1
lung lesion,lingular segment,1
lung lesion,left apical lung,1
lung lesion,right hilar contour,1
lung lesion,interstitium,1
lung lesion,posterior mid thorax,1
lung lesion,right 7th rib posteriorly,1
lung lesion,left hemithorax,1
lung lesion,left suprahilar and right apical,1
lung lesion,"lingula, left apex",1
lung lesion,over the lower thoracic spine,1
lung lesion,posterior to superior aspect of descending thoracic aorta,1
lung lesion,"left suprahilar region, bilateral lungs",1
lung lesion,left lateral eighth rib,1
lung lesion,"left mid lung field, ap window",1
lung lesion,left upper hemithorax,1
lung lesion,left 8th posterior rib,1
lung lesion,lateral left lung apex,1
lung lesion,left mid lung perihilar region,1
lung lesion,right upper lobe and right hilum,1
lung lesion,right mid lung costal surface,1
lung lesion,"lung apices, right perihilar region, left lower lobe",1
lung lesion,left perihilar region and right lower lobe,1
lung lesion,left apical pleuroparenchyma,1
lung lesion,"left upper lobe, posterior mid-lower thoracic spine region",1
lung lesion,"left upper lung (aortic notch level), right hemidiaphragm, left hemidiaphragm",1
lung lesion,biapical and left lung base,1
lung lesion,lateral to left heart border,1
lung lesion,right juxtahilar upper lobe,1
lung lesion,periphery of right lung base,1
lung lesion,"lung parenchyma, posterior",1
lung lesion,"bilateral lung apices, left lung cyst",1
lung lesion,"left mid and lower lung, right lung base",1
lung lesion,right lower lobe near costophrenic angle,1
lung lesion,peritracheal and hilar,1
lung lesion,bilateral hilar and right paratracheal,1
lung lesion,apical aspect of left hilus,1
lung lesion,right chest mass,1
lung lesion,right upper paratracheal region,1
lung lesion,"left hilum, scattered ribs, clavicles, sternum, scapulae",1
lung lesion,"anterior left fourth rib, medial right hemidiaphragm",1
lung lesion,left lung base and bilateral lungs,1
lung lesion,left and right upper lungs,1
lung lesion,right lower lobe periphery,1
lung lesion,medial lung apex,1
lung lesion,"bilateral lungs, lower zones more extensive",1
lung lesion,left posterior lateral seventh rib,1
lung lesion,right lateral lung apex,1
lung lesion,mid left lung,1
lung lesion,throughout lung parenchyma,1
lung lesion,posterior to the sternum,1
lung lesion,superior to right hilus,1
lung lesion,perihilar,1
lung lesion,left upper lobe and left lower lobe bases,1
lung lesion,right upper lobe anterior segment,1
lung lesion,right suprahilar lung,1
lung lesion,right third rib,1
lung lesion,right tracheobronchial angle,1
lung lesion,right anterior and 5th rib,1
lung lesion,paramediastinal right-sided,1
lung lesion,anterior right fifth rib,1
lung lesion,upper lungs (both sides),1
lung lesion,biapical right,1
lung lesion,"over the cardiac silhouette, abutting the diaphragm",1
lung lesion,adjacent to left pericardial fat pad,1
lung lesion,"left lung base, lung apices",1
lung lesion,right paramediastinal,1
lung lesion,right humeral head,1
lung lesion,left lateral lower chest,1
lung lesion,"right mid lung, bibasilar regions",1
lung lesion,osseous structures,1
lung lesion,bibasilar peripheral lung,1
lung lesion,over the heart shadow (necklace medallion),1
lung lesion,anterior right upper lobe,1
lung lesion,left scapula,1
lung lesion,left mainstem bronchus,1
lung lesion,right low lung,1
lung lesion,right supraclavicular region,1
lung lesion,right first anterior costochondral cartilage,1
lung lesion,"right azygos lobe, epihilar and paramediastinal",1
lung lesion,left anterior 1st rib,1
lung lesion,just lateral to the distal trachea on the frontal view,1
lung lesion,left lower lobe medial aspect of superior segment,1
lung lesion,left of the cardiac apex,1
lung lesion,right lung apices,1
lung lesion,right scapula tip,1
lung lesion,left scapula region,1
lung lesion,thoracic spine,1
lung lesion,both lung fields,1
lung lesion,right ninth rib,1
lung lesion,retrocardiac left lower lobe,1
lung lesion,"right upper lung, right lower lung",1
lung lesion,right medial apex of the lung,1
lung lesion,anterior mediastinum,1
lung lesion,posterior thorax and lower thoracic spine,1
lung lesion,left lateral lung apex,1
lung lesion,right scapular region,1
lung lesion,right lung apex and anterior right first rib,1
lung lesion,right medial lung base,1
lung lesion,vertebral bodies,1
lung lesion,lateral right mid lung,1
lung lesion,right second rib,1
lung lesion,both mid lungs,1
lung lesion,posterior retrocardiac region,1
lung lesion,left dominant lingular,1
lung lesion,"left lung, left hilus",1
lung lesion,left mid to upper abdomen,1
lung lesion,right neck,1
lung lesion,"right upper lobe, right lower lobe",1
lung lesion,right hilar and suprahilar regions,1
lung lesion,multiple nodular opacifications,1
lung lesion,"left perihilar, right middle lobe",1
lung lesion,mid mediastinum,1
lung lesion,overlying the left proximal humerus,1
lung lesion,mid thoracic vertebral bodies,1
lung lesion,"right mid to lower lung, left upper abdomen",1
lung lesion,anterior parts of the sixth rib,1
lung lesion,left upper and mid lung,1
lung lesion,extreme left lung apex,1
lung lesion,bilateral lung apices over the anterior bilateral first ribs,1
lung lesion,left low posterior lung,1
lung lesion,right lung base laterally,1
lung lesion,bilateral first costochondral junction,1
lung lesion,lower right hemi thorax,1
lung lesion,right upper chest,1
lung lesion,"right lung (anterior to cardiac silhouette, just behind sternum on lateral view)",1
lung lesion,left lower lung and chest wall periphery,1
lung lesion,left mid to lower lung fields,1
lung lesion,multiple in each lung,1
lung lesion,left hemidiaphragm,1
lung lesion,left axilla,1
lung lesion,left paramediastinal,1
lung lesion,right proximal humerus,1
lung lesion,anterior chest,1
lung lesion,lung (consistent with known mass),1
lung lesion,left lung base peripherally,1
lung lesion,upper portion of the lowermost visible thoracic vertebral body,1
lung lesion,right clavicle and scapula,1
lung lesion,right upper lobe paramediastinal,1
lung lesion,left third anterior rib,1
lung lesion,left heart border,1
lung lesion,left rib lateral,1
lung lesion,bones,1
lung lesion,left ninth rib,1
lung lesion,left l1 vertebral body,1
lung lesion,multiple pulmonary nodules (better assessed on ct),1
lung lesion,anterior and mediastinum,1
lung lesion,right middle and right lower lobes,1
lung lesion,right paraspinal region,1
lung lesion,scattered within lungs,1
lung lesion,prevertebral,1
lung lesion,underlying lung,1
lung lesion,thoracic inlet / mid-line,1
lung lesion,upper chest (right more prominent),1
lung lesion,extreme right medial apex,1
lung lesion,"left cardiac silhouette, anterior left sixth rib",1
lung lesion,middle lobe,1
lung lesion,"right upper, left upper and left mid lungs",1
lung lesion,right lower lobe superior segment,1
lung lesion,left humerus,1
lung lesion,left pleural-based,1
lung lesion,anterior aspect of vertebral body,1
lung lesion,right second anterior interspace,1
lung lesion,left clavicle at the level of the third posterior rib,1
lung lesion,lingula inferiorly,1
lung lesion,left humeral head,1
lung lesion,right side of the trachea at the thoracic inlet,1
lung lesion,thoracic spine and ribs,1
lung lesion,right upper lobe basis,1
lung lesion,right scapula,1
lung lesion,thoracic inlet,1
lung lesion,right posterolateral fifth rib,1
lung lesion,right mid zone,1
lung lesion,left upper half of thorax,1
lung lesion,left lung at the level of the aortic arch laterally,1
lung lesion,right 6th rib posteriorly,1
lung lesion,right medial clavicle,1
lung lesion,right upper mediastinum,1
lung lesion,right lung at the intersection of the scapula and the right third anterior rib,1
lung lesion,anterior right second rib,1
lung lesion,right mid and left lower lung,1
lung lesion,left hemi thorax,1
lung lesion,right side of the upper thoracic trachea,1
lung lesion,multiple,1
lung lesion,right seventh rib,1
lung lesion,right heart,1
lung lesion,right hemidiaphragm anterior aspect,1
lung lesion,right first anterior rib,1
lung lesion,right lower paratracheal region,1
lung lesion,retrosternal,1
lung lesion,left mid to upper lung,1
lung lesion,"right upper/lower lobes, left upper/lower lobes",1
lung lesion,right upper zone laterally,1
lung lesion,left lower chest (anterior 5th rib level),1
lung lesion,retrocardiac and left lung base,1
lung lesion,base overlying the heart,1
lung lesion,left mid lung field and inferior tip of scapula,1
lung lesion,right apical lobe,1
lung lesion,left lower pole,1
lung lesion,left upper and lower lobes,1
lung lesion,right major fissure,1
lung lesion,"left lung apex, left first rib",1
lung lesion,left juxtahilar,1
lung lesion,"left lung (most), lower right lung",1
lung lesion,right anterior interspace and subpleural,1
lung lesion,lingular,1
lung lesion,"cervicothoracic mediastinum, anterior left lateral trachea to aortic arch",1
lung lesion,right upper lung laterally,1
lung lesion,left perihilar lung,1
lung lesion,airways,1
lung lesion,right juxta hilar,1
lung lesion,lungs and hila,1
lung lesion,"right upper lobe, right middle lobe, right lower lobe",1
lung lesion,right lung apex and right lower lobe,1
lung lesion,intrathoracic,1
lung lesion,left mid and lower lung periphery,1
lung lesion,left of lower-most thoracic vertebral body above left hemidiaphragm,1
lung lesion,left lung lateral to cardiac apex,1
lung lesion,right upper lobe axillary region,1
lung lesion,left peripheral lung,1
lung lesion,left costophrenic sinus,1
lung lesion,right upper lobe anterior segment and bilateral upper lungs,1
lung lesion,posterior right fourth rib,1
lung lesion,bilateral basilar lung parenchyma,1
lung lesion,mid and lower lung zones,1
lung lesion,"left hilus, perhaps ap window",1
lung lesion,right lateral hemithorax,1
lung lesion,central endobronchial,1
lung lesion,"right heart border, anterior right 4th rib and interspace",1
lung lesion,right upper lobe and left perihilar region,1
lung lesion,right peritracheal,1
lung lesion,left 5th and 6th posterior ribs,1
lung lesion,"left suprahilar region, right lung nodules",1
lung lesion,"between ribs, anterior",1
lung lesion,right upper lobe and lingular,1
lung lesion,right seventh,1
lung lesion,"right lower lobe, pleura, hilus and mediastinum",1
lung lesion,throughout the thorax,1
lung lesion,left hilum upper pole,1
lung lesion,lung bases and right middle lobe,1
lung lesion,"right axillary region, anterior 3rd rib",1
lung lesion,mid lung,1
lung lesion,right mediastinal margin,1
lung lesion,right apex and lingular,1
lung lesion,right basal lung,1
lung lesion,right upper lobe periphery,1
lung lesion,right midzone,1
lung lesion,left medial clavicle,1
lung lesion,"retrocardiac region, possibly right of lower thoracic spine",1
lung lesion,anterior,1
lung lesion,right pulmonary hilus,1
lung lesion,medial right upper lobe,1
lung lesion,left retrocardiac lung areas,1
lung lesion,left paramediastinal apical mass,1
lung lesion,bibasal,1
lung lesion,bilateral bases,1
lung lesion,left third rib posteriorly,1
lung lesion,over the spine,1
lung lesion,bases of upper lobes,1
lung lesion,left upper lobe posterior,1
lung lesion,right parahilar,1
lung lesion,right hilar/rul,1
lung lesion,right lower lung parenchyma (projecting over 6th right rib),1
lung lesion,medial to right lower lobe,1
lung lesion,anterior region near right first rib,1
lung lesion,superior segment of left lower lobe,1
lung lesion,juxta hilar right lung,1
lung lesion,"right upper lobe, right lung, left upper lobe, bilateral",1
lung lesion,left lower lobe posterior basilar segment,1
lung lesion,left fissure,1
lung lesion,left juxtacardiac region over left posterior 8th rib,1
lung lesion,anterior right first rib,1
lung lesion,right mid-to-upper lung,1
lung lesion,left mid zone posteriorly,1
lung lesion,lower thoracic spine,1
lung lesion,base of the right lung,1
lung lesion,right hilar/infrahilar region,1
lung lesion,"right anterior sixth rib, left fifth anterior interspace, anterior aspect of mid thoracic vertebral body and other locations",1
lung lesion,right side,1
lung lesion,"right perihilar space, right lower lobe, left lung",1
lung lesion,left lung base periphery,1
lung lesion,right apical region,1
lung lesion,left upper lobe anterior and lingular segments,1
lung lesion,right extra pulmonary region,1
lung lesion,left perihilar and mid lung zones,1
lung lesion,left upper lobe and left suprahilar lung,1
lung lesion,right lung parenchyma (underlying costochondral cartilage),1
lung lesion,"right hilar, mediastinum and pleura",1
lung lesion,right upper lobe juxta hilar,1
lung lesion,right juxtahilar,1
lung lesion,"right lung, right lung apex, right costophrenic angle",1
lung lesion,right mid lung lateral aspect,1
lung lesion,right upper paratracheal,1
lung lesion,right lung and left lung base,1
lung lesion,"right hilar region, throughout the left lung",1
lung lesion,bilateral hila,1
lung lesion,left hilar and mediastinum,1
lung lesion,lower vertebral canal and lateral to cardiac apex,1
lung lesion,aorticopulmonary window (mediastinum),1
lung lesion,"both lungs, left upper lobe, anterior segment of right upper lobe, axillary region of left lung, lingula, probably left lower lobe",1
lung lesion,left paraspinal,1
lung lesion,right mediastinal and perihilar,1
lung lesion,retrosternal region,1
lung lesion,"left hemithorax apex, left hilar and mediastinal",1
lung lesion,anterior left third rib,1
lung lesion,lateral right lung base,1
lung lesion,projecting over the descending thoracic aorta,1
lung lesion,posterior to ivc (lateral view),1
lung lesion,right side and superior mediastinum,1
lung lesion,right anterior space between 5th ribs,1
lung lesion,right anterior lung near 5th rib,1
lung lesion,"projecting over cardiac silhouette, abutting diaphragm (lateral view only)",1
lung lesion,interstitial lung,1
lung lesion,"right upper lobe, left upper lung",1
lung lesion,retrosternal location,1
lung lesion,bilateral basal,1
lung lesion,bilateral apical (right more prominent),1
lung lesion,upper lobes and bibasilar regions,1
lung lesion,left upper lobe and both lung bases,1
lung lesion,"right upper lobe, left lung apex",1
lung lesion,left upper lung field and left anterior 1st rib,1
lung lesion,left fifth posterior rib,1
lung lesion,right upper lobe and left lower lobe,1
lung lesion,ascending thoracic aorta,1
lung lesion,anterior aspect of the second right rib,1
lung lesion,bilateral lungs and left lingular segment,1
lung lesion,"left lung, left hilus, central region",1
lung lesion,bilateral basal regions,1
lung lesion,"left perihilar, right middle lobe, multifocal peribronchovascular",1
lung lesion,bilateral lung apexes,1
lung lesion,left third anterior interspace,1
lung lesion,"bilateral apical regions, left greater than right",1
lung lesion,right apex medial aspect,1
lung lesion,right lung nodules (second and third anterior ribs projection),1
lung lesion,"mediastinal and hilar regions, lungs",1
lung lesion,tip of left scapula,1
lung lesion,bilateral hilar lymph nodes,1
lung lesion,posterior pleural surface,1
lung lesion,left hemidiaphragm medial,1
lung lesion,right middle lobe and multiple pulmonary nodules,1
lung lesion,scattered pulmonary (left upper lobe included),1
lung lesion,widespread lungs,1
lung lesion,anterior upper thorax (lateral view),1
lung lesion,"left hilus, right hilus",1
lung lesion,focal lungs,1
lung lesion,bilateral bronchial walls,1
lung lesion,"bilateral lungs, left lung (dominant)",1
lung lesion,upper posterior thorax,1
lung lesion,left main bronchus bifurcation,1
lung lesion,anterior right sixth rib,1
lung lesion,"right hilum, left rib, pulmonary nodules",1
lung lesion,scattered,1
lung lesion,"right lower lung, left upper lung",1
lung lesion,lung and pleura,1
lung lesion,left 6th rib anteriorly and lowest thoracic vertebral body,1
lung lesion,both hemithoraces,1
lung lesion,"right upper lobe, left upper lobe, left mid lobe",1
lung lesion,"bilateral lungs, lung bases",1
lung lesion,left lingular,1
lung lesion,lateral anterior,1
lung lesion,right anterior third rib,1
lung lesion,over spine and pre cardiac location,1
lung lesion,right mid lung (second anterior interspace and inferior to it),1
lung lesion,left mid to lower zone,1
lung lesion,mid lungs projecting over fifth anterior ribs and fourth anterior interspace,1
lung lesion,right lower lung periphery at 5th anterior rib level,1
lung opacity,left lower lobe,401
lung opacity,right lower lobe,390
lung opacity,right lung base,346
lung opacity,left lung base,274
lung opacity,bibasilar,268
lung opacity,none,239
lung opacity,retrocardiac,217
lung opacity,right upper lobe,213
lung opacity,left base,205
lung opacity,left basilar,198
lung opacity,lung bases,187
lung opacity,bilateral lungs,181
lung opacity,right base,162
lung opacity,right basilar,161
lung opacity,bilateral lung bases,141
lung opacity,bilateral bases,131
lung opacity,right middle lobe,129
lung opacity,retrocardiac region,119
lung opacity,right lung,104
lung opacity,bilateral basilar,95
lung opacity,bilateral,94
lung opacity,right lower lung,94
lung opacity,right mid lung,92
lung opacity,left retrocardiac,82
lung opacity,left lung,76
lung opacity,bilateral lower lobes,74
lung opacity,left mid lung,74
lung opacity,right upper lung,72
lung opacity,left upper lobe,71
lung opacity,bilateral basilar regions,68
lung opacity,left lower lung,65
lung opacity,bilateral basal regions,47
lung opacity,right infrahilar,45
lung opacity,bilateral parenchyma,45
lung opacity,lower lungs,43
lung opacity,lingula,40
lung opacity,right lung apex,39
lung opacity,left perihilar,37
lung opacity,perihilar,34
lung opacity,basilar,34
lung opacity,left retrocardiac region,33
lung opacity,right apical,32
lung opacity,lower lung,32
lung opacity,right apex,28
lung opacity,right infrahilar region,28
lung opacity,left basal,28
lung opacity,bilateral lower lungs,27
lung opacity,right basal,27
lung opacity,both lung bases,26
lung opacity,bilateral perihilar,26
lung opacity,bilateral lung parenchyma,26
lung opacity,bilateral basal,26
lung opacity,left hemithorax,26
lung opacity,left base retrocardiac,25
lung opacity,right hilum,24
lung opacity,bilateral lower lobe,23
lung opacity,right medial lung base,22
lung opacity,right hemithorax,22
lung opacity,bilateral interstitial,21
lung opacity,lungs,21
lung opacity,left upper lung,21
lung opacity,right perihilar,20
lung opacity,right cardiophrenic angle,19
lung opacity,diffuse,19
lung opacity,left lung apex,18
lung opacity,lower lobe,18
lung opacity,both lungs,17
lung opacity,right midlung,16
lung opacity,left apex,16
lung opacity,bilateral basilar airspaces,15
lung opacity,left heart border,14
lung opacity,medial right lung base,14
lung opacity,right mid and lower lung,13
lung opacity,bilateral lower lung,13
lung opacity,diffuse lungs,13
lung opacity,bilateral airspaces,13
lung opacity,left basilar lung,13
lung opacity,lower lobes,13
lung opacity,left midlung,12
lung opacity,right mid to lower lung,12
lung opacity,left costophrenic angle,12
lung opacity,right lung bases,12
lung opacity,diffuse interstitial,12
lung opacity,left mid and lower lung,12
lung opacity,bilateral bibasilar,12
lung opacity,left lingula,11
lung opacity,bases,11
lung opacity,left lung bases,11
lung opacity,bilateral apices,10
lung opacity,right lower lung zone,10
lung opacity,bibasilar airspaces,10
lung opacity,bilateral lung fields,10
lung opacity,left infrahilar region,10
lung opacity,left mid to lower lung,10
lung opacity,lingular,10
lung opacity,right heart border,10
lung opacity,bilateral basilar segments,10
lung opacity,both bases,10
lung opacity,left,9
lung opacity,left mid lung field,9
lung opacity,right perihilar region,9
lung opacity,upper lobe,9
lung opacity,left mid lung zone,9
lung opacity,bilateral upper lobes,9
lung opacity,left mid-to-lower lung,9
lung opacity,right suprahilar,9
lung opacity,right paratracheal,8
lung opacity,posterior basilar,8
lung opacity,right costophrenic angle,8
lung opacity,bilateral lung apices,8
lung opacity,right mid-to-lower lung,8
lung opacity,interstitial,8
lung opacity,left basilar retrocardiac,8
lung opacity,lingular lobe,8
lung opacity,right upper lung field,8
lung opacity,lower thoracic spine,8
lung opacity,multifocal,8
lung opacity,left lung base laterally,7
lung opacity,left perihilar region,7
lung opacity,lung parenchyma,7
lung opacity,bibasilar airspace,7
lung opacity,right medial base,7
lung opacity,bilateral basilar lungs,7
lung opacity,left suprahilar,7
lung opacity,bibasilar lungs,7
lung opacity,right basilar region,7
lung opacity,left cardiophrenic angle,7
lung opacity,"right middle lobe, left lower lobe",7
lung opacity,right suprahilar region,7
lung opacity,right hilar,7
lung opacity,left apical,7
lung opacity,basilar lungs,7
lung opacity,"right upper lobe, left lower lobe",7
lung opacity,right hilus,7
lung opacity,widespread,7
lung opacity,right lower hemithorax,6
lung opacity,right base medially,6
lung opacity,bilateral lower lung bases,6
lung opacity,widespread lungs,6
lung opacity,left lower lobe retrocardiac,6
lung opacity,right basilar lung,6
lung opacity,bibasal,6
lung opacity,right lung base medially,6
lung opacity,right upper to mid lung,6
lung opacity,right mid lung field,6
lung opacity,posterior lung base,6
lung opacity,left mid-lung,6
lung opacity,lung base,6
lung opacity,perihilar regions,5
lung opacity,left hemidiaphragm,5
lung opacity,left infrahilar,5
lung opacity,"right lower lobe, left lower lobe",5
lung opacity,adjacent to left heart border,5
lung opacity,right mid lung laterally,5
lung opacity,bilateral basal airspaces,5
lung opacity,bilateral basal parenchyma,5
lung opacity,right lower lung field,5
lung opacity,right upper and lower lobes,5
lung opacity,bilateral lower lung fields,5
lung opacity,right basal parenchyma,5
lung opacity,bilateral alveoli,5
lung opacity,bilateral perihilar regions,5
lung opacity,left upper zone,5
lung opacity,diffuse lung,5
lung opacity,diffuse bilateral lungs,5
lung opacity,right upper zone,5
lung opacity,right apical region,5
lung opacity,right cardiophrenic region,5
lung opacity,right middle lobe and lingula,4
lung opacity,right mid and upper lung,4
lung opacity,right lower lobe medial,4
lung opacity,bilateral lungs (right greater than left),4
lung opacity,lung apices,4
lung opacity,widespread lung parenchyma,4
lung opacity,right mid and lower lung zones,4
lung opacity,right middle and lower lobes,4
lung opacity,retrocardiac area,4
lung opacity,lower spine,4
lung opacity,lower lung zones,4
lung opacity,left mid to upper lung,4
lung opacity,left lower lobe and retrocardiac,4
lung opacity,bilateral apical,4
lung opacity,posterior left lower lobe,4
lung opacity,right mid zone,4
lung opacity,throughout the lungs,4
lung opacity,retrocardiac and right basilar,4
lung opacity,hilar,4
lung opacity,adjacent to right heart border,4
lung opacity,right mid lung periphery,4
lung opacity,right mid lung zone,4
lung opacity,right hemi thorax,4
lung opacity,bilateral parenchymal,4
lung opacity,left lower lung field,4
lung opacity,lateral right lung base,4
lung opacity,bilateral peribronchial,4
lung opacity,left lower lobe and right lower lobe,4
lung opacity,mid left lung,4
lung opacity,right medial basilar,4
lung opacity,left hilum,4
lung opacity,right hilar region,4
lung opacity,both lower lobes,4
lung opacity,bilateral hila,4
lung opacity,bilateral airspace,4
lung opacity,left hilus,4
lung opacity,right,4
lung opacity,right lung parenchyma,4
lung opacity,left basilar region,4
lung opacity,posterior costophrenic angle,3
lung opacity,pulmonary,3
lung opacity,"bilateral basilar regions, left greater than right",3
lung opacity,right middle and lower lobe,3
lung opacity,"right lung, left lung base",3
lung opacity,left first costochondral junction,3
lung opacity,pulmonary interstitium,3
lung opacity,bibasilar (left greater than right),3
lung opacity,left greater than right bibasilar,3
lung opacity,right and left lung,3
lung opacity,lateral left lung base,3
lung opacity,left lower lobe lateral,3
lung opacity,spine,3
lung opacity,right lower lobe and right middle lobe,3
lung opacity,left mid and lower lungs,3
lung opacity,hilar regions,3
lung opacity,right mid-lung,3
lung opacity,bilateral costophrenic angles,3
lung opacity,anterior right first rib,3
lung opacity,left lower hemithorax,3
lung opacity,right base and left base,3
lung opacity,diffuse interstitial lungs,3
lung opacity,bilateral basilar parenchyma,3
lung opacity,left lateral lung base,3
lung opacity,right lower lobe and right upper lobe,3
lung opacity,right basilar and retrocardiac,3
lung opacity,diffuse alveoli,3
lung opacity,left mid lung region,3
lung opacity,paramediastinal,3
lung opacity,left hilar,3
lung opacity,right upper lobe and right middle lobe,3
lung opacity,right basilar medial,3
lung opacity,both lower lungs,3
lung opacity,left suprahilar region,3
lung opacity,right lower lung periphery,3
lung opacity,right mid and lower lungs,3
lung opacity,bilateral mid and lower lungs,3
lung opacity,right upper lung zone,3
lung opacity,right upper lobe periphery,3
lung opacity,left upper and lower lobes,3
lung opacity,infrahilar region,3
lung opacity,bilateral hilar,3
lung opacity,left base and right base,3
lung opacity,lateral right base,3
lung opacity,right lateral lung base,3
lung opacity,bilateral lung,3
lung opacity,medial right lower lung,3
lung opacity,right perifissural,3
lung opacity,anterior right fifth rib,3
lung opacity,"right lower lung, retrocardiac region",3
lung opacity,left lateral lung,3
lung opacity,right middle lobe and left lower lobe,3
lung opacity,right lower lung base,3
lung opacity,bilateral medial lung bases,3
lung opacity,bilateral mid to lower lung,3
lung opacity,right lower lobe posteriorly,3
lung opacity,peribronchial,3
lung opacity,lingula and right lower lung,3
lung opacity,medial right base,3
lung opacity,retrocardiac left lower lobe,3
lung opacity,over the spine,3
lung opacity,lateral to left heart border,3
lung opacity,diffuse pulmonary,3
lung opacity,central,3
lung opacity,left lower chest,3
lung opacity,right upper lobe anterior segment,3
lung opacity,left lower lung zone,3
lung opacity,right posterior lung base,3
lung opacity,basal,3
lung opacity,right paratracheal region,3
lung opacity,right paramediastinal,3
lung opacity,right parenchyma,3
lung opacity,right and left lungs,3
lung opacity,bilateral basilar lung,3
lung opacity,right mid-zone,3
lung opacity,left mid zone,3
lung opacity,right lung basis,3
lung opacity,bilateral infrahilar,3
lung opacity,lower lung fields,3
lung opacity,left cardiac shadow,2
lung opacity,right lung base and right middle lobe,2
lung opacity,infrahilar right lung,2
lung opacity,left lower lobe and right lung,2
lung opacity,right base laterally,2
lung opacity,right mid lung region,2
lung opacity,right anterior second rib,2
lung opacity,left anterior second rib,2
lung opacity,right mid to upper lung,2
lung opacity,bilateral lung apices (right > left),2
lung opacity,"right basilar, retrocardiac",2
lung opacity,left perihilar region and right lung base,2
lung opacity,upper lungs,2
lung opacity,bilateral lower lobes and right upper lobe,2
lung opacity,lateral right upper hemithorax,2
lung opacity,"left lung base, retrocardiac",2
lung opacity,lower lobe posteriorly,2
lung opacity,mid and lower lungs,2
lung opacity,"left upper lung, right lung base",2
lung opacity,right upper lobe and left lower lobe,2
lung opacity,right base and retrocardiac region,2
lung opacity,left mid and lower lung fields,2
lung opacity,bibasilar and left lower lobe,2
lung opacity,right lung base laterally,2
lung opacity,left posterior basilar,2
lung opacity,bibasilar and right mid lung,2
lung opacity,diffuse lung bases,2
lung opacity,biapical,2
lung opacity,diffuse parenchyma,2
lung opacity,retrocardiac region and right lung base,2
lung opacity,widespread interstitial,2
lung opacity,lower posterior lungs,2
lung opacity,left upper lobe and lingula,2
lung opacity,"right base, left base",2
lung opacity,left midlung zone,2
lung opacity,right lung base and perihilar region,2
lung opacity,bilateral perihilar and lower lung,2
lung opacity,anterior right 2nd rib,2
lung opacity,anterior,2
lung opacity,left mid lung and bibasilar,2
lung opacity,"left upper lobe, bilateral lower lobes",2
lung opacity,left lower lobe and right upper lobe,2
lung opacity,right middle lobe and right lower lobe,2
lung opacity,posterior left base,2
lung opacity,medial right lower lobe,2
lung opacity,diffuse pulmonary parenchyma,2
lung opacity,patchy retrocardiac,2
lung opacity,basilar lung,2
lung opacity,mid to lower lungs,2
lung opacity,right posterior base,2
lung opacity,both upper lobes,2
lung opacity,right costovertebral sulcus,2
lung opacity,bilateral basal areas,2
lung opacity,right upper lobe and lingula,2
lung opacity,bilateral lung periphery,2
lung opacity,right infrahilar/lower lung,2
lung opacity,posterior inferior chest,2
lung opacity,"bilateral lungs, right greater than left",2
lung opacity,left lower lobe superior segment,2
lung opacity,apical,2
lung opacity,"right upper lobe, left upper lobe",2
lung opacity,"left lung base, right lung apex",2
lung opacity,right costophrenic sulcus,2
lung opacity,medial left lung apex,2
lung opacity,bilateral diffuse lungs,2
lung opacity,"right lower lobe, left base retrocardiac",2
lung opacity,left mid lobe,2
lung opacity,inferior left heart border,2
lung opacity,left lower lobe basilar,2
lung opacity,bilateral hemithoraces,2
lung opacity,right lung and left lung base,2
lung opacity,left fifth anterior rib,2
lung opacity,"right upper lobe, left lung base",2
lung opacity,right-sided,2
lung opacity,right mid-to-upper lung,2
lung opacity,right juxtahilar region,2
lung opacity,retrocardiac basilar,2
lung opacity,diffuse lung fields,2
lung opacity,right lung adjacent to pleural effusion,2
lung opacity,bilateral basal regions and right upper lobe,2
lung opacity,left lung base superior to diaphragm,2
lung opacity,right mid upper lung,2
lung opacity,bilateral perihilar lung regions and right lung base,2
lung opacity,right upper lung and right lower lobe,2
lung opacity,bibasilar lung regions,2
lung opacity,bilateral basal segments,2
lung opacity,retrocardiac and left mid lung,2
lung opacity,right upper and lower lung fields,2
lung opacity,bilateral lung bases (right greater than left),2
lung opacity,right basilar lobe,2
lung opacity,left basal lung,2
lung opacity,left lower lateral lung,2
lung opacity,posterior basilar segment of the left lower lobe,2
lung opacity,lateral to the right hilum,2
lung opacity,right middle lobe and right upper lung,2
lung opacity,left bases,2
lung opacity,right upper lobe and both lung bases,2
lung opacity,widespread parenchyma,2
lung opacity,right upper mediastinal border,2
lung opacity,hila,2
lung opacity,bilateral upper and lower lobes,2
lung opacity,"right upper lung, left upper lung",2
lung opacity,right basal lung,2
lung opacity,inferior to medial right clavicle,2
lung opacity,anterior right upper lobe,2
lung opacity,posterior lung,2
lung opacity,bilateral lungs (right > left),2
lung opacity,right upper and mid lung zones,2
lung opacity,right upper lobe and right lower lobe,2
lung opacity,inferior to right scapular border,2
lung opacity,right and left basilar,2
lung opacity,mid-to-lower lung,2
lung opacity,superior segment of left lower lobe,2
lung opacity,bilateral mid and upper lung zones,2
lung opacity,left greater than right,2
lung opacity,right and left base,2
lung opacity,right perihilar and right upper lobe,2
lung opacity,bilateral peripheral,2
lung opacity,"left upper lobe, right lower lobe",2
lung opacity,bilateral perihilar and right basilar,2
lung opacity,right middle lung zone,2
lung opacity,right paravertebral or posterior right lower lobe,2
lung opacity,right upper hemithorax,2
lung opacity,"left lower lobe, right lower lobe",2
lung opacity,right lung base and left lung,2
lung opacity,bilateral peribronchovascular regions,2
lung opacity,"left basilar, left mid lung, right basilar",2
lung opacity,left third anterior rib,2
lung opacity,bilateral predominantly perihilar,2
lung opacity,medial right middle lobe,2
lung opacity,posterior basal segment,2
lung opacity,right mid lung field periphery,2
lung opacity,right middle and right lower lobe,2
lung opacity,"right mid lung, superior segment of right lower lobe",2
lung opacity,left mid and lower lung regions,2
lung opacity,right upper lobe and lung bases,2
lung opacity,left upper lobe anterior segment,2
lung opacity,"right middle lobe, left lung base",2
lung opacity,anterior lower lung,2
lung opacity,left lower lobe and lingula,2
lung opacity,bilateral lower lobes periphery,2
lung opacity,right lower lobe medially,2
lung opacity,right 2nd rib anteriorly,2
lung opacity,right upper and right lower lobe,2
lung opacity,left anterior 8th rib,2
lung opacity,"right upper lobe, bilateral lower lobes",2
lung opacity,base of the right lung,2
lung opacity,bilateral mid lungs,2
lung opacity,left lower lung base,2
lung opacity,right cardiophrenic recess,2
lung opacity,right mid lung and bibasilar,2
lung opacity,"right mid to lower lung, left lower lung",2
lung opacity,"mid to lower lungs, right greater than left",2
lung opacity,lateral right upper lung,2
lung opacity,left-sided,2
lung opacity,left mid lung laterally,2
lung opacity,right and infrahilar,2
lung opacity,"left lung base, medial right lung base",2
lung opacity,right upper mediastinum,2
lung opacity,right lower zone,2
lung opacity,lateral right lower lobe,2
lung opacity,left retrocardiac area,2
lung opacity,left hemi thorax,2
lung opacity,left basilar and retrocardiac,2
lung opacity,bilateral lower lungs medially,2
lung opacity,inferior to left pulmonary hilum,2
lung opacity,left mid-lower lung zone,2
lung opacity,lingula and left lower lobe,2
lung opacity,"right lower lobe, left mid lung adjacent to hilum",2
lung opacity,lateral left hemi thorax,2
lung opacity,right perihilar and left lower lobe,2
lung opacity,lateral left upper lung,2
lung opacity,left base posteriorly,2
lung opacity,bilateral bases (right greater than left),2
lung opacity,right paratracheal stripe,2
lung opacity,right infrahilar area,2
lung opacity,right lung laterally,2
lung opacity,retrocardiac and left basilar,2
lung opacity,medial right lung apex,2
lung opacity,bilateral upper lobe,2
lung opacity,infrahilar right lower lobe,2
lung opacity,left mid lung and right base,2
lung opacity,left base laterally,2
lung opacity,left upper and lower lung zones,2
lung opacity,right upper lung medially,2
lung opacity,mid and lower right lung,2
lung opacity,right lung apex medially,2
lung opacity,retrosternal space,2
lung opacity,left and right lung base,2
lung opacity,left heart border inferiorly,2
lung opacity,left mid and lower zones,2
lung opacity,dependent areas,2
lung opacity,left hilum adjacent,2
lung opacity,left greater than right basilar,2
lung opacity,lingular and left lower lobe,2
lung opacity,right and left lung bases,2
lung opacity,posterior,2
lung opacity,right medial lung,2
lung opacity,left upper hilus,2
lung opacity,multifocal lung,2
lung opacity,"right lower lobe, left retrocardiac",2
lung opacity,lingular segment,2
lung opacity,bilateral lung bases (right > left),2
lung opacity,"left lung base, right mid lung field",2
lung opacity,generalized,2
lung opacity,peripheral left lower lobe,2
lung opacity,peribronchovascular region,2
lung opacity,left posterior,2
lung opacity,right lobe,2
lung opacity,mid and lower left lung,2
lung opacity,left base and right lung,2
lung opacity,"left lung, right lung",2
lung opacity,left lung parenchyma,2
lung opacity,right lower lobe and left lower lobe,2
lung opacity,right base posteriorly,2
lung opacity,left lung base periphery,2
lung opacity,right mid and lower zones,2
lung opacity,right mid hemithorax,2
lung opacity,left lingular,2
lung opacity,perihilar and lower lung,2
lung opacity,bilateral basal lung regions,2
lung opacity,lower pole of left hilus,2
lung opacity,right cardiophrenic,2
lung opacity,elsewhere in the lungs,1
lung opacity,right mid lung field and right lung base,1
lung opacity,left hemidiaphragm (pleural based),1
lung opacity,right lower and mid lobes,1
lung opacity,left cardiophrenic angle region,1
lung opacity,right lower mediastinal contour,1
lung opacity,right paratracheal area,1
lung opacity,costophrenic angle,1
lung opacity,anterior right upper lobe and lateral right middle lobe,1
lung opacity,"right mid lung (abutting minor fissure), bilateral bases",1
lung opacity,left hemithorax bases,1
lung opacity,left base retrocardiac region,1
lung opacity,left and right lower lobes,1
lung opacity,"left midlung/perihilar, left base",1
lung opacity,left hemithorax and right lung base,1
lung opacity,left lower lobe and right basilar,1
lung opacity,left upper-to-mid lung zones,1
lung opacity,left basal airspace,1
lung opacity,right infrahilar basilar,1
lung opacity,bilateral lung bases and bilateral periphery,1
lung opacity,"bilateral upper lobes, right more than left",1
lung opacity,left lower lobe anterobasal,1
lung opacity,posterolateral right fifth rib,1
lung opacity,upper lobes (right more pronounced),1
lung opacity,right lung base and left mid lung,1
lung opacity,anterior right sixth rib,1
lung opacity,"left lung apex, posteromedial aspects of 2nd and 3rd ribs",1
lung opacity,"right upper lobe, parahilar, right hilum",1
lung opacity,right middle and lower lung fields,1
lung opacity,"right upper lobe, left upper lobe, middle and lower lung zones",1
lung opacity,right mid lung perihilar,1
lung opacity,infrahilar area,1
lung opacity,"medial segment of the right middle lobe, right lung apex",1
lung opacity,bilateral basilar and perihilar,1
lung opacity,right lower and upper lungs,1
lung opacity,right sixth rib posteriorly,1
lung opacity,right parahilar region,1
lung opacity,medial right base of lung,1
lung opacity,"left mid lung, right mid-to-lower lung",1
lung opacity,"right upper lobe, left lung base, right apex",1
lung opacity,perihilar and basilar bases,1
lung opacity,retrocardiac and left upper lobe,1
lung opacity,"perihilar, left base",1
lung opacity,left apex and right base,1
lung opacity,bilateral perihilar and bibasilar,1
lung opacity,"bilateral, right lower lobe",1
lung opacity,upper lungs and left lung base,1
lung opacity,bilateral lower lobes and perihilar regions,1
lung opacity,left posterior 5th rib,1
lung opacity,major fissure,1
lung opacity,medial right clavicle,1
lung opacity,lateral left mid to lower lung,1
lung opacity,right midlung and left lung base,1
lung opacity,"right middle lobe, left lower lobe, infrahilar region",1
lung opacity,right middle lobe extending to right lower lobe,1
lung opacity,right upper and mid lung,1
lung opacity,multifocal bilateral lungs,1
lung opacity,left basilar and bilateral basilar regions,1
lung opacity,bilateral pulmonary,1
lung opacity,"right mid lung, left lower lung",1
lung opacity,right cardiophrenic angle and lower posterior lung,1
lung opacity,left lower lung posteriorly between ribs 8 and 9,1
lung opacity,diffuse perihilar,1
lung opacity,left costophrenic sulcus,1
lung opacity,right hemithorax (lateral and superior aspect),1
lung opacity,"bilateral lungs, left peripheral mid and lower lung zones",1
lung opacity,"bilateral lungs, most confluent at right lung base",1
lung opacity,right basilar and retrocardiac regions,1
lung opacity,bilateral lungs (left greater than right),1
lung opacity,left perihilar and basilar region,1
lung opacity,inferior right upper lobe,1
lung opacity,"right upper lobe, right lung base, left mid lung periphery",1
lung opacity,right basilar airspace,1
lung opacity,left lower lobe retrocardiac space,1
lung opacity,right upper and right basilar lobes,1
lung opacity,bilateral lung bases (left > right),1
lung opacity,interstitial and retrocardiac regions,1
lung opacity,"cardiac silhouette, focal retrocardiac area anterior to spine",1
lung opacity,bibasilar and bilateral apical,1
lung opacity,left hemidiaphragm posterior aspect,1
lung opacity,"right cardiophrenic angle, left lung base",1
lung opacity,both lung bases and upper zone,1
lung opacity,bases of right upper lobe,1
lung opacity,"right peripheral lower lobe, biapical pleural parenchymal scar",1
lung opacity,retrosternal lung areas,1
lung opacity,right upper lung along mediastinum,1
lung opacity,bilaterally widespread lungs,1
lung opacity,diffuse alveolar and interstitial,1
lung opacity,"right lower lobe, lateral",1
lung opacity,left lung apex and left mid lung field lateral aspect,1
lung opacity,lower right paratracheal region,1
lung opacity,"right heart border, right base, left lower lobe",1
lung opacity,"bilateral upper lungs, anterior lower thoracic spine, retrocardiac region (descending thoracic aorta lateral)",1
lung opacity,right perihilar and bibasilar opacities,1
lung opacity,bilateral lung airspace,1
lung opacity,bilateral mid and lower lung,1
lung opacity,interstitial subpleural,1
lung opacity,anterior left 5th rib,1
lung opacity,"left lung (juxtahilar and retrocardiac regions, upper lobe at left third anterior rib level)",1
lung opacity,right upper lobe and right lung base,1
lung opacity,right basilar and right upper lobe,1
lung opacity,perihilar and bilateral lung bases,1
lung opacity,retrocardiac and posterior lung bases,1
lung opacity,"left perihilar, right lung base",1
lung opacity,left upper and middle lung field,1
lung opacity,"bilateral lungs, left more prominent, diffuse",1
lung opacity,ivc and mid right atrium,1
lung opacity,right heart border inferior to right pulmonary hilum,1
lung opacity,left lower lobe (retrocardiac),1
lung opacity,"bilateral lower lobes, retrocardiac area",1
lung opacity,left posterior hemidiaphragm level,1
lung opacity,right upper zone laterally between posterior 5th and 6th ribs,1
lung opacity,right lung base and left basilar,1
lung opacity,right lower and left lower lobes,1
lung opacity,"entire right lung save apex, left retrocardiac and left base",1
lung opacity,lateral mid left lung,1
lung opacity,perivascular lungs,1
lung opacity,retrocardiac and right mid-lung,1
lung opacity,lingula or left lower lobe inferior to the mass,1
lung opacity,right subpleural,1
lung opacity,bilateral bibasilar and right perihilar,1
lung opacity,"bibasilar, left more pronounced",1
lung opacity,"bilateral lung, right mid and lower lung",1
lung opacity,basal parenchyma,1
lung opacity,lingula and right lung base,1
lung opacity,right lower lobe superior segment,1
lung opacity,"retrocardiac region, bilateral",1
lung opacity,"medial lung base, right middle lobe",1
lung opacity,right lower lobe and lungs,1
lung opacity,left lung base (adjacent to left heart border),1
lung opacity,"lung bases, right lower lobe",1
lung opacity,"right and left bibasilar, bilateral mid lung",1
lung opacity,bibasilar interstitium,1
lung opacity,"left basilar, left suprahilar region",1
lung opacity,left mid to lower lung (lingula),1
lung opacity,"right paramediastinal, right upper lung",1
lung opacity,"bilateral, predominating left lung",1
lung opacity,right mid and lower zones junction,1
lung opacity,"right medial base, cardiophrenic angle",1
lung opacity,right lower lobe superior segment posterior aspect,1
lung opacity,"right upper lobe, bilateral lung bases",1
lung opacity,left perihilar and left retrocardiac,1
lung opacity,bilateral cardiophrenic angles,1
lung opacity,"right lung base, left lower lobe retrocardiac area",1
lung opacity,"right infrahilar, retrocardiac, lingular regions",1
lung opacity,"right lung base, basilar",1
lung opacity,"perihilar, bibasilar, left lower lobe medially behind heart",1
lung opacity,"left upper lobe, retrocardiac",1
lung opacity,"bibasilar, right lung base, left mid lung",1
lung opacity,adjacent to pacemaker,1
lung opacity,right lower lobe medial base,1
lung opacity,right upper lobe lower portion,1
lung opacity,both bases and anterior aspect of cardiac silhouette,1
lung opacity,left posterior basilar lung,1
lung opacity,right juxtahilar,1
lung opacity,left perihilar and lateral,1
lung opacity,"bilateral lower lungs, bilateral infrahilar regions, right lower lung mid and peripheral",1
lung opacity,bilateral interstitium,1
lung opacity,scattered interstitial,1
lung opacity,"right upper lung, posterior 5th rib",1
lung opacity,"right lung apex, first anterior interspace",1
lung opacity,right basilar and left mid lung,1
lung opacity,"right upper lobe, left perihilar",1
lung opacity,right lower lobe posterior,1
lung opacity,"retrocardiac, biapical medial, right lower lobe",1
lung opacity,bibasilar and right upper lobe,1
lung opacity,retrocardiac lung areas and right lung bases,1
lung opacity,bilateral lung bases and right upper lobe periphery,1
lung opacity,right lung adjacent to right pleural effusion,1
lung opacity,right infrahilar region and posterior portion of the chest,1
lung opacity,above mid right clavicle,1
lung opacity,subpleural and right hilar,1
lung opacity,left and right lung bases,1
lung opacity,"bilateral lungs (interstitial and alveolar), right chest wall",1
lung opacity,bilateral basilar regions (more prominent on right),1
lung opacity,periphery of left lung base,1
lung opacity,"right mid and lower lung zones, left base",1
lung opacity,bilateral perihilar airspace,1
lung opacity,mid hemithorax,1
lung opacity,medial aspect of the right lung base,1
lung opacity,right upper lung lateral pleural base,1
lung opacity,left lower lobe and left upper lobe,1
lung opacity,paracardiac,1
lung opacity,right mid and upper zones,1
lung opacity,superior paramediastinum,1
lung opacity,"bilateral suprahilar regions, particularly left",1
lung opacity,right perihilar region and left base,1
lung opacity,peripheral right upper lung,1
lung opacity,right basilar medial lung base,1
lung opacity,"lower lung, left mid to upper lung",1
lung opacity,right middle lobe or lingula,1
lung opacity,bilateral airspaces (right greater than left),1
lung opacity,"left mid to lower lung, right mid lung",1
lung opacity,left perihilar and right upper lung regions,1
lung opacity,right apex and left base,1
lung opacity,"lingula, lateral right lung apex, left lung apex parenchyma",1
lung opacity,left lower lung and retrocardiac,1
lung opacity,right greater than left lung fields,1
lung opacity,bilateral basilar and lower right peritracheal stripe,1
lung opacity,"right upper lobe, both lung bases",1
lung opacity,"bilateral lungs, right upper lobe, left mid lung",1
lung opacity,bilateral lower lungs (right more extensive),1
lung opacity,left lower lobe and left mid lung,1
lung opacity,right low lung,1
lung opacity,"bibasilar regions, right upper lobe",1
lung opacity,right anterior sixth rib,1
lung opacity,apices of lungs,1
lung opacity,inferior right hilus,1
lung opacity,right lung base and left lung apex,1
lung opacity,left basilar/lingular,1
lung opacity,each anterior interspace,1
lung opacity,medial right lung base and retrocardiac,1
lung opacity,"bilateral perihilar, right basilar",1
lung opacity,left base patchy retrocardiac,1
lung opacity,"left lung base, right lower lung",1
lung opacity,upper zone,1
lung opacity,"right upper lobe, bilateral lower lobes, left perihilar region of left upper lobe",1
lung opacity,peripheral interstitial,1
lung opacity,right lower hemithorax medial,1
lung opacity,superior segment of left lower lobe and posterior right lower lobe,1
lung opacity,"bilateral bases, retrocardiac region, right middle lobe",1
lung opacity,scattered,1
lung opacity,"mid-to-lower lungs, right greater than left",1
lung opacity,both lung bases and right lower lobe peripheral,1
lung opacity,bilateral central,1
lung opacity,lower portion of mid thoracic vertebral body,1
lung opacity,left perihilar region and left upper lung,1
lung opacity,right basal aspect,1
lung opacity,"bilateral bases, right lower lobe, lingula",1
lung opacity,"right upper and mid lung zones, left mid to lower lung zone",1
lung opacity,right upper lobe and right supraclavicular chest soft tissues,1
lung opacity,bilateral bases (right more than left),1
lung opacity,"lingula, right lower lobe, right upper lobe",1
lung opacity,left mediastinum,1
lung opacity,"left upper lobe, bilateral lung bases",1
lung opacity,right hilum/infrahilar level,1
lung opacity,bilateral interstitial regions and left base,1
lung opacity,right first costochondral junction,1
lung opacity,right upper lung and anterior second rib,1
lung opacity,right lung and right lower lobe,1
lung opacity,left lower lobe and right mid lobe,1
lung opacity,basilar lung fields,1
lung opacity,right lung base extending towards hilum,1
lung opacity,upper and mid lung zones,1
lung opacity,"bilateral lungs, right side more prominent",1
lung opacity,perihilar regions of lungs,1
lung opacity,left mid- and lower zones,1
lung opacity,hilar and perihilar,1
lung opacity,right lung base and right midlung,1
lung opacity,"bilateral lungs, predominantly right mid lung and retrocardiac region",1
lung opacity,right lower hemithorax and parenchyma,1
lung opacity,"bilateral lungs (predominantly bibasilar, some upper lung involvement, right greater than left)",1
lung opacity,left upper lobe lateral area,1
lung opacity,bilateral upper lung,1
lung opacity,"left base laterally, right base laterally",1
lung opacity,"right lower lobe, linear opacities",1
lung opacity,right paramediastinal perihilar region,1
lung opacity,retrocardiac region and right infrahilar region,1
lung opacity,left lung base and right mid lung field,1
lung opacity,entire right lung,1
lung opacity,right posterior rib,1
lung opacity,"right medial lobe, anterior heart",1
lung opacity,throughout lungs and right lung apex,1
lung opacity,bilateral lung apices (right more pronounced),1
lung opacity,left upper lung superolateral to left hilum,1
lung opacity,posterior lungs,1
lung opacity,"left upper lung, right mid to lower lung",1
lung opacity,right upper lung medial to scapula,1
lung opacity,right upper lobe posterior segment,1
lung opacity,"bilateral airspace (more pronounced in both lower lung fields, right middle lobe, right lower lobe, left lower lobe retrocardiac region)",1
lung opacity,"perihilar and basilar regions, left retrocardiac",1
lung opacity,"bilateral lung apices, right lung base",1
lung opacity,medial retrocardiac region,1
lung opacity,focal parenchymal,1
lung opacity,left lower hilus lateral aspect,1
lung opacity,left retrocardiac zone,1
lung opacity,first costochondral junction,1
lung opacity,"right base, left base, right parenchyma superior to diaphragm",1
lung opacity,bilateral medial upper lung and retrocardiac,1
lung opacity,retrocardiac and right lower lobe,1
lung opacity,left lower lung (possibly lingula),1
lung opacity,"left lung base, right lung base",1
lung opacity,"left upper lobe, left lower lobe",1
lung opacity,right hilum and nearby cardiophrenic sulcus,1
lung opacity,bilateral entire lung parenchyma,1
lung opacity,inferior basilar,1
lung opacity,right middle lobe medially,1
lung opacity,"bilateral parenchyma, mid/lower left lung, right lung base",1
lung opacity,anterior first rib and fifth posterior rib,1
lung opacity,"bilateral lungs, right mid lung region",1
lung opacity,right anterior first rib at sternal notch level,1
lung opacity,mid to lower lung,1
lung opacity,right basilar and perihilar,1
lung opacity,"right upper and mid lung fields, lingula region",1
lung opacity,right basilar right lobe,1
lung opacity,bilateral lung bases (diffuse),1
lung opacity,left sixth and seventh interspace,1
lung opacity,bilateral lung bases (more extensive on left),1
lung opacity,basilar parenchyma,1
lung opacity,right infrahilar/right middle lobe,1
lung opacity,right greater than left upper lung zones,1
lung opacity,left retrocardiac area and right lung base,1
lung opacity,bilateral lungs (worse in lower),1
lung opacity,right upper lobe and right mid lung,1
lung opacity,retrocardiac and left lateral basilar,1
lung opacity,right lung base and left lung base,1
lung opacity,perifissural,1
lung opacity,"right middle lobe, lingula, left lower lobe",1
lung opacity,right mid and lower lung regions,1
lung opacity,"right lung base, right mid-upper lung zone, left lung base",1
lung opacity,"left lower lobe (lingula), right upper lobe",1
lung opacity,bilateral bases and right lower lung zone,1
lung opacity,inferior aspect of the chest,1
lung opacity,right upper and left mid lung,1
lung opacity,right perihilar and right lower lobe,1
lung opacity,bilateral basilar regions (right > left),1
lung opacity,left lung and right lung,1
lung opacity,retrocardiac region and right lower lobe,1
lung opacity,widespread predominantly central lung,1
lung opacity,right peritracheal mediastinal/hilar,1
lung opacity,left posterior basilar and right basilar,1
lung opacity,peripheral right middle lobe,1
lung opacity,bilateral multifocal pulmonary,1
lung opacity,bilateral midlung parenchyma,1
lung opacity,"left mid lung, right lower lung",1
lung opacity,right basal posterior lung,1
lung opacity,"right lung base, right apex",1
lung opacity,retrocardiac area posteriorly,1
lung opacity,"left mid lung, bilateral upper lobes",1
lung opacity,"lower lungs, greater on left than right",1
lung opacity,upper paratracheal region,1
lung opacity,lung bases (right side greater than left),1
lung opacity,right hilum and retrocardiac region,1
lung opacity,left upper lobe and left lung base,1
lung opacity,right apex medially above the right clavicle,1
lung opacity,posterior left upper lobe and left suprahilar region,1
lung opacity,diffuse with peripheral predominance,1
lung opacity,anterior segment of left upper lobe,1
lung opacity,right mid and lower lung fields,1
lung opacity,left mid to lower lung zone,1
lung opacity,"right mid zone, right cardiophrenic zone",1
lung opacity,left upper lobe and left mid lobe,1
lung opacity,retrocardiac lung areas and left lung bases,1
lung opacity,right apical and bibasilar,1
lung opacity,"right infrahilar, left mid/upper lung, right base periphery",1
lung opacity,"left lower lobe, right base",1
lung opacity,"left basilar, right infrahilar",1
lung opacity,peripheral right lung base,1
lung opacity,anterior third rib,1
lung opacity,right anterior 4th rib region,1
lung opacity,"lower thoracic pedicles, costovertebral junction",1
lung opacity,left upper paramediastinal region,1
lung opacity,"posterior infrahilar region, possibly retrocardiac",1
lung opacity,"left perihilar, right mid lung",1
lung opacity,"posterior left lower lobe, left base, right perihilar",1
lung opacity,"bilateral lung bases, left lung base",1
lung opacity,bilateral mid-to-lower lung fields,1
lung opacity,left lung base near left heart border,1
lung opacity,right greater than left basal,1
lung opacity,multifocal lungs,1
lung opacity,frontal lobe,1
lung opacity,right third anterior rib and seventh posterior rib intersection,1
lung opacity,retrocardiac lung region,1
lung opacity,anterior end of right second rib,1
lung opacity,left middle lung field,1
lung opacity,right lower lobe and retrocardiac region,1
lung opacity,lower lungs and right upper lung,1
lung opacity,"lung bases, retrocardiac region, right basilar, left upper lung laterally",1
lung opacity,right and left upper lobes,1
lung opacity,"right middle lobe, retrocardiac",1
lung opacity,"retrocardiac (left hemidiaphragm), right lung base",1
lung opacity,"bilateral perihilar and basilar, right more severe",1
lung opacity,"bilateral parenchyma, right mid lung",1
lung opacity,posterior 7th rib,1
lung opacity,retrocardiac and right bibasilar regions,1
lung opacity,"bibasilar, right > left",1
lung opacity,bibasilar and right upper perihilar regions,1
lung opacity,left paraspinal retrocardiac region,1
lung opacity,apical lung,1
lung opacity,"right mid lung, left mid lung laterally",1
lung opacity,"right middle lobe, right costophrenic angle",1
lung opacity,"bilateral parenchyma, left perihilar region",1
lung opacity,bilateral lung fields (left mid and lower),1
lung opacity,"lung bases, right more pronounced",1
lung opacity,right heart border and right medial hemidiaphragm,1
lung opacity,"inferior posterior to hilum, left lower lobe",1
lung opacity,"bibasilar, more pronounced on the right",1
lung opacity,lateral radiograph overlying the heart,1
lung opacity,posterior right fourth rib,1
lung opacity,right lower hilum,1
lung opacity,"lungs (paralleling mediastinum, diffuse throughout)",1
lung opacity,"upper right mediastinum, left of trachea, left lower lung",1
lung opacity,right lower lobe and part of right middle lobe,1
lung opacity,"right mid to lower zones, left lower zone",1
lung opacity,"bilateral lower lungs, right lower lobe and lingula",1
lung opacity,"bilateral lung bases, left base retrocardiac region",1
lung opacity,right lung (central to residual pleural effusion),1
lung opacity,posterior costophrenic angles,1
lung opacity,bilateral basal lungs (right > left),1
lung opacity,"right lower lung zone, central left lung",1
lung opacity,adjacent basilar,1
lung opacity,majority of left lung,1
lung opacity,left basilar and right apical,1
lung opacity,right medial basal region,1
lung opacity,right lower lobe and right paratracheal region,1
lung opacity,throughout the lungs with perihilar prominence,1
lung opacity,left mid lung at posterior rib level,1
lung opacity,right lung (greater than left),1
lung opacity,left lower lobe and right middle lobe,1
lung opacity,bibasilar regions,1
lung opacity,bilateral bases and right mid lung,1
lung opacity,anterior mid to lower thoracic vertebral bodies,1
lung opacity,"left upper lobe anterior segment, left mid lung region (7th posterior rib level, intersection of left 4th anterior rib)",1
lung opacity,one of the lower lobes,1
lung opacity,bilateral bibasilar (left worse than right),1
lung opacity,anterior over cardiac silhouette,1
lung opacity,"bilateral bases, left base",1
lung opacity,"bilateral peripheral and basilar regions, predominantly right",1
lung opacity,"right lower lobe, possible right middle lobe or lingula",1
lung opacity,right upper lobe posterior aspect,1
lung opacity,"bilateral lungs, bibasilar regions",1
lung opacity,anterior aspect of left fourth rib,1
lung opacity,"right retrocardiac region, posterior basilar segment of right lower lobe",1
lung opacity,right upper lung (mid right clavicle level),1
lung opacity,right upper lobe (inferior adjacent) and anterior right upper lobe adjacent to minor fissure,1
lung opacity,"basal, overlying lower thoracic spine",1
lung opacity,right hemidiaphragm,1
lung opacity,"bilateral basilar regions, mid right lung",1
lung opacity,"posterior to heart, overlying spine",1
lung opacity,"right lower lobe, left mid lung",1
lung opacity,bibasilar and left upper mediastinum,1
lung opacity,left lower lobe biopsy site,1
lung opacity,both lung fields (upper lobes more confluent),1
lung opacity,left first rib,1
lung opacity,lower edge of 2nd rib,1
lung opacity,peripheral lungs,1
lung opacity,"right hilus, right lower lung, left lower lung retrocardiac",1
lung opacity,diffuse interstitial lung,1
lung opacity,right upper lung region,1
lung opacity,"diffuse lung (more pronounced at lung bases), right upper lobe",1
lung opacity,left retrocardiac region and right lower lobe,1
lung opacity,bilateral lower lung bases (left > right),1
lung opacity,right heart border and lower thoracic vertebra,1
lung opacity,"right lung (upper right chest wall, perihilar region, right lung base)",1
lung opacity,mid left lung field,1
lung opacity,left lower lobe medial aspect,1
lung opacity,"both lung bases, retrocardiac lung areas",1
lung opacity,left lower lung bases,1
lung opacity,"bilateral lung bases, retrocardiac",1
lung opacity,"left upper lobe, lingula, left lower lobe, right lung base",1
lung opacity,bilateral lower lobes and central perihilar regions,1
lung opacity,"bilateral lungs, lateral left lower lobe",1
lung opacity,right upper lobe adjacent to minor fissure,1
lung opacity,right base and lower lobes,1
lung opacity,bilateral multifocal parenchyma,1
lung opacity,right axillary soft tissues,1
lung opacity,"lung bases, right greater than left",1
lung opacity,right lung base and right upper lung,1
lung opacity,left apical region,1
lung opacity,bilateral mid and lower lobes,1
lung opacity,"right mid lung field, superior segment of right lower lobe",1
lung opacity,bilateral parahilar and infrahilar,1
lung opacity,left mid and lower lung zone,1
lung opacity,right lower lung laterally,1
lung opacity,medial bases of the right lung,1
lung opacity,"bilateral perihilar regions, left retrocardiac region, right infrahilar region",1
lung opacity,"right cardiophrenic region, right lower lobe posteriorly",1
lung opacity,bilateral basilar (right greater than left),1
lung opacity,bilateral apices and bilateral costophrenic sulci,1
lung opacity,"bilateral lung parenchyma, left lung base",1
lung opacity,retrocardiac areas,1
lung opacity,mid thoracic spine posteriorly,1
lung opacity,"right mid lung, left mid lung",1
lung opacity,posterior lower lungs,1
lung opacity,right hilus and left hilus,1
lung opacity,posterior left lung base,1
lung opacity,"left basilar, left costophrenic angle",1
lung opacity,"left hemithorax, lower lung, bilateral pulmonary",1
lung opacity,bilateral first costochondral junctions,1
lung opacity,right upper lobe anteriorly,1
lung opacity,anterior to spine at t9 level,1
lung opacity,posterior right ninth rib at the right lung base,1
lung opacity,left upper lobe and left retrocardiac,1
lung opacity,"right lung base, bilateral lung apices",1
lung opacity,"right upper lobe, left mid to lower lobes, right middle lobe",1
lung opacity,right upper chest wall below scapula edge,1
lung opacity,perihilar distribution,1
lung opacity,"right middle lobe, left perihilar",1
lung opacity,lower thoracic spine (lateral view),1
lung opacity,bilateral lung bases (more prominent on the right),1
lung opacity,left mid to upper zone,1
lung opacity,bilateral lungs and right upper lobe,1
lung opacity,right infrahilar parenchymal region,1
lung opacity,medial right upper lobe and right mid lung field,1
lung opacity,"left mid chest wall, overlying left 4th anterior rib",1
lung opacity,"bilateral lungs, relatively sparing right upper lung",1
lung opacity,bilateral middle lung parenchyma,1
lung opacity,"right perihilar, right perifissural, left apical",1
lung opacity,left basal area,1
lung opacity,"right apical parenchyma, left lung apex",1
lung opacity,right upper lobe adjacent to fissure and adjacent to right apical lesion,1
lung opacity,left posterior rib level,1
lung opacity,"right basilar, medial",1
lung opacity,right lower lung region,1
lung opacity,"lingula, medial left ninth posterior interspace, lower thoracic spine",1
lung opacity,above right cardiophrenic angle and retrocardiac region,1
lung opacity,left perihilar and infrahilar,1
lung opacity,left hilar and left upper lobe,1
lung opacity,right lower lobe (predominantly superior segment),1
lung opacity,bilateral lower lobes (bibasilar parenchyma),1
lung opacity,"medial right lower lung, left lung base",1
lung opacity,"left hemidiaphragm, lower thorax",1
lung opacity,right paramediastinal and suprahilar lung parenchyma,1
lung opacity,"lung apices, right upper lobe",1
lung opacity,"left lung base, right upper lobe, right lung base",1
lung opacity,bilateral basal and right lower lobe,1
lung opacity,"bilateral lungs, right lung base",1
lung opacity,bilateral apical lung,1
lung opacity,medial left upper lobe,1
lung opacity,throughout the lungs and right basilar,1
lung opacity,right hemidiaphragm associated region,1
lung opacity,left upper lobe and left perihilar region,1
lung opacity,right upper paramediastinal,1
lung opacity,right lung base posteriorly,1
lung opacity,right lower lobe and right upper lobe bases,1
lung opacity,bilateral lower thorax,1
lung opacity,right midlung and left midlung,1
lung opacity,"right mid/lower lung, right retrocardiac region",1
lung opacity,"vague retrocardiac, bilateral airspaces",1
lung opacity,"bilateral basal regions, left retrocardiac region",1
lung opacity,right perihilar and right mid-to-lower lung,1
lung opacity,"bilateral lungs (right mid lung, left mid-to-upper lung), anterior aspect",1
lung opacity,bilateral hilar regions and right lung base,1
lung opacity,"left lung base, left perihilar region, right mid lung field",1
lung opacity,"bilateral lung bases, right lower lobe",1
lung opacity,left juxta hilar region (left upper lobe and superior segment left lower lobe),1
lung opacity,right lung base adjacent to rib fracture site,1
lung opacity,posterior aspect of the left lower lobe,1
lung opacity,lingular region and right lung parenchyma,1
lung opacity,right basilar cardiophrenic angle,1
lung opacity,infrahilar,1
lung opacity,right diaphragm,1
lung opacity,throughout both lungs,1
lung opacity,"left basal, right basilar, upper lobes",1
lung opacity,lateral right lung base and lateral right upper lung,1
lung opacity,"left apical region, above minor fissure, right costophrenic angle",1
lung opacity,"right lung perihilar region and base, retrocardiac region",1
lung opacity,lower thoracic vertebra,1
lung opacity,superior to major fissures (lateral view),1
lung opacity,"right infrahilar region, left lower lobe retrocardiac region",1
lung opacity,"bilateral airspaces, left lower and upper lobes",1
lung opacity,left superhilar region,1
lung opacity,central right upper lobe,1
lung opacity,"right middle lobe, lateral segment",1
lung opacity,"left mid and upper lung, right mid lung",1
lung opacity,"left lung base, right lung base, left upper lobe",1
lung opacity,left anterior third rib,1
lung opacity,middle lobe and right upper lobe apex,1
lung opacity,"bilateral lower lobes, left retrocardiac region",1
lung opacity,left upper paramediastinum,1
lung opacity,"throughout lungs, medial retrocardiac region",1
lung opacity,bilateral mid lobes,1
lung opacity,"right mid lung, bilateral lower lobes",1
lung opacity,lung bases and right mid lung field peripheral aspect,1
lung opacity,right middle-to-lower lobes,1
lung opacity,right paramediastinum adjacent to neoesophagus,1
lung opacity,"right mid lung, posterior right 8th rib level",1
lung opacity,"right upper lobe, right middle lobe, left lower lobe",1
lung opacity,retrocardiac over spine,1
lung opacity,right lung and left mid lung zone,1
lung opacity,left mid-zone,1
lung opacity,lung bases and right costophrenic angle,1
lung opacity,"right heart margin, left hemidiaphragm lateral margin",1
lung opacity,bilateral peripheral lungs,1
lung opacity,peripheral left lung base,1
lung opacity,peripheral and bibasilar lungs,1
lung opacity,perihilar and upper lung,1
lung opacity,bilateral subpleural regions,1
lung opacity,right lower lobe peripheral,1
lung opacity,peripheral to right upper lobe mass,1
lung opacity,left posterior 7th rib,1
lung opacity,mid thorax,1
lung opacity,bilateral interstitial lung regions,1
lung opacity,bilateral lower lobe interstitium,1
lung opacity,"right lung, left upper lobe, perihilar regions, retrocardiac area",1
lung opacity,retrocardiac area and posterior to spine,1
lung opacity,bilateral central lung,1
lung opacity,perihilar and widespread interstitial,1
lung opacity,"right perihilar, right infrahilar/right basilar regions",1
lung opacity,diffuse and left lower lobe,1
lung opacity,"left lower lung, adjacent to left heart border and left 9th posterior rib",1
lung opacity,"bilateral lung bases, right side more prominent",1
lung opacity,retrocardiac and right lower hemithorax,1
lung opacity,"right hilum, right base, right upper lobe",1
lung opacity,"right bases, left mid lung",1
lung opacity,"both juxta hilar regions, right upper lobe anterior segment, lower lobes superior segments, left perihilar region",1
lung opacity,"left mid lung, posterior",1
lung opacity,"right middle and lower lobes, left lower lobe",1
lung opacity,"bilateral posterior basilar segments of lower lobes, bilateral retrocardiac regions",1
lung opacity,right-sided basal,1
lung opacity,superior to left hilum,1
lung opacity,right lower lobe (retrocardiac),1
lung opacity,"both lungs, right lower lobe infrahilar",1
lung opacity,"right upper lobe medial, left perihilar, left base",1
lung opacity,bilateral basilar (left greater than right),1
lung opacity,"bilateral mid, lower lungs and right lung base medially",1
lung opacity,left medial apex,1
lung opacity,right sixth rib region,1
lung opacity,bilateral lower lung zones,1
lung opacity,left lower lung adjacent to left heart border,1
lung opacity,left adjacent to pigtail drainage catheter,1
lung opacity,"retrocardiac lung areas, right lung central portions",1
lung opacity,left mid and lower lung base,1
lung opacity,right hilar and right upper lobe,1
lung opacity,right mid and upper lobe,1
lung opacity,right posterior costophrenic angle,1
lung opacity,right upper lobe (medial),1
lung opacity,inferior aspect of the right hilus,1
lung opacity,right lung base lateral,1
lung opacity,right mid and lower lung zones; left lower lung zone,1
lung opacity,left posterior 9th rib,1
lung opacity,bilateral peripheral (apical to basal),1
lung opacity,bilateral basilar lobes,1
lung opacity,left base and right cardiophrenic region,1
lung opacity,periphery of the right upper lobe,1
lung opacity,"left lung (predominant), bilateral",1
lung opacity,left mid to lower lung and bilateral paratracheal upper mediastinum,1
lung opacity,retrocardiac left lung base,1
lung opacity,"right lateral, left lower lobe",1
lung opacity,"left upper lobe, right infrahilar region, left mid-to-lower lung, left apex",1
lung opacity,right hila,1
lung opacity,retrocardiac and anterior right first rib,1
lung opacity,"left mid to lower lung, right perihilar",1
lung opacity,diffuse lungs and retrocardiac left lower lobe,1
lung opacity,"right lower lobe, left mid lung (perihilar), right upper lobe",1
lung opacity,right medial lung bases,1
lung opacity,"lower lobe, peripherally predominant",1
lung opacity,"bilateral parenchyma, left basilar",1
lung opacity,left upper lobe overlying first rib,1
lung opacity,"right lower lung, left upper lung",1
lung opacity,"left lower lobe, right apical",1
lung opacity,central hilar region,1
lung opacity,right cardiophrenic angle and peripheral left mid lung,1
lung opacity,right retrocardiac area,1
lung opacity,left lower hemithorax (between posterior left 10th ribs) and right same level,1
lung opacity,right middle lobe and lower lungs,1
lung opacity,left midlung medial to anterior end of 5th rib,1
lung opacity,"left lower lobe, right middle lobe",1
lung opacity,right lower perihilar region,1
lung opacity,left mid-lower lung and right lower lung,1
lung opacity,right basal and left basal,1
lung opacity,right upper lobe medial and bilateral lung bases,1
lung opacity,"left perihilar/retrocardiac, right basilar lower lobe",1
lung opacity,minor fissure and retrocardiac region,1
lung opacity,bilateral lung bases (right dominant),1
lung opacity,left mid lung and left lateral lung,1
lung opacity,medial right upper lobe,1
lung opacity,"left lung base laterally, pleural-based",1
lung opacity,"bilateral basilar regions, left lower lobe posterior basilar segment, right apex adjacent to right clavicular head",1
lung opacity,bilateral peripheral interstitial regions,1
lung opacity,bilateral interstitial spaces,1
lung opacity,"left mid and lower lung, low right lower lung",1
lung opacity,"bilateral airspace (right hemithorax excluding apex, left lung)",1
lung opacity,left lower lobe and adjacent to aortic knob,1
lung opacity,"left lower lung, infrahilar region",1
lung opacity,right mid lung and left base (surrounding fiducial markers),1
lung opacity,superior to costophrenic angles,1
lung opacity,"right mid-to-lower lung fields, right upper lobe and superior aspect of lower lobes",1
lung opacity,lower left lung,1
lung opacity,left costodiaphragmatic angle,1
lung opacity,left mid lung periphery,1
lung opacity,right basilar medially,1
lung opacity,"right lung base, left lung",1
lung opacity,right upper lung field periphery and left lung base,1
lung opacity,posterior mid thorax,1
lung opacity,"right costophrenic angle, retrocardiac space",1
lung opacity,rightward adjacent area to trachea,1
lung opacity,left mid lung (potentially lower lobe),1
lung opacity,right lung base (lateral),1
lung opacity,"right upper lobe, left suprahilar region",1
lung opacity,left perihilar and both retrocardiac regions,1
lung opacity,right middle lobe and right base,1
lung opacity,bilateral pleura,1
lung opacity,right middle lobe lateral segment,1
lung opacity,"right lung, left perihilar",1
lung opacity,retrocardiac region along left heart margin,1
lung opacity,"right base, right upper lung, aortopulmonary window",1
lung opacity,left upper lobe and lower lungs,1
lung opacity,left retrocardiac and left mid lung,1
lung opacity,"left basilar, right mid lung field",1
lung opacity,right basilar and left lung base,1
lung opacity,left mid/lower lungs,1
lung opacity,lower lung infrahilar peribronchiolar regions,1
lung opacity,left posterior eighth rib,1
lung opacity,upper lobes (predominantly right),1
lung opacity,region of the major fissure,1
lung opacity,left base/lingular,1
lung opacity,retrocardiac area and left lower lung,1
lung opacity,perihilar and bibasilar,1
lung opacity,"mid right lung, bilateral inferolateral heart borders",1
lung opacity,"retrocardiac region, lingula",1
lung opacity,retrocardiac and medial left hemidiaphragm,1
lung opacity,"left mid lung, lateral pleural base",1
lung opacity,bilateral basal regions and left lower lobe periphery,1
lung opacity,anterior to the hilum,1
lung opacity,"bibasilar region, retrocardiac area",1
lung opacity,"right lung base, bilateral lungs",1
lung opacity,bilateral mid lungs and bases,1
lung opacity,"left mid to lower lung, lingula, possibly inferior left upper lobe",1
lung opacity,left lateral eighth rib,1
lung opacity,"right mid lung, right lower lung, left mid lung",1
lung opacity,"right lung, left lung base, lung bases",1
lung opacity,"bilateral basal regions, left greater than right",1
lung opacity,right lower lobe and right upper lung,1
lung opacity,right hilar and infrahilar regions,1
lung opacity,retrocardiac and left basal,1
lung opacity,bilateral basal regions and right middle lobe,1
lung opacity,left lung and right upper lobe,1
lung opacity,left retrocardiac and right base,1
lung opacity,alveolar regions,1
lung opacity,right lower lobe medial and retrocardiac,1
lung opacity,bilateral lower lung (left more than right),1
lung opacity,"right upper lung, left upper lobe",1
lung opacity,right pneumonectomy space,1
lung opacity,global lungs,1
lung opacity,"bilateral basilar, right greater than left",1
lung opacity,"right middle lobe, left lower lobe, retrocardiac area",1
lung opacity,left lower lung and bilateral lung bases,1
lung opacity,"left bases, left perihilar region",1
lung opacity,posterior right eighth rib,1
lung opacity,bilateral basal lung,1
lung opacity,left anterior margin of cardiac silhouette,1
lung opacity,"right lower lung, left lower lung",1
lung opacity,right medial clavicle,1
lung opacity,"left basilar, left lower lobe",1
lung opacity,lower chest,1
lung opacity,posterior aspect of right 4th rib,1
lung opacity,left axilla and left lower chest,1
lung opacity,"right hilar, right upper and lower lobes",1
lung opacity,"lingula, posterior left basilar",1
lung opacity,perihilar and bilateral basilar,1
lung opacity,right lung apex medial aspect,1
lung opacity,hila and upper lungs,1
lung opacity,bilateral upper lungs and left lung base,1
lung opacity,medial to cardiophrenic border,1
lung opacity,left second anterior rib,1
lung opacity,right perihilar region and right lung base,1
lung opacity,"diffuse parenchyma, left lung base",1
lung opacity,right upper lobe and posterior right lower lobe,1
lung opacity,"lung bases (left > right), left midlung zone, right apex",1
lung opacity,left hilar region,1
lung opacity,"both lungs, left midclavicular line adjacent to left third anterior rib",1
lung opacity,"right basilar region, left basilar region",1
lung opacity,left upper lung peripherally,1
lung opacity,left lung adjacent to hilum in retrocardiac region,1
lung opacity,right mid lung lateral aspect,1
lung opacity,"bibasilar, right lung base",1
lung opacity,left lung (lower and mid zones),1
lung opacity,left axilla and lateral border of left chest wall,1
lung opacity,bilateral mid to low lungs,1
lung opacity,right upper paramediastinal area,1
lung opacity,right lateral lung,1
lung opacity,right lung and left hemithorax,1
lung opacity,"right perihilar region, left lower lobe",1
lung opacity,left perihilar region and right lower lobe,1
lung opacity,mid thoracic spine,1
lung opacity,left hilum region,1
lung opacity,resection bed,1
lung opacity,"lower lung posteriorly, right medial cardiophrenic recess",1
lung opacity,right upper lobe laterally,1
lung opacity,"left upper lobe, bilateral basilar lung regions",1
lung opacity,"left base, retrocardiac region",1
lung opacity,"left lung base, anterior lower thoracic spine",1
lung opacity,left upper lobe and bilateral lower lobes,1
lung opacity,lung apex,1
lung opacity,mid-to-lower lungs bilaterally,1
lung opacity,"right medial basilar, left basilar retrocardiac",1
lung opacity,right eighth posterolateral and sixth anterolateral ribs,1
lung opacity,right costochondral cartilage,1
lung opacity,bilateral peripheral lung parenchyma,1
lung opacity,"upper, mid lung interstitium and bases",1
lung opacity,bilateral bases (right > left) and periphery of right lung base,1
lung opacity,bilateral lungs with basilar predominance,1
lung opacity,bilateral infrahilar peribronchial region,1
lung opacity,"right lower lung, left lung base",1
lung opacity,"left lung base, left posterior eighth rib",1
lung opacity,right lung base and retrocardiac region,1
lung opacity,right lung base (likely right middle lobe),1
lung opacity,perihilar and basilar,1
lung opacity,bilateral perihilar and left lower lung regions,1
lung opacity,"retrocardiac region, left hemidiaphragm",1
lung opacity,right basilar and right midlung,1
lung opacity,left perihilar interstitium,1
lung opacity,"retrocardiac, right mid lung superior to minor fissure",1
lung opacity,"left upper lung zone, left first rib end",1
lung opacity,"right upper, mid and lower lung",1
lung opacity,left lung (apex and extensive areas),1
lung opacity,"bilateral perihilar regions, left greater than right",1
lung opacity,"bilateral basilar regions, greater on the left",1
lung opacity,bilateral multilobar lungs,1
lung opacity,"right mid lung, anterior right 5th rib",1
lung opacity,"bilateral lungs, perihilar and basilar distribution",1
lung opacity,bilateral lungs (left more prominent),1
lung opacity,left lower lobe (lingula) and right lower lobe,1
lung opacity,right retrocardiac,1
lung opacity,"bilateral basilar lungs, more extensive on left",1
lung opacity,"left hilum, right upper to mid lung, paratracheal soft tissue",1
lung opacity,mediastinal region (from clavicles to above hemidiaphragms),1
lung opacity,right and bilateral pleural and parenchymal,1
lung opacity,"periphery of the lung, left costophrenic sinus, right lung bases, right perihilar lung areas",1
lung opacity,lower right chest,1
lung opacity,"right mid lung, left upper lung",1
lung opacity,"right upper lobe, right lower lobe",1
lung opacity,right upper lung zone peripherally,1
lung opacity,"left upper lobe, right lower lung field",1
lung opacity,fifth posterior rib and ninth rib,1
lung opacity,right hilum and right middle lobe,1
lung opacity,"right perihilar, right upper lobe, right medial basilar",1
lung opacity,left retrocardiac (lower thoracic spine),1
lung opacity,"right midlung, retrocardiac left lung base",1
lung opacity,right lung base (just above right hemidiaphragm),1
lung opacity,"right upper lobe, region of 5th posterior rib",1
lung opacity,right lung apex and lateral right second rib,1
lung opacity,adjacent to right cardiophrenic angle,1
lung opacity,central bronchial walls,1
lung opacity,anterior left seventh rib,1
lung opacity,"right lower lobe anterolateral portion, right mid lung lateral",1
lung opacity,"both lower lobes, right upper lung field, superior segment of right lower lobe",1
lung opacity,bilateral lower lobes (left greater than right),1
lung opacity,"right mid, lower and upper lung",1
lung opacity,"bilateral posterior lower lobes, right infrahilar region",1
lung opacity,left upper lobe medial aspect,1
lung opacity,"left mid lung field, bilateral lung bases",1
lung opacity,medial lung apex,1
lung opacity,left eighth rib,1
lung opacity,peripheral and basilar lung regions,1
lung opacity,bilateral lower lobe parenchyma,1
lung opacity,peripheral and basilar lungs,1
lung opacity,right lower lobe anteriorly,1
lung opacity,bilateral diffuse parenchyma,1
lung opacity,"right upper lobe, left mid lung and base",1
lung opacity,left posterior lateral seventh rib,1
lung opacity,left retrocardiac and right infrahilar regions,1
lung opacity,"left lung base, right perihilar region, upper lung",1
lung opacity,azygos contour,1
lung opacity,right lung bases and mid right lung,1
lung opacity,pulmonary perivascular regions,1
lung opacity,inferior hilar window,1
lung opacity,left heart border adjacent lung,1
lung opacity,lingula and posterior basilar regions,1
lung opacity,bibasilar and left lung base,1
lung opacity,"both lower lobes, right middle lobe, lingula",1
lung opacity,right apex and lateral right upper lobe,1
lung opacity,right mid lung adjacent to lower pole of right hilus,1
lung opacity,left heart,1
lung opacity,left perihilar region and left base,1
lung opacity,anterior chest wall,1
lung opacity,perihilar and basal,1
lung opacity,"right lower lobe, right upper lobe, lingula",1
lung opacity,"right mid lung, anterior segment of right upper lobe",1
lung opacity,bilateral lungs (right greater),1
lung opacity,base retrocardiac region,1
lung opacity,posterior right eighth rib/anterior right third rib,1
lung opacity,"right lung base, left lower lung lateral aspect",1
lung opacity,lower thoracic spine and left paraspinal contour,1
lung opacity,bilateral basilar airspace,1
lung opacity,left lung apex and perihilar areas,1
lung opacity,retrocardiac region above medial margin of left hemidiaphragm,1
lung opacity,bilateral lung periphery and bases,1
lung opacity,"adjacent to right heart border, overlying lower thoracic spine",1
lung opacity,superior to right hilus,1
lung opacity,bilateral diffuse mid-to-lower lung fields,1
lung opacity,"right suprahilum, lateral right lung base, right lung base",1
lung opacity,subpleural and basilar,1
lung opacity,"bilateral airspaces, most confluent in perihilar regions",1
lung opacity,left lateral costophrenic angle,1
lung opacity,"right midlung, superior segment of right lower lobe or posterior segment of right upper lobe",1
lung opacity,perihilar and infrahilar regions,1
lung opacity,left mid lung and inferior aspect of left upper lung,1
lung opacity,"right upper lobe, right middle lobe, right hilum",1
lung opacity,bilateral lungs and lateral right upper lung,1
lung opacity,left mid lung at the fourth anterior rib level,1
lung opacity,posterior costophrenic sulci,1
lung opacity,superior adjacent to minor fissure,1
lung opacity,bilateral bases (right more prominent),1
lung opacity,left fifth rib just above the level of the aortic arch,1
lung opacity,"left lower lobe, immediately posterior retrocardiac areas, left costophrenic sinus",1
lung opacity,left lateral chest,1
lung opacity,right upper lung (posteriorly on lateral view),1
lung opacity,left lung base peribronchial areas,1
lung opacity,adjacent to left eighth rib,1
lung opacity,anterior left fifth rib,1
lung opacity,right major fissure,1
lung opacity,both upper lobes and medial aspect of the right lung base,1
lung opacity,right apex and base,1
lung opacity,right super hilar,1
lung opacity,bilaterally,1
lung opacity,posterior costophrenic sulcus,1
lung opacity,left hila,1
lung opacity,left mid lung posteriorly,1
lung opacity,right perihilar and left retrocardiac regions,1
lung opacity,posterior over the spine (lateral view),1
lung opacity,"mild to lower lungs, periphery of the right upper lung",1
lung opacity,right medial hemidiaphragm,1
lung opacity,bilateral scattered,1
lung opacity,anterior left fifth-sixth intercostal space,1
lung opacity,right mid to upper lateral lung field,1
lung opacity,undersurface of the aortic arch,1
lung opacity,adjacent to the right heart border,1
lung opacity,"right cardiophrenic angle, lower lobe",1
lung opacity,left greater than right bases,1
lung opacity,lingular and left basilar,1
lung opacity,abutting the cardiac apex,1
lung opacity,left paraspinal region at t7 and 8 levels,1
lung opacity,left ap hilar and left apical parenchyma,1
lung opacity,"left lung base, basilar left lower lobe and lingular",1
lung opacity,"left cardiac border, lingula, axillary sub segments of the right upper lobe",1
lung opacity,"left perihilar region, left lower lobe lung",1
lung opacity,left upper and mid lung fields,1
lung opacity,"retrocardiac, left heart border",1
lung opacity,trachea and bronchi,1
lung opacity,"right upper and mid lung fields, left mid and lower lung fields",1
lung opacity,"left mid lung zone, right mid lung zone",1
lung opacity,left pleural base,1
lung opacity,pulmonary markings,1
lung opacity,right upper anterior lung,1
lung opacity,lower lungs (left greater than right),1
lung opacity,left chest (consistent with pneumatoceles),1
lung opacity,right lung base laterally overlying the right anterior eighth rib,1
lung opacity,adjacent to the left heart border,1
lung opacity,"left upper lobe, lingula",1
lung opacity,right suprahilar region/medial right upper lung,1
lung opacity,lower lung and perihilar,1
lung opacity,"left lower lobe lateral segment, left upper lobe segment, posterior segment of right lower lobe",1
lung opacity,interstitial pulmonary,1
lung opacity,right upper mediastinum (azygous fissure),1
lung opacity,"sub- carinal, adjacent the left hilum",1
lung opacity,"right mid-to-distal clavicle, second and third right ribs",1
lung opacity,peripheral right lung,1
lung opacity,right bases,1
lung opacity,"bilateral, left greater right, lower lobe",1
lung opacity,lower retrosternal region just above the heart,1
lung opacity,right mid lung field and both lung bases,1
lung opacity,right upper paramediastinal border,1
lung opacity,left lower lingula,1
lung opacity,left lower lobe/retrocardiac,1
lung opacity,left basilar airspace,1
lung opacity,right juxta hilar region,1
lung opacity,"right mid lung, right lower lung, left lower lung",1
lung opacity,bilateral central inferior to the pulmonary hila,1
lung opacity,both retrocardiac regions (right greater than left),1
lung opacity,one of the lower lobes (lateral view),1
lung opacity,left lower lobe in the retrocardiac region,1
lung opacity,both infrahilar regions,1
lung opacity,right anterior portion of the third right rib,1
lung opacity,"lung bases, left",1
lung opacity,"bilateral lungs, predominantly right lung",1
lung opacity,adjacent to the medial right lung apex,1
lung opacity,right apical lobe,1
lung opacity,relative right base,1
lung opacity,overlying the heart (lateral view),1
lung opacity,each lung central lower,1
lung opacity,"bilateral bases, right greater than left",1
lung opacity,"lung bases, retrocardiac region",1
lung opacity,"perihilar, left",1
lung opacity,right basilar (potentially lower lobe),1
lung opacity,middle lobe or lingula,1
lung opacity,right middle and upper lobe,1
lung opacity,peripheral left upper zone laterally,1
lung opacity,"biapical, left greater than right",1
lung opacity,apex,1
lung opacity,right heart (possibly retrosternal),1
lung opacity,right lung base at the intersection of the right eighth posterior and sixth anterior ribs,1
lung opacity,infrahilar basal lung,1
lung opacity,"bilateral upper lobes, right greater than left; right middle lobe and lingula, lower lobes",1
lung opacity,left upper lobe posterior segment,1
lung opacity,left medial basilar,1
lung opacity,left lung base (lingula),1
lung opacity,right perihilar area and left lung,1
lung opacity,left base in the retrocardiac region,1
lung opacity,right lower lobe anterior basilar segment,1
lung opacity,right greater than left base,1
lung opacity,left mid and both lower lungs,1
lung opacity,right greater than left perihilar,1
lung opacity,left upper-mid lung field,1
lung opacity,lingula or right middle lobe,1
lung opacity,posterior lower lobes,1
lung opacity,lung bases posteriorly,1
lung opacity,"right lung base, left mid lung field",1
lung opacity,retrocardiac clear space,1
lung opacity,"left basilar, left upper lobe",1
lung opacity,left-sided perihilar,1
lung opacity,"lungs, particularly at the periphery, right greater than left",1
lung opacity,lateral left base rounded nodule,1
lung opacity,"bilateral lower lung, particularly right lower lobe and right lung base",1
lung opacity,right chest,1
lung opacity,diffuse parenchymal,1
lung opacity,right middle,1
lung opacity,diffusely within the lungs,1
lung opacity,right minor fissure,1
lung opacity,left upper and lower lung,1
lung opacity,left basilar lower lobe,1
lung opacity,left parahilar,1
lung opacity,right hilar and suprahilar regions,1
lung opacity,multiple nodular opacifications,1
lung opacity,"left upper lung, right mid lung",1
lung opacity,diffusely in the lungs,1
lung opacity,"right lung base, medial aspect",1
lung opacity,"each infrahilar region, right upper lobe",1
lung opacity,bilateral perihilar and mid to lower lung,1
lung opacity,"left base, scattered basilar",1
lung opacity,right proximal clavicle,1
lung opacity,upper and middle lung fields,1
lung opacity,left adjacent to left pulmonary hilum,1
lung opacity,left posterior spine,1
lung opacity,right fifth rib,1
lung opacity,right lung hilum,1
lung opacity,bilateral bases (left greater than right),1
lung opacity,retrocardiac (lower lobe),1
lung opacity,right middle lobe medial segment,1
lung opacity,left ac joint,1
lung opacity,right upper lung zone between the second and third anterior ribs,1
lung opacity,bilateral lingula,1
lung opacity,left lower lobe (retrocardiac portion),1
lung opacity,right lower lobe anterior segment,1
lung opacity,right pleural location,1
lung opacity,paramediastinal right upper lobe,1
lung opacity,"right lower, left middle, left lower lung zones",1
lung opacity,"left upper lung field, left perihilar position, left base",1
lung opacity,asymmetric right greater than left,1
lung opacity,"bilateral bibasilar, right lung periphery and superiorly",1
lung opacity,"each mid lung, greater on the right than left",1
lung opacity,left basilar (probably within the lingula),1
lung opacity,central pulmonary interstitium,1
lung opacity,right lower trachea,1
lung opacity,abutting the minor fissure,1
lung opacity,"both lungs, left mid to upper lung, periphery of right upper lung",1
lung opacity,"right middle lobe, lingula and left lower lobe",1
lung opacity,right mid lung over the seventh posterior rib,1
lung opacity,"both bases, both apices",1
lung opacity,left region,1
lung opacity,basilar (right greater than left),1
lung opacity,posterior basal,1
lung opacity,left upper lung near left mid clavicle,1
lung opacity,"left lung base, right mid lung field (likely involving right upper lobe and right middle lobe)",1
lung opacity,lower thoracic spine (basilar area),1
lung opacity,"both lungs, right basal",1
lung opacity,bilateral mid to lower thorax,1
lung opacity,left basilar at cardiophrenic angle,1
lung opacity,overlying the spine (lateral view),1
lung opacity,bilateral left lower lobe,1
lung opacity,left hemidiaphragm region,1
lung opacity,"right mid lung, over anterior right fourth rib",1
lung opacity,retrocardiac space (lateral view),1
lung opacity,left parenchymal,1
lung opacity,posterior aspect of the cardiac silhouette,1
lung opacity,"retrocardiac, right basilar",1
lung opacity,lung bases (left more prominent),1
lung opacity,right apex above the level of the right clavicle overlying the fourth posterior rib level,1
lung opacity,right upper and mid lung fields,1
lung opacity,posterior base,1
lung opacity,"bilateral lower lobes, right mid lung sulcus",1
lung opacity,retrocardiac region overlying the spine,1
lung opacity,right lower lobe posteriorly overlying the anterior aspect of 2 lower thoracic vertebral bodies,1
lung opacity,each mid to lower lung,1
lung opacity,"medial right lung apex, medial to the anterior right first rib",1
lung opacity,persistent lower lobe,1
lung opacity,right fourth rib,1
lung opacity,"left perihilar, left lower lobe",1
lung opacity,right mid abdomen near port-a-cath device,1
lung opacity,bilateral lower lobe (right greater than left),1
lung opacity,"right lower lobes, lingula",1
lung opacity,right lower chest,1
lung opacity,right middle and both lower lobes,1
lung opacity,"both lower lungs, left lower lobe",1
lung opacity,left base laterally near the chest wall,1
lung opacity,"left lingular, lateral left lung base",1
lung opacity,"right mid lung, bases",1
lung opacity,mid and lower lobe,1
lung opacity,left proximal humerus,1
lung opacity,right mid and lateral left lower lobe,1
lung opacity,bilateral right upper lung,1
lung opacity,"right lung base, lower lobe",1
lung opacity,bilateral juxtahilar,1
lung opacity,each lung base,1
lung opacity,mid left cardiac border,1
lung opacity,retrocardiac and medial right lung base,1
lung opacity,both right and left lung base,1
lung opacity,over lower spine,1
lung opacity,left midlung (region of prior consolidation),1
lung opacity,bilateral pulmonary hilar,1
lung opacity,bilateral alveolar,1
lung opacity,right and left apical,1
lung opacity,"right hilar region, lung bases",1
lung opacity,just lateral to the left border of the cardiac silhouette,1
lung opacity,mid-to-upper lungs,1
lung opacity,"left lung base, lingula",1
lung opacity,"left mid and both lower lungs, right infrahilar region",1
lung opacity,lung base medially and posteriorly,1
lung opacity,left perihilar and right basilar,1
lung opacity,right pulmonary vasculature,1
lung opacity,"retrocardiac lung areas, left thorax",1
lung opacity,"both lung bases, posterior segment of a lower lobe on one side",1
lung opacity,"right perihilar, right lung apex",1
lung opacity,over the aortic knob,1
lung opacity,right mid lung and lung base,1
lung opacity,left retrocardiac lower lobe,1
lung opacity,"bilateral, predominantly dependent",1
lung opacity,right middle lung,1
lung opacity,left and infra-hilar,1
lung opacity,left mid lung base,1
lung opacity,"right mid and lower lung, left lower lung",1
lung opacity,left upper lung peripheral,1
lung opacity,superior lungs,1
lung opacity,"left, right",1
lung opacity,minimal residual,1
lung opacity,left upper hemithorax,1
lung opacity,"left lung, right mid lung",1
lung opacity,left mid lateral lung field,1
lung opacity,retrocardiac and left lower lobe,1
lung opacity,"right perihilar, left midlung",1
lung opacity,pulmonary vascular,1
lung opacity,"right lung, left hilus",1
lung opacity,periohilar region,1
lung opacity,right upper lung and perihilar,1
lung opacity,right mid and lower lung field,1
lung opacity,bilateral parenchymal and interstitial,1
lung opacity,"right upper lung, left basal",1
lung opacity,bilateral lung bases (right more than left),1
lung opacity,left base/retrocardiac,1
lung opacity,right mid hemi thorax,1
lung opacity,right posterolateral fifth rib,1
lung opacity,right upper lobe and juxta hilar,1
lung opacity,"left apex, right lower lobe",1
lung opacity,left multi focal,1
lung opacity,bases (more prominent on the right),1
lung opacity,left lower lobe posterior and dorsal aspect,1
lung opacity,"both lung bases, left more than right",1
lung opacity,right infrahilar and left base laterally,1
lung opacity,"bilateral lung bases, right lung base",1
lung opacity,lower cervical spine,1
lung opacity,left base (continued opacification),1
lung opacity,bilateral multifocal,1
lung opacity,left mid lung field (lateral aspect),1
lung opacity,"right base, left lower lung",1
lung opacity,right perihilar and bilateral basilar lungs,1
lung opacity,left hilar parenchyma,1
lung opacity,bibasilar peribronchial,1
lung opacity,left perihilar area,1
lung opacity,"right mid lung, right lower lung",1
lung opacity,"left lower lung, right hilus superiorly and inferiorly",1
lung opacity,right infrahilar/right heart border,1
lung opacity,left parenchyma,1
lung opacity,retrocardiac lung regions and right lung bases,1
lung opacity,"right apex, bilateral lung bases",1
lung opacity,lingular/left lower lobe,1
lung opacity,"bilateral lungs, right upper and mid zones",1
lung opacity,"bibasilar airspace, right greater",1
lung opacity,"retrocardiac, left lower lobe",1
lung opacity,left lung adjacent to pleural effusion,1
lung opacity,"bilateral lungs, right mid and lower lung",1
lung opacity,bibasilar and left base,1
lung opacity,lingular and right lung base,1
lung opacity,right and left bibasilar regions,1
lung opacity,superior segment of the right lower lobe,1
lung opacity,right mid-to-lower lung zone and left lower lung zone,1
lung opacity,"basilar, left lower lobe",1
lung opacity,left base and medial right base,1
lung opacity,juxtahilar,1
lung opacity,"mid-to-lower lungs, right mid lung",1
lung opacity,"bilateral bases, more prominent on left",1
lung opacity,cardiac apex,1
lung opacity,left upper lobe and right hemithorax,1
lung opacity,posterior lower lobe,1
lung opacity,lower lungs (right greater than left),1
lung opacity,"left mid lung, right basilar",1
lung opacity,basal lungs,1
lung opacity,bilateral basilar regions (right greater than left),1
lung opacity,"right lung, right upper lobe",1
lung opacity,"left perihilar, lingula and left upper lobe",1
lung opacity,right lower lobe cardiophrenic angle region,1
lung opacity,right more than left lower lobes,1
lung opacity,bilateral apexes,1
lung opacity,bilateral basilar regions and left hilar region,1
lung opacity,left cardiac border,1
lung opacity,"left lower lobe, left lung base periphery",1
lung opacity,right lung and left base,1
lung opacity,perihilar region,1
lung opacity,multifocal pulmonary regions,1
lung opacity,superior paramediastinal,1
lung opacity,bilateral alveolar opacities,1
lung opacity,mid lung,1
lung opacity,left and right basilar regions,1
lung opacity,"left mid-lower lung, lingula and left lower lobe",1
lung opacity,left mid lung and lung apices,1
lung opacity,right lateral chest wall,1
lung opacity,"right upper lung, left mid lung",1
lung opacity,bilateral and left infrahilar,1
lung opacity,bibasal regions,1
lung opacity,"left apical, left first rib",1
lung opacity,"left lower lobe, perihilar region, right lower lobe",1
lung opacity,multifocal airspaces,1
lung opacity,right inferior hilus margin,1
lung opacity,left chest,1
lung opacity,bilateral and left mid lung,1
lung opacity,"bilateral lower lobes, left lower lobe",1
lung opacity,left lung periphery,1
lung opacity,"right middle lobe, retrocardiac region",1
lung opacity,"right paramediastinal, right upper lobe",1
lung opacity,left mid hemithorax,1
lung opacity,"left perihilar and basilar, right lung base",1
lung opacity,basilar and left perihilar,1
lung opacity,bilateral lungs and right peripheral lower lobe,1
lung opacity,bilateral predominantly central lung,1
lung opacity,lower lobe and mid lung,1
lung opacity,"lower lungs, right greater than left",1
lung opacity,bilateral perihilar and left anterior first rib level,1
lung opacity,left upper lobe and both lung bases,1
lung opacity,right lung base and right mid lung field,1
lung opacity,"retrocardiac region, left mid zone",1
lung opacity,right costochondral junction,1
lung opacity,left upper/mid lung,1
lung opacity,right basilar and right upper lung,1
lung opacity,left perihilar and infrahilar regions,1
lung opacity,surrounding right juxta hilar mass,1
lung opacity,fourth posterior right rib adjacent,1
lung opacity,lower lung and left mid lung,1
lung opacity,bilateral hilar and perihilar,1
lung opacity,"right lung base, right midlung",1
lung opacity,"right upper zone, left lower lobe",1
lung opacity,bilateral lungs (right more prominent),1
lung opacity,left upper lung and right upper lung,1
lung opacity,left upper lung anterior,1
lung opacity,"left base lateral, right base lateral",1
lung opacity,right basal and left retrocardiac,1
lung opacity,centralized bilateral parenchyma,1
lung opacity,retrocardiac and right middle lobe,1
lung opacity,left mid lung and right apex,1
lung opacity,right posterior 9th rib,1
lung opacity,left basilar and left lower lobe,1
lung opacity,left below anterior aspect of first rib,1
lung opacity,"left upper lung, right mid and lower lung",1
lung opacity,"left basal, bilateral basal regions",1
lung opacity,"widespread bilateral lung, greater on right",1
lung opacity,right first rib medial aspect,1
lung opacity,right upper lobe bases,1
lung opacity,left base surrounding,1
lung opacity,bilateral basal interstitial,1
lung opacity,posterior focal lung parenchyma,1
lung opacity,"bibasilar, predominantly left",1
lung opacity,overlying the first costochondral junction,1
lung opacity,"medial upper lung, left lower lobe retrocardiac",1
lung opacity,"right lower lung, retrocardiac",1
lung opacity,left lower lung or lingula,1
lung opacity,bilateral lung bases and right anterior seventh rib,1
lung opacity,right chest apex,1
lung opacity,right lung lateral,1
lung opacity,"left apex, right mid and lower lung",1
lung opacity,retrocardiac location,1
lung opacity,"left lung base, right apical",1
lung opacity,right greater than left bibasilar,1
lung opacity,posterior left sixth rib,1
lung opacity,bilateral lungs (right predominance),1
lung opacity,"left base, right base",1
lung opacity,widespread pulmonary,1
lung opacity,left lung lateral to cardiac apex,1
lung opacity,lung bases and left lower lobe,1
lung opacity,"left mid lung field, right basilar, left upper lobe",1
lung opacity,"right paratracheal region, bibasilar lungs",1
lung opacity,medial right basilar,1
lung opacity,posterior right base,1
lung opacity,right lung base periphery,1
lung opacity,"lateral to aortic arch, left costochondral junction",1
lung opacity,both lungs (sparing left midlung),1
lung opacity,bilateral bases with relative increase on left,1
lung opacity,bilateral lung parenchyma and left base,1
lung opacity,left lower lung laterally,1
lung opacity,superior to aortic arch,1
lung opacity,"left lung, right middle lobe",1
lung opacity,"left upper zone, right upper zone",1
lung opacity,medial left lower lobe,1
lung opacity,bibasilar lung fields,1
lung opacity,bibasilar and right base medially,1
lung opacity,"perihilar regions, right greater than left",1
lung opacity,left dorsal basal parenchyma,1
lung opacity,"left upper lobe, left lower lobe retrocardiac",1
lung opacity,right upper lobe anterior segment and bilateral upper lungs,1
lung opacity,surrounding minor fissure,1
lung opacity,both lungs (left predominance),1
lung opacity,left parenchyma and right lung base,1
lung opacity,"right perihilar/upper and middle lobe, left mid and lower lobe",1
lung opacity,"bilateral bibasilar regions, right greater than left",1
lung opacity,right upper lobe and left mid lung,1
lung opacity,lung bases and right upper lung,1
lung opacity,"left upper lobe, right mid to lower lung zone",1
lung opacity,interstitial lung,1
lung opacity,"right infrahilar, left lower lung",1
lung opacity,left perihilar and right lung base,1
lung opacity,right and left basal regions,1
lung opacity,bilateral apex and lower lobes (left > right),1
lung opacity,retrocardiac region and right hilus,1
lung opacity,left 8th rib posterior,1
lung opacity,superior segment of the left lower lobe,1
lung opacity,left upper lobe and left suprahilar region,1
lung opacity,right medial lower lung zone,1
lung opacity,diffuse bilateral pulmonary,1
lung opacity,anterior right third rib,1
lung opacity,right perihilar and right basal areas,1
lung opacity,above the minor fissure,1
lung opacity,right upper hilum,1
lung opacity,right cardiophrenic region posteriorly,1
lung opacity,"left mid and upper lung, right infrahilar region",1
lung opacity,bilateral interstitial lungs,1
lung opacity,periphery of right lung base,1
lung opacity,left and right upper lobes,1
lung opacity,right anterior third rib,1
lung opacity,"lingula, left lower lobe, left mid lung",1
lung opacity,right midzone,1
lung opacity,left midzone,1
lung opacity,"right middle lobe, mid-to-lower left lung, left hilar",1
lung opacity,"right lower lobe, left upper lobe",1
lung opacity,left perihilar area and both lung bases,1
lung opacity,"posterior lung, retrocardiac",1
lung opacity,right perihilar and right apical,1
lung opacity,"right lower lobe, left retrocardiac region",1
lung opacity,"left mid-to-lower lung, possibly lateral right lung base",1
lung opacity,bilateral lung bases and right perihilar region,1
lung opacity,right and left basal (right greater than left),1
lung opacity,"right lower lung zone, left perihilar",1
lung opacity,"right lung, left mid and lower lung",1
lung opacity,"bilateral lungs, right upper lobe",1
lung opacity,bilateral lung parenchyma (left more extensive),1
lung opacity,right upper outer quadrant,1
lung opacity,bilateral mid lung and basal parenchymal,1
lung opacity,segments peripheral to bronchial coils,1
lung opacity,basilar and right midlung,1
lung opacity,mid to lower thoracic spine,1
lung opacity,right hilum adjacent,1
lung opacity,retrocardiac lung parenchyma,1
lung opacity,"right upper lobe, bilateral upper lobes",1
lung opacity,"right upper hemithorax, right lung apex, mid right clavicle",1
lung opacity,"bilateral bases, right apex",1
lung opacity,left lung field,1
lung opacity,"anterior first right rib, posterior right fifth rib, scapular",1
lung opacity,bilateral lung bases (right more prominent),1
lung opacity,right mid lung and left lung,1
lung opacity,right upper lobe peripheral,1
lung opacity,lower lungs medially,1
lung opacity,left lung and right lower lung,1
lung opacity,"left lower lobe, right lung base, upper right lung",1
lung opacity,"left and right lung bases, right upper lobe",1
lung opacity,"right lung base, right cardiophrenic angle",1
lung opacity,left perihilar and basilar,1
lung opacity,peripheral lung,1
lung opacity,"middle lobe, anterior",1
lung opacity,lower lung and posterior,1
lung opacity,left lower lobe infrahilar peribronchial,1
lung opacity,posterior basilar segments,1
lung opacity,right basal lobe,1
lung opacity,bilateral perihilar and infrahilar,1
lung opacity,"mid left upper to mid lung, retrocardiac region at left base",1
lung opacity,"right upper and middle lobes, lingula",1
lung opacity,bilateral basilar retrocardiac regions,1
lung opacity,"left lung, right base",1
lung opacity,central and bilateral lower lobes,1
lung opacity,left midlung lateral aspect,1
lung opacity,"left lower lobe, right mid lung zone",1
lung opacity,widespread lung (relative sparing of left upper lobe),1
lung opacity,"left lower lobe, left perihilar",1
lung opacity,left upper to mid lung,1
lung opacity,tip of the right scapula,1
lung opacity,"right base, right axillary soft tissues",1
lung opacity,bilateral upper and mid lungs,1
lung opacity,"right mid and upper lung zones, right base",1
lung opacity,middle lobe and lingula,1
lung opacity,right cardiophrenic region and right lower lobe,1
lung opacity,right lung peribronchial region,1
lung opacity,right upper lobe and bilateral bases,1
lung opacity,bilateral perihilar lungs,1
lung opacity,posterior lower lung,1
lung opacity,left hilus superior aspect,1
lung opacity,bilateral pleura and lungs,1
lung opacity,right upper lobe near minor fissure,1
lung opacity,left retrocardiac airspace,1
lung opacity,"perihilar (asymmetrical, left greater than right), bibasilar (right lower lobe improvement, left retrocardiac persistence)",1
lung opacity,right middle and upper lobes,1
lung opacity,anterior to the spine,1
lung opacity,"right lung base, posterior right ninth rib",1
lung opacity,left retrocardiac and left upper lobe,1
lung opacity,"right apex, bilateral bases",1
lung opacity,"right lung bases, middle lobe, left upper lobe peripheral areas, lingular",1
lung opacity,widespread bilateral lungs,1
lung opacity,left basal parenchyma,1
lung opacity,both lung bases (right more prominent),1
lung opacity,diffuse bilateral lungs and left base,1
lung opacity,"right perihilar, right mid lung, left apical",1
lung opacity,adjacent to right apical,1
lung opacity,"left upper lung field, bilateral lower lung fields",1
lung opacity,"right upper and lower lobes, right hilus",1
lung opacity,right and left hemithoraces,1
lung opacity,right lower medial lung,1
lung opacity,"left lung base, right lung",1
lung opacity,left upper lobe and left perihilar,1
lung opacity,upper and lower lungs,1
lung opacity,right lower hemithorax and right paramediastinum,1
lung opacity,right posterior basilar,1
lung opacity,right clavicle middle third and first rib,1
lung opacity,"right mid and lower zones, left base",1
lung opacity,"subpleural, peripheral, predominantly basal interstitial",1
lung opacity,"right midlung, left mid to lower lung",1
lung opacity,left perihilar and right basal,1
lung opacity,"left mid lung, right lower lobe",1
lung opacity,left juxta hilar,1
lung opacity,bilateral basilar zones,1
lung opacity,right basal lung parenchyma,1
lung opacity,"retrocardiac area, lower lobe",1
lung opacity,middle lobe,1
lung opacity,"left basal lobe, right basal lobe",1
lung opacity,"right upper lobe, right lateral lower lung, left lung, right upper lung contiguous to first costochondral joint",1
lung opacity,left basal lobe,1
lung opacity,"right upper lobe, left lung bases",1
lung opacity,"lateral upper lung, lateral right lung base",1
lung opacity,"left basal region, right basal region",1
lung opacity,bilateral upper lobes (predominantly right),1
lung opacity,retrocardiac left base,1
lung opacity,superior to major fissures,1
lung opacity,right infrahilar region and left lower lobe retrocardiac region,1
lung opacity,pleura,1
lung opacity,"anterior right fifth rib, bone or lung parenchyma",1
lung opacity,right hilar and suprahilar region,1
lung opacity,mid to lower right lung,1
lung opacity,"bilateral (left mid lung, right lower lung)",1
lung opacity,"right middle lobe, bilateral basilar",1
lung opacity,left posterior lower lung (superior to posterior left hemidiaphragm),1
lung opacity,"right upper lobe, left lower lobe, right lower lobe",1
lung opacity,right infrahilar airspace,1
lung opacity,"left upper lobe, suprahilar region",1
lung opacity,right mid zone lateral,1
lung opacity,right hilus inferiorly,1
lung opacity,predominantly peripheral and bibasilar,1
lung opacity,perihilar and upper lobes,1
lung opacity,"left apex, right lung base",1
lung opacity,"left retrocardiac region, right upper lobe",1
lung opacity,right mid zone laterally,1
lung opacity,"perihilar, infrahilar, bibasilar regions and right upper lobe",1
lung opacity,diffuse interstitial and left lung base,1
lung opacity,juxta hilar regions,1
lung opacity,left hemi thorax and right basilar lung,1
lung opacity,"perihilar regions and lower lobes, left lower lobe",1
lung opacity,"right middle and lower lobe, left lower lobe",1
lung opacity,"bilateral basal interstitial, subpleural distribution",1
lung opacity,retrocardiac right lower lobe,1
lung opacity,right apical pleural,1
lung opacity,"left lower lobe, left basilar",1
lung opacity,adjacent to the coiled pigtail catheter,1
lung opacity,inferior cardiac border,1
lung opacity,"bilateral, left lower lung",1
lung opacity,"bilateral lungs, especially right base",1
lung opacity,"left lower lobe, retrocardiac region",1
lung opacity,central bilateral parenchymal,1
lung opacity,"right upper lobe, right lower lobe, left lower lobe",1
lung opacity,left upper lobe and mid-to-lower lung,1
lung opacity,interstitial and perihilar regions,1
lung opacity,right anterior 2nd and 3rd ribs,1
lung opacity,left lower base,1
lung opacity,retrocardiac and bilateral infrahilar,1
lung opacity,lingula and right middle lobe,1
lung opacity,right upper mediastinum adjacent,1
lung opacity,"left lower lobe, right upper lobe",1
lung opacity,bilateral bibasilar (right larger than left),1
lung opacity,perihilar and lower lobes,1
lung opacity,right mid to lower pleura,1
lung opacity,right mid and lower lobe,1
lung opacity,"bilateral lungs, particularly left side",1
lung opacity,region of ge junction,1
lung opacity,bilateral base laterally,1
lung opacity,aorticopulmonary window,1
lung opacity,left juxtacardiac region over left posterior 8th rib,1
lung opacity,right lung (around right pleural tube tip),1
lung opacity,right hilus lateral,1
lung opacity,"left lower lung, infrahilar",1
lung opacity,mid right lung and retrocardiac lung regions,1
lung opacity,"left hemithorax, right lung",1
lung opacity,surrounding nodule sites with fiducial markers,1
lung opacity,"left upper lobe, left lower lobe, right lower lobe",1
lung opacity,posterior lung bases,1
lung opacity,bilateral perihilar and basal,1
lung opacity,left upper chest at the level of the second and third anterior ribs,1
lung opacity,left fourth anterior interspace,1
lung opacity,posterior mid hemithorax at the level of the mid thoracic spine,1
lung opacity,upper zones,1
lung opacity,right 7th rib posteriorly,1
lung opacity,lingula and right base,1
lung opacity,"right basilar, bilateral perihilar",1
lung opacity,"right upper and mid lung, left upper lung",1
lung opacity,bilateral parenchyma (left more than right),1
lung opacity,right lung (remaining portion),1
lung opacity,"right base, left mid and lower lung",1
lung opacity,right lateral mid lung zone,1
lung opacity,"bibasilar, left mid lung, possible right mid lung",1
lung opacity,right pleural and parenchymal,1
lung opacity,left lower lung peripheral,1
lung opacity,surrounding left midlung,1
lung opacity,bilateral cardiophrenic regions,1
lung opacity,left basal region,1
lung opacity,left mid/lower lung,1
lung opacity,mediastinum and right hilus,1
lung opacity,inferior right hilum,1
lung opacity,"left cardiophrenic angle, lingula",1
lung opacity,right upper lung near right hilus,1
lung opacity,right upper lung (asymmetric),1
lung opacity,lingula and left lung base,1
lung opacity,left mid lung lateral pleural base,1
lung opacity,anterior to hilum,1
lung opacity,right apical parenchyma,1
lung opacity,left upper lung and left base,1
lung opacity,generalized interstitial lung,1
lung opacity,eighth lateral left rib,1
lung opacity,bibasilar regions (left greater than right),1
lung opacity,bilateral perihilar and right basilar regions,1
lung opacity,"bibasilar, right middle lobe",1
lung opacity,right mid field,1
lung opacity,posterior aspect of the left ventricle,1
lung opacity,"bilateral perihilar regions, left perihilar most severe",1
lung opacity,right lung and bilateral,1
lung opacity,bilateral peribronchovascular,1
lung opacity,"left lung, left retrocardiac region",1
lung opacity,"right lower lobe, left perihilar and lower lobe",1
lung opacity,right hemithorax base,1
lung opacity,right posterior 8th rib,1
lung opacity,anterior fourth right rib,1
lung opacity,left eighth posterior rib,1
lung opacity,diffuse perihilar and bibasilar,1
lung opacity,anterior right second rib,1
lung opacity,medial to right cardiophrenic border,1
lung opacity,left upper hemi thorax,1
lung opacity,middle lobe and right heart border,1
lung opacity,diffuse parenchymal and peribronchial,1
lung opacity,bilateral upper lungs,1
lung opacity,lingular and right lower lung,1
lung opacity,"left lung, right cardiophrenic region",1
lung opacity,right upper paramediastinum,1
lung opacity,right lung bases medial aspect,1
lung opacity,posterior right medial lung base,1
lung opacity,"right middle lobe, right lower lobe, perihilar",1
lung opacity,left peripheral lung base,1
lung opacity,lower lung base,1
lung opacity,bilateral lower lung (left greater than right),1
lung opacity,"right mid-lung, superior segment of right lower lobe",1
lung opacity,right lung (underlying costochondral cartilage),1
lung opacity,left neck,1
lung opacity,bibasilar interstitial,1
lung opacity,bilateral medial and basal peribronchial,1
lung opacity,diffuse airspaces,1
lung opacity,left first rib end,1
lung opacity,left apical lung and left lung,1
lung opacity,"both lung bases, left more prominent than right",1
lung opacity,left hilar and paratracheal,1
lung opacity,"left base, right mid lung",1
lung opacity,almost entire left hemithorax,1
lung opacity,"left retrocardiac region, anterior cardiac silhouette",1
lung opacity,retrocardiac and bilateral basilar,1
lung opacity,left mid and upper lung zones,1
lung opacity,left apical region and scattered elsewhere,1
lung opacity,right peribronchial,1
lung opacity,right seventh rib,1
lung opacity,right base and right apex,1
lung opacity,right lateral base,1
lung opacity,superior right middle lobe,1
lung opacity,bilateral lungs (worst in right lung),1
lung opacity,"right midlung, left basilar",1
lung opacity,"left lung base, right basilar",1
lung opacity,lower lung field,1
lung opacity,right basilar and right mid lung,1
lung opacity,right ninth posterolateral rib,1
lung opacity,lateral to cardiac apex,1
lung opacity,peripheral basal lung,1
lung opacity,bilateral parenchyma (notably left),1
lung opacity,right middle lobe anteriorly,1
lung opacity,left posterior lateral 7th rib,1
lung opacity,left lingular lobe,1
lung opacity,above left hemidiaphragm,1
lung opacity,bilateral and right lower zone,1
lung opacity,"both lungs, anterior segment of right upper lobe, axillary region of left lung, lingula, probably left lower lobe",1
lung opacity,right hilar and surrounding parenchyma,1
lung opacity,left lateral base,1
lung opacity,"right lower lobe, left",1
lung opacity,"right lower lung lobe, lateral aspect of left lower lobe",1
lung opacity,bilateral mid-to-lower lung,1
lung opacity,"right suprahilar, lateral right lung base",1
lung opacity,right upper and left lower lobe,1
lung opacity,right basal supradiaphragmatic region,1
lung opacity,"bilateral lungs, lateral right upper lung",1
lung opacity,right middle lung superior to minor fissure,1
lung opacity,"right basilar, left apical",1
lung opacity,"bilateral basal regions, particularly left",1
lung opacity,lower right medial chest,1
lung opacity,lungs (lower lobes relatively spared),1
lung opacity,left paraspinal and para-aortic lines area; mid thoracic spine at carina level,1
lung opacity,midline behind the heart,1
lung opacity,"both upper lobes, medial aspect of right lung base",1
lung opacity,right upper and lower lung zones,1
lung opacity,right posterior interspace,1
lung opacity,medial right apex,1
lung opacity,bibasilar and retrocardiac regions,1
lung opacity,"bilateral pulmonary fields, left more prominent",1
lung opacity,lower posterior (projecting over spine),1
lung opacity,left chest wall,1
lung opacity,left base and right mid lung field,1
lung opacity,perihilar and interstitial regions,1
lung opacity,diffuse lung parenchyma,1
lung opacity,"right upper lung field, left lung base",1
lung opacity,bilateral parenchyma (right predominant),1
lung opacity,"left upper lobe, left perihilar region, right mid lung field",1
lung opacity,level of undersurface of aortic arch,1
lung opacity,left and right bases,1
lung opacity,bibasal areas,1
lung opacity,right parenchymal,1
lung opacity,retrocardiac airspace,1
lung opacity,right posterior basal,1
lung opacity,left hemothorax,1
lung opacity,left greater than right infrahilar,1
lung opacity,right lower and upper lobes,1
lung opacity,"bilateral lungs, left upper and lower lobes",1
lung opacity,"left retrocardiac region, left suprahilar region, right base",1
lung opacity,"lung bases, right lung base periphery",1
lung opacity,both lung fields,1
lung opacity,peripheral and basilar interstitial lung,1
lung opacity,right greater than left basilar,1
lung opacity,"left parenchyma, left basilar region, right parenchyma",1
lung opacity,left lower lobe posterior basilar,1
lung opacity,right upper and mid lung fields peripherally,1
lung opacity,left posterior lung base,1
lung opacity,"left costophrenic angle, right lung base",1
lung opacity,subpleural,1
lung opacity,bilateral lower lobes peripheral,1
lung opacity,"right lung base, anterior right eighth rib",1
lung opacity,right basilar periphery,1
lung opacity,bilateral perihilar and lower lobe,1
lung opacity,right upper lobe medial,1
lung opacity,"both lung fields, bases and perihilar regions",1
lung opacity,"bilateral lower lobes, right lung base",1
lung opacity,"left base, retrocardiac region medially",1
lung opacity,bibasilar and left mid lung,1
lung opacity,subcarinal and left hilar,1
lung opacity,bilateral lower half of lungs,1
lung opacity,right lung periphery,1
lung opacity,global lung,1
lung opacity,"left lower lobe, retrocardiac, right lower lobe",1
lung opacity,right juxta hilar lung,1
lung opacity,"bilateral, right mid zone, left lower lobe",1
lung opacity,left axilla,1
lung opacity,right first costochondral cartilage area,1
lung opacity,left base adjacent to left heart border,1
lung opacity,"right mid lung field, left lung base",1
lung opacity,biapical lungs,1
lung opacity,"bilateral basal regions, left more pronounced",1
lung opacity,right lung and left upper lung,1
lung opacity,"bilateral lungs, predominantly right",1
lung opacity,bilateral upper lobe and left basilar,1
lung opacity,left basilar lobe,1
lung opacity,right medial apical,1
lung opacity,"bilateral bibasilar, left mid lung",1
lung opacity,posterior region (obscuring spine on lateral view),1
lung opacity,bilateral lungs (predominantly right),1
lung opacity,left mid and lower lung zones,1
lung opacity,left superior mediastinum,1
lung opacity,tip of the scapula,1
lung opacity,left upper lobe apex,1
lung opacity,"right upper and middle lobes, right hilus",1
lung opacity,ascending thoracic aorta,1
lung opacity,"right cardiophrenic angle, right lung",1
lung opacity,left lateral peripheral interstitial,1
lung opacity,bilateral apices (left more extensive),1
lung opacity,bilateral peribronchial regions,1
lung opacity,mid thoracic vertebral body,1
lung opacity,small airways,1
lung opacity,"right heart, retrosternal",1
lung opacity,left posterior costophrenic sulcus,1
lung opacity,"right lung, right base",1
lung opacity,"bilateral basal areas, right lower lobe",1
lung opacity,"perihilar, right greater than left",1
lung opacity,right infrahilar lung,1
lung opacity,left upper-mid lung field and left basilar,1
lung opacity,bilateral alveolar and interstitial,1
lung opacity,basal lung regions,1
lung opacity,right greater than left bibasilar airspaces,1
lung opacity,right lower lung medial,1
lung opacity,right lower and left mid lung,1
lung opacity,"bilateral lungs (right inner, left base)",1
lung opacity,left upper and left lower lobes,1
lung opacity,left and right lung parenchyma,1
lung opacity,"left upper lung, right lung base and lateral right base",1
lung opacity,right superior mediastinum,1
lung opacity,bilateral basilar lung fields,1
lung opacity,bronchovascular airways,1
lung opacity,right supraclavicular area,1
lung opacity,"right middle lobe, right lower lobe, left lower lobe",1
lung opacity,diffuse lung and focal right basilar,1
lung opacity,right lower and mid lung,1
lung opacity,"right middle lobe, left base",1
lung opacity,left mid lung field periphery,1
lung opacity,left lung base and right mid lung,1
lung opacity,bilateral peripheral pulmonary,1
lung opacity,bilateral lung bases (left predominance),1
lung opacity,right basilar lung and retrocardiac region,1
lung opacity,diffuse bilateral interstitial,1
lung opacity,left third anterior interspace,1
lung opacity,bilateral perihilar and mid to lower lungs,1
lung opacity,left upper lung field,1
lung opacity,base of right lung,1
lung opacity,lower thorax,1
lung opacity,one of the lung bases,1
lung opacity,right apex medial aspect,1
lung opacity,"bases, right prominent",1
lung opacity,lower right hemi thorax,1
lung opacity,tip of left scapula,1
lung opacity,medial left lung base,1
lung opacity,left basilar and global lung,1
lung opacity,left mid and upper lung,1
lung opacity,right lower and middle lung zones,1
lung opacity,"lower lobes, left greater than right",1
lung opacity,central portions of both lungs,1
lung opacity,"both lung bases, right more than left",1
lung opacity,bilateral basal retrocardiac,1
lung opacity,right mid lung and right ribs,1
lung opacity,bilateral basal (left greater than right),1
lung opacity,right perihilar and left infrahilar,1
lung opacity,retrocardiac and right basal,1
lung opacity,left hemidiaphragm medial,1
lung opacity,diffuse (left more prominent than right),1
lung opacity,lingular airspace,1
lung opacity,perihilar and basilar airspaces,1
lung opacity,apical lung bases,1
lung opacity,peribronchiolar,1
lung opacity,left upper hilum,1
lung opacity,"right middle lobe, right lower lobe, minor fissure",1
lung opacity,right upper chest,1
lung opacity,"both lungs, left mid-upper lung, right upper lung periphery",1
lung opacity,bilateral lower hemithorax,1
lung opacity,right perihilar area and right midzone laterally,1
lung opacity,right lung superiorly,1
lung opacity,right upper and mid zone,1
lung opacity,left upper and lower zones,1
lung opacity,"bilateral basal, left slightly increased",1
lung opacity,"right middle lobe, right lower lobe, left retrocardiac",1
lung opacity,"right lower lobe, right perihilar",1
lung opacity,lower lobes and left upper lobe,1
lung opacity,left lung bases and apex,1
lung opacity,"right upper and middle lobes, left lung base, right mid lung field peripheral aspect",1
lung opacity,left retrocardiac and adjacent to minor fissure,1
lung opacity,anterior chest pulmonary vessel,1
lung opacity,central peribronchial regions,1
lung opacity,lower trachea at origin of left main bronchus,1
lung opacity,right perihilar and basilar lung,1
lung opacity,mid to lower thorax,1
lung opacity,"left hemithorax, right mid-to-lower lung",1
lung opacity,subpleural and peribronchial,1
lung opacity,right basilar and left retrocardiac basilar,1
lung opacity,right bibasilar,1
lung opacity,medial right rib,1
lung opacity,"lower lungs, predominantly left lower lung",1
lung opacity,bibasal lower lung,1
lung opacity,"bilateral lungs, predominantly bases",1
lung opacity,posterior aspect of cardiac silhouette,1
lung opacity,left upper lobe peripheral,1
lung opacity,"right infrahilar, right basilar, retrocardiac, left basilar",1
lung opacity,bibasilar including left base retrocardiac,1
lung opacity,"bilateral basal segments, especially medially",1
lung opacity,lingular and right upper lobe,1
lung opacity,right juxta hilar,1
lung opacity,right lung base lateral periphery,1
lung opacity,right hilar and right mid lung,1
lung opacity,"right upper lobe, lingula, bilateral bases",1
lung opacity,right middle and bilateral lower lobe,1
lung opacity,left lower lobe and basilar regions,1
lung opacity,"left mid lung, left lower lobe",1
lung opacity,"lingular, lateral left lung base",1
lung opacity,both mid lung fields and right lung base,1
lung opacity,mid and lower lung,1
lung opacity,left apex medial aspect,1
lung opacity,right basilar retrocardiac,1
lung opacity,"bibasilar, left more prominent",1
lung opacity,left upper and right lower lobe,1
lung opacity,"bibasilar, right mid-to-lower lobe, left mid-to-lower lobe",1
lung opacity,"diffuse pulmonary, both lung bases",1
lung opacity,right cardiac border,1
lung opacity,right upper lobe (apical and lateral aspect),1
lung opacity,"anterior right sixth rib, anterior pleural surface",1
lung opacity,right lower paraspinal region,1
lung opacity,right hilar/perihilar,1
lung opacity,left lower chest wall,1
lung opacity,posterior to the heart,1
lung opacity,"left mid lobe, bilateral lower lobes",1
lung opacity,bilateral lower lobes medial,1
lung opacity,"left perihilar, right basilar",1
lung opacity,bilateral lung bases and lower lobe posteriorly,1
lung opacity,right perihilar and upper lobe,1
lung opacity,extreme right apex,1
lung opacity,right hilum and right lung base,1
lung opacity,"right lower lobe, left suprahilar region, left upper lobe periphery",1
lung opacity,left lung base adjacent to left heart border,1
lung opacity,"right mid lung, left retrocardiac region",1
lung opacity,"bilateral, right medial base, left perihilar region",1
lung opacity,superior anterior mediastinum,1
lung opacity,both hemithoraces,1
lung opacity,"left hilar region, bilateral lung apices (right > left)",1
lung opacity,right midlung periphery,1
lung opacity,"bilateral (right upper lobe, left basilar)",1
lung opacity,right inferolateral,1
lung opacity,right lower lobe and bilateral upper lobes,1
lung opacity,right lung field,1
lung opacity,"right upper and mid lung, right upper lobe",1
lung opacity,"bilateral lower lobes, more pronounced in right lower lobe",1
lung opacity,left basilar and right basilar,1
lung opacity,"right upper, mid lung fields and bases",1
lung opacity,"right mid lung, left base",1
lung opacity,right basal region,1
lung opacity,lingula and left upper lobe,1
lung opacity,"left lung, left lower lobe, possibly lingula",1
lung opacity,retrocardiac lung areas,1
lung opacity,retrocardiac parenchymal,1
lung opacity,left lingular segment,1
lung opacity,right upper to mid lung field,1
lung opacity,bilateral mid and lower lung zones,1
lung opacity,lateral left upper lobe,1
lung opacity,"both upper lobes, left mid lung",1
lung opacity,peripheral areas,1
lung opacity,"right mid lung, bilateral lower lungs, right perihilar region",1
lung opacity,upper thoracic trachea adjacent,1
lung opacity,bilateral and left posterior lower lobe,1
lung opacity,right and left lung parenchyma,1
lung opacity,right lower paratracheal station,1
lung opacity,left lingula and anterior,1
lung opacity,"left lower lobe, right lung base medially",1
lung opacity,"mid right lung, lower thoracic spine",1
lung opacity,"left lower lobe, retrocardiac",1
lung opacity,right perihilar and left midlung,1
lung opacity,left mid to lower zone,1
lung opacity,lower lobe perihilar,1
lung opacity,basilar regions,1
lung opacity,retrocardiac or right infrahilar,1
lung opacity,central pulmonary,1
lung opacity,"left basal lung, right basal lung",1
lung opacity,bilateral lung base,1
lung opacity,right and left lower lobes,1
lung opacity,right medial lung base and right middle lobe,1
lung opacity,"bilateral basilar regions, right side more prominent",1
no finding,none,28343
no finding,right,1
pleural effusion,bilateral,1429
pleural effusion,none,878
pleural effusion,left,862
pleural effusion,right,758
pleural effusion,left pleural space,568
pleural effusion,bilateral pleural spaces,510
pleural effusion,right pleural space,480
pleural effusion,bilateral pleura,255
pleural effusion,left pleural,177
pleural effusion,left pleural cavity,130
pleural effusion,left base,127
pleural effusion,right pleural cavity,108
pleural effusion,bilateral pleural,101
pleural effusion,right pleural,98
pleural effusion,bilateral costophrenic angles,95
pleural effusion,left costophrenic angle,83
pleural effusion,right and left pleural spaces,69
pleural effusion,bilateral pleural cavities,65
pleural effusion,right costophrenic angle,55
pleural effusion,left pleura,51
pleural effusion,right-sided,43
pleural effusion,left-sided,41
pleural effusion,right side,39
pleural effusion,right base,39
pleural effusion,right pleura,39
pleural effusion,left and right pleural spaces,36
pleural effusion,left side,35
pleural effusion,bilateral pleural space,35
pleural effusion,left lung base,30
pleural effusion,left hemithorax,25
pleural effusion,pleural,24
pleural effusion,bibasilar,24
pleural effusion,right hemithorax,21
pleural effusion,bilateral bases,21
pleural effusion,left lower lobe,20
pleural effusion,left basilar,19
pleural effusion,posterior costophrenic angles,19
pleural effusion,retrocardiac,18
pleural effusion,right lung base,17
pleural effusion,right basilar,15
pleural effusion,bilateral pleural spaces (left greater than right),13
pleural effusion,bilateral posterior costophrenic angles,13
pleural effusion,"bilateral pleural spaces, left greater than right",12
pleural effusion,right hemidiaphragm,11
pleural effusion,right posterior costophrenic angle,10
pleural effusion,bilateral pleural spaces (right greater than left),9
pleural effusion,right subpulmonic,9
pleural effusion,bilateral lung bases,8
pleural effusion,bilateral basal,8
pleural effusion,right and left pleural,8
pleural effusion,bilateral basilar,8
pleural effusion,bases,8
pleural effusion,left posterior costophrenic angle,8
pleural effusion,right and left,8
pleural effusion,left basal,8
pleural effusion,left costophrenic sinus,8
pleural effusion,right lower lung,7
pleural effusion,right costophrenic sinus,7
pleural effusion,left hemidiaphragm,7
pleural effusion,right minor fissure,7
pleural effusion,"right, left",7
pleural effusion,posterior costophrenic angle,6
pleural effusion,bilateral pleural effusions,6
pleural effusion,right lung,6
pleural effusion,left greater than right pleural spaces,6
pleural effusion,retrocardiac region,6
pleural effusion,pleural space,6
pleural effusion,bilateral pleural spaces (left > right),6
pleural effusion,right lower lobe,6
pleural effusion,right and left pleura,5
pleural effusion,bilateral pleural spaces (right > left),5
pleural effusion,costophrenic angles,5
pleural effusion,bilateral basilar pleural spaces,5
pleural effusion,left posterior pleural space,5
pleural effusion,left-sided pleural,5
pleural effusion,left retrocardiac region,5
pleural effusion,left retrocardiac,5
pleural effusion,right subpulmonic region,5
pleural effusion,right basal,5
pleural effusion,bilateral basilar regions,5
pleural effusion,right major fissure,5
pleural effusion,bilateral (left greater than right),4
pleural effusion,pleura,4
pleural effusion,left lower lung,4
pleural effusion,right hemi thorax,4
pleural effusion,left-sided pleural space,4
pleural effusion,left lung,4
pleural effusion,posterior right costophrenic angle,4
pleural effusion,lungs,4
pleural effusion,"left pleural space, right pleural space",4
pleural effusion,left costophrenic sulcus,4
pleural effusion,lung bases,3
pleural effusion,right greater than left,3
pleural effusion,bilateral lower lobes,3
pleural effusion,"right pleural space, left pleural space",3
pleural effusion,bilateral costophrenic sinuses,3
pleural effusion,bilateral pleural bases,3
pleural effusion,left subpulmonic,3
pleural effusion,left and right pleural,3
pleural effusion,"bilateral pleural spaces, right greater than left",3
pleural effusion,bilateral (right greater than left),3
pleural effusion,bilateral posterior pleural spaces,3
pleural effusion,bilateral hemidiaphragms,3
pleural effusion,left lower hemithorax,3
pleural effusion,posterior left costophrenic angle,3
pleural effusion,"bilateral, left greater than right",3
pleural effusion,subpulmonic,3
pleural effusion,posterior pleural space,3
pleural effusion,bilateral pleura (left greater than right),3
pleural effusion,bilateral bibasilar,3
pleural effusion,"left pleural cavity, right pleural cavity",3
pleural effusion,small,3
pleural effusion,trace,3
pleural effusion,left apical,3
pleural effusion,left greater than right,3
pleural effusion,minor fissure,3
pleural effusion,right posterior pleural space,3
pleural effusion,left posterior,3
pleural effusion,right lower hemithorax,3
pleural effusion,right loculated pleural space,3
pleural effusion,"right, bilateral basilar",2
pleural effusion,right-sided pleural,2
pleural effusion,bilateral pleura (left > right),2
pleural effusion,"bilateral, right greater than left",2
pleural effusion,bibasal,2
pleural effusion,"bilateral pleural spaces, left more prominent",2
pleural effusion,left posterior costophrenic sulcus,2
pleural effusion,right and left pleural cavities,2
pleural effusion,left base retrocardiac and right costophrenic angle,2
pleural effusion,left posterior pleural sinus,2
pleural effusion,"bilateral pleural spaces, right > left",2
pleural effusion,bilateral bases (right more prominent),2
pleural effusion,base,2
pleural effusion,right basilar pleural space,2
pleural effusion,right costophrenic sulcus,2
pleural effusion,bilateral basal regions,2
pleural effusion,left and right pleura,2
pleural effusion,"right base, left base",2
pleural effusion,right subpulmonic pleural space,2
pleural effusion,fissural surfaces,2
pleural effusion,"bilateral pleural spaces (left moderate, right small)",2
pleural effusion,bilateral subpulmonic,2
pleural effusion,"bilateral pleural spaces (right moderate, left small)",2
pleural effusion,"bilateral pleural spaces, left larger",2
pleural effusion,"bilateral pleural spaces, right more than left",2
pleural effusion,"bilateral pleural spaces, right minor fissure",2
pleural effusion,"bilateral pleural spaces (right small, left trace)",2
pleural effusion,"bilateral costophrenic angles, right more prominent",2
pleural effusion,left greater than right pleural cavities,2
pleural effusion,left bases,2
pleural effusion,left and right pleural cavities,2
pleural effusion,"bilateral pleural spaces (right large, left moderate)",2
pleural effusion,right apical,2
pleural effusion,left posterior pleural,2
pleural effusion,bilateral pleura (right greater than left),2
pleural effusion,bilateral layering,2
pleural effusion,right upper lobe,2
pleural effusion,right-sided pleural space,2
pleural effusion,right pleural space (greater than left),2
pleural effusion,right fissural,2
pleural effusion,bilateral pleural effusion,2
pleural effusion,right lung bases,2
pleural effusion,bilateral pleural spaces (right more than left),2
pleural effusion,left base laterally,2
pleural effusion,bilateral pleural effusions (left greater than right),2
pleural effusion,bilateral pleural spaces (right prominent),2
pleural effusion,small right-sided,1
pleural effusion,bilateral pleural cavity,1
pleural effusion,bilateral costophrenic angles and posterior pleural sinuses,1
pleural effusion,"bilateral, right lateral chest wall",1
pleural effusion,left hemithorax lateral aspect,1
pleural effusion,bilateral posterior costophrenic angle,1
pleural effusion,bilateral posterior pleural,1
pleural effusion,"bilateral pleura, right more prominent",1
pleural effusion,"left base, right subpulmonic",1
pleural effusion,right and left pleural spaces (right greater than left),1
pleural effusion,lateral right hemidiaphragm,1
pleural effusion,adjacent to bilateral bases,1
pleural effusion,subpleural regions,1
pleural effusion,"right mid lung, right lower lung",1
pleural effusion,fissures,1
pleural effusion,left pleural space and tiny right pleural space,1
pleural effusion,right subpulmonic and left pleural spaces,1
pleural effusion,right apical and minor fissure,1
pleural effusion,left base and right pleural space,1
pleural effusion,right posterior costophrenic sulcus,1
pleural effusion,medial right base,1
pleural effusion,bilateral pleural spaces (left larger than right),1
pleural effusion,loculated right pleural,1
pleural effusion,small left pleural,1
pleural effusion,major fissure,1
pleural effusion,"right pleural space, possible left pleural space",1
pleural effusion,bilateral costodiaphragmatic angles,1
pleural effusion,"right costophrenic angle, left costophrenic angle, retrocardiac region",1
pleural effusion,"bilateral basilar regions, right greater than left",1
pleural effusion,right costophrenic sinus and left pleural space,1
pleural effusion,right fissural planes,1
pleural effusion,et tube and right central line,1
pleural effusion,right major fissure inferiorly,1
pleural effusion,"right costophrenic sulcus, left costophrenic sulcus",1
pleural effusion,bilateral lower lung,1
pleural effusion,left-sided and possible right pleural space,1
pleural effusion,left lower lobe and right base,1
pleural effusion,left lateral pleura,1
pleural effusion,"right pleural space (tiny, if present)",1
pleural effusion,right fissure,1
pleural effusion,bilateral (right base and left),1
pleural effusion,"right pleural space (small), left pleural space (possible very small)",1
pleural effusion,right lower hemithorax near catheter,1
pleural effusion,right lower hemithorax and left lung base,1
pleural effusion,left subpulmonic and right pleural,1
pleural effusion,right apical pleural,1
pleural effusion,"left lateral pleura, bilateral pleural base (posterior to thoracic spine)",1
pleural effusion,left-sided pleural cavity,1
pleural effusion,right greater than left pleural,1
pleural effusion,left pleural space and right minor fissure,1
pleural effusion,bilateral dorsal costophrenic sinuses,1
pleural effusion,right lower lung adjacent,1
pleural effusion,right basal aspect and left pleural,1
pleural effusion,bilateral pleural spaces (left more than right),1
pleural effusion,right lung and left lower lobe,1
pleural effusion,left posterior pleural effusion,1
pleural effusion,bilateral costophrenic sinus,1
pleural effusion,left pleural space adjacent to left retrocardiac,1
pleural effusion,right cardiophrenic angle,1
pleural effusion,left lower hemithorax and right,1
pleural effusion,right pleural space and left base,1
pleural effusion,costophrenic angle,1
pleural effusion,right-sided and left-sided pleural effusions,1
pleural effusion,lateral costophrenic angles,1
pleural effusion,"right lung base, right fissure anteriorly and posteriorly",1
pleural effusion,"bilateral pleural spaces (right small, left moderate)",1
pleural effusion,"bilateral pleural spaces, right side more prominent",1
pleural effusion,"left pleural space, right pleural space (trace)",1
pleural effusion,left pleural (adjacent to left base),1
pleural effusion,right-sided pleural space with superior fissural and subpleural components,1
pleural effusion,"bilateral pleural spaces, left lateral chest",1
pleural effusion,left hemidiaphragm area,1
pleural effusion,left side and right side,1
pleural effusion,right pleural space and fissure,1
pleural effusion,right superior pleural space,1
pleural effusion,"bilateral, moderate right and small left",1
pleural effusion,bibasilar regions,1
pleural effusion,bilaterally,1
pleural effusion,"bilateral pleural, right greater than left",1
pleural effusion,"bilateral pleural spaces, more prominent on the right",1
pleural effusion,"right lateral pleural sinus, minor fissure, right-sided lateral chest wall",1
pleural effusion,right pleural space (small residual loculated),1
pleural effusion,subpulmonic region,1
pleural effusion,right apex,1
pleural effusion,left lower posterior hemithorax,1
pleural effusion,"bilateral, left more than right",1
pleural effusion,posterior pleural sinuses,1
pleural effusion,"bilateral pleural spaces, left > right",1
pleural effusion,right pleural space with subpulmonic component,1
pleural effusion,"bilateral, increased on the left",1
pleural effusion,right pleural space (including right minor fissure),1
pleural effusion,"bilateral pleural spaces, small to moderate on left, small on right",1
pleural effusion,"bilateral pleural spaces (left: small to moderate, right: small)",1
pleural effusion,"right hemithorax, left hemithorax",1
pleural effusion,left post-operative areas and right pleura,1
pleural effusion,right pleural space (residual),1
pleural effusion,bilateral pleural and fissures,1
pleural effusion,pleural spaces with intrafissural extension,1
pleural effusion,"bilateral pleural spaces, left larger than right",1
pleural effusion,"bilateral (small left, developing right lower lobe associated)",1
pleural effusion,left basal pleural space,1
pleural effusion,right-sided pleural space with right fissural component,1
pleural effusion,"bilateral pleural cavities, right lung base",1
pleural effusion,bilateral bibasilar pleural spaces,1
pleural effusion,bilateral (greater on right),1
pleural effusion,bilateral pleural regions (left and right lung bases),1
pleural effusion,"right hemithorax posterior pleural spaces, left base",1
pleural effusion,right pleura with subpulmonic component,1
pleural effusion,dorsal pleura,1
pleural effusion,"bilateral, greater on right",1
pleural effusion,"bilateral pleural spaces, right slightly larger",1
pleural effusion,"bilateral pleural (right large, left small)",1
pleural effusion,right pleural space (along minor fissure),1
pleural effusion,right greater than left pleural spaces,1
pleural effusion,left-sided and right hemidiaphragm region,1
pleural effusion,right and bilateral,1
pleural effusion,bilateral basilar (right greater than left),1
pleural effusion,left lateral chest wall,1
pleural effusion,right pleural space (costal margin and right apex),1
pleural effusion,right lower hemithorax and left hemithorax,1
pleural effusion,left lateral costophrenic sulcus,1
pleural effusion,"right lung bases, right hemithorax",1
pleural effusion,possible right pleural space,1
pleural effusion,left costophrenic sinus and right pleural space,1
pleural effusion,"left mid to lower lung, right perihilar",1
pleural effusion,"bilateral pleural spaces (right new small, left persistent small)",1
pleural effusion,posterior costophrenic sulci,1
pleural effusion,bilateral posterior,1
pleural effusion,left subpulmonic pleural space,1
pleural effusion,right costophrenic angle posterior,1
pleural effusion,"right hemithorax (posterior lower, anterior portion)",1
pleural effusion,"bilateral pleural spaces, left major fissure",1
pleural effusion,right anterior diaphragmatic pleural region,1
pleural effusion,left lung border,1
pleural effusion,"right base, minor fissure, left base",1
pleural effusion,left pleural space (including left major fissure),1
pleural effusion,bilateral pleural spaces (left more pronounced),1
pleural effusion,bilateral costophrenic angles (right greater than left),1
pleural effusion,left hemidiaphragm (lower lobe),1
pleural effusion,right lower lung space,1
pleural effusion,left retrocardiac region and right pleural space,1
pleural effusion,right lateral pleural,1
pleural effusion,"bilateral lung bases, right side",1
pleural effusion,apical,1
pleural effusion,"bilateral pleural spaces (right: moderate to large, left: smaller)",1
pleural effusion,right-sided and left,1
pleural effusion,left lateral pleural sinus and diaphragmatic contours,1
pleural effusion,left dependent pleural,1
pleural effusion,posterior,1
pleural effusion,"bilateral pleural spaces, right moderate to large, left moderate",1
pleural effusion,left lateral pleural sinus and posterior pleural area,1
pleural effusion,bilateral lateral costophrenic angles,1
pleural effusion,right apex and left pleural cavity,1
pleural effusion,pleural space (lung bases),1
pleural effusion,bilateral pleural spaces (right lung base and left),1
pleural effusion,left retrocardiac area,1
pleural effusion,"right pleural space, possibly bilateral",1
pleural effusion,"right-sided pleural space, left pleural space",1
pleural effusion,right lower hemithorax and left lung,1
pleural effusion,left pleural effusion,1
pleural effusion,bilateral pleural (left more prominent),1
pleural effusion,left lateral costophrenic sulcus and peripheral left pleural surface,1
pleural effusion,"bilateral pleural spaces, lateral to surgical sutures",1
pleural effusion,right major fissure and bilateral costophrenic angles,1
pleural effusion,left lateral costophrenic angle,1
pleural effusion,right pleural space and major fissure,1
pleural effusion,right lateral costophrenic sulcus,1
pleural effusion,left pleural space; questionable right pleural space,1
pleural effusion,left loculated pleural space,1
pleural effusion,right pleural effusion,1
pleural effusion,left lung base and right side,1
pleural effusion,"bilateral bases, left greater than right",1
pleural effusion,left lower field,1
pleural effusion,"bilateral pleural spaces, left side larger",1
pleural effusion,"right side, loculated laterally, layering along major and minor fissures",1
pleural effusion,right and left costophrenic angles,1
pleural effusion,small left,1
pleural effusion,bilateral fissures,1
pleural effusion,right lower lobe (suspected),1
pleural effusion,right base laterally,1
pleural effusion,left hemidiaphragm adjacent,1
pleural effusion,right hemidiaphragm posterior,1
pleural effusion,intrafissural location,1
pleural effusion,right greater than left bilateral,1
pleural effusion,"left costophrenic angle, right",1
pleural effusion,"left hemidiaphragm, left",1
pleural effusion,right lower lobe posteriorly,1
pleural effusion,left pleural cavity (trace),1
pleural effusion,left anterior,1
pleural effusion,retrocardiac area,1
pleural effusion,lateral right costophrenic sulcus,1
pleural effusion,both lung bases,1
pleural effusion,"left small, right",1
pleural effusion,tiny,1
pleural effusion,trace (not specific location),1
pleural effusion,left heart border,1
pleural effusion,right greater than left costophrenic angles,1
pleural effusion,right lower and mid lung,1
pleural effusion,questionable,1
pleural effusion,tiny (unspecified),1
pleural effusion,both bases,1
pleural effusion,trace bilateral,1
pleural effusion,left heart contour,1
pleural effusion,"left, right (possibly trace)",1
pleural effusion,bilateral (implied by left chest mention),1
pleural effusion,right trace,1
pleural effusion,"bilateral pleural cavities, left greater than right",1
pleural effusion,presumed small,1
pleural effusion,right loculated,1
pleural effusion,bilateral small to moderate,1
pleural effusion,bilateral pleural sinuses,1
pleural effusion,lateral,1
pleural effusion,left sided,1
pleural effusion,"right costophrenic angle, left base",1
pleural effusion,both sides,1
pleural effusion,right anterior,1
pleural effusion,small bilateral,1
pleural effusion,left lower hemidiaphragm and bilateral costophrenic angles,1
pleural effusion,"left hemidiaphragm, small right",1
pleural effusion,small layering (unspecified),1
pleural effusion,right lateral pleural sinus,1
pleural effusion,right hemidiaphragmatic,1
pleural effusion,left costophrenic angles,1
pleural effusion,bilateral lower lobe,1
pleural effusion,posterior (lateral view),1
pleural effusion,"left, right",1
pleural effusion,"right hemithorax, right mid to lower lung",1
pleural effusion,"right pleural cavity, left pleural cavity",1
pleural effusion,right greater left,1
pleural effusion,right hemidiaphragm region,1
pleural effusion,left and bilateral costophrenic angles,1
pleural effusion,unspecified,1
pleural effusion,"bilateral, left large, right moderate",1
pleural effusion,right bilateral costophrenic angles,1
pleural effusion,right costophrenic angles,1
pleural effusion,retrocardiac and right basilar,1
pleural effusion,"left lower lobe, bilateral costophrenic angles",1
pleural effusion,left small pleural space,1
pleural effusion,bilateral pleurae,1
pleural effusion,right mid and right lower lung,1
pleural effusion,right dependent,1
pleural effusion,"left hemidiaphragm, bilateral (from combination)",1
pleural effusion,basilar,1
pleural effusion,left (no evidence of free pleural effusion),1
pleural effusion,"bilateral, right more than left",1
pleural effusion,"bilateral pleural spaces, right side larger",1
pleural effusion,bilateral (more prominent in lower right),1
pleural effusion,left basilar and right-sided pleural spaces,1
pleural effusion,"right pleural space, bilateral dorsal costophrenic sinus",1
pleural effusion,lower lungs,1
pleural effusion,right bases of the hemi thorax,1
pleural effusion,posterior one or both hemithoraces,1
pleural effusion,"bilateral pleural spaces, residual right",1
pleural effusion,right-greater-than-left pleural space,1
pleural effusion,moderate right and small left pleural spaces,1
pleural effusion,"left pleural space (moderate), right pleural space (small)",1
pleural effusion,"bilateral pleural, retrocardiac region",1
pleural effusion,lower right hemithorax,1
pleural effusion,left base lateral,1
pleural effusion,"left pleural, right lower lobe",1
pleural effusion,"left hemithorax, left lower lobe",1
pleural effusion,bilateral pleural spaces (larger on right),1
pleural effusion,retrocardiac pleural space,1
pleural effusion,right pleural space and small left pleural space,1
pleural effusion,"right base, left lung",1
pleural effusion,adjacent to right lower lobe,1
pleural effusion,left fissural,1
pleural effusion,left small,1
pleural effusion,left greater than right basilar,1
pleural effusion,left hemi thorax bases,1
pleural effusion,left and possibly trace right pleural spaces,1
pleural effusion,bilateral pleural spaces (right more prominent than left),1
pleural effusion,"bilateral, left subpulmonic",1
pleural effusion,"right pleural space, left pleural space (small if any)",1
pleural effusion,bilateral dorsal pleural spaces,1
pleural effusion,right pleura (partially subpulmonic),1
pleural effusion,"bilateral pleural spaces, right more prominent than left",1
pleural effusion,left subpulmonic pleura,1
pleural effusion,"right lung apex, right mid lung periphery",1
pleural effusion,right apical pleural cap,1
pleural effusion,bilateral (right > left),1
pleural effusion,bilateral (possible subpulmonic component),1
pleural effusion,midportion of left lateral chest wall,1
pleural effusion,right lower lung base pleural space,1
pleural effusion,"left lower lobe, right lung base, upper right lung, right lower lung",1
pleural effusion,right posterior hemithorax base,1
pleural effusion,right base and minor fissure,1
pleural effusion,"left pleural, lateral and posterior",1
pleural effusion,"bilateral pleural spaces, right predominant",1
pleural effusion,pleural spaces,1
pleural effusion,right lung midportion,1
pleural effusion,"bilateral lung bases, more prominent at left base",1
pleural effusion,"right (large), left (small)",1
pleural effusion,left lung base medially,1
pleural effusion,right horizontal fissure,1
pleural effusion,left and right base,1
pleural effusion,left and right pleural spaces (left more prominent),1
pleural effusion,right pleural and subpulmonic,1
pleural effusion,left hemidiaphragm and right base,1
pleural effusion,left pleural space (small),1
pleural effusion,"left pleural space (moderate), right pleural space (small to moderate)",1
pleural effusion,left layering and right smaller pleural spaces,1
pleural effusion,bilateral basilar zones,1
pleural effusion,right (small to moderate) and left (small) pleural spaces,1
pleural effusion,"bilateral pleural spaces (large left, small right)",1
pleural effusion,"left pleural, right pleural",1
pleural effusion,left-sided loculated,1
pleural effusion,"bilateral pleural spaces, right larger",1
pleural effusion,right pleural space; left pleural space (minimal),1
pleural effusion,"bilateral, left more prominent",1
pleural effusion,bilateral (right slightly larger),1
pleural effusion,bilateral (left larger),1
pleural effusion,"right pleural (partially fissural, partially subpulmonic)",1
pleural effusion,right or left side,1
pleural effusion,adjacent to left lower lobe,1
pleural effusion,right and apical pleura,1
pleural effusion,posterior pleural spaces,1
pleural effusion,"left pleural space (with subpulmonic component), right pleural space",1
pleural effusion,"right pleural space, partially fissural",1
pleural effusion,fissural,1
pleural effusion,"bilateral pleural spaces, left more extensive",1
pleural effusion,bilateral lower lung bases,1
pleural effusion,dependent,1
pleural effusion,right posterior pleural,1
pleural effusion,right pleural cavity (size difficult to assess),1
pleural effusion,right costophrenic angle and retrocardiac,1
pleural effusion,right dependent pleural space,1
pleural effusion,bilateral basal pleural,1
pleural effusion,bilateral pleura (left larger),1
pleural effusion,lungs bases,1
pleural effusion,"bilateral pleural spaces, right hemidiaphragm area",1
pleural effusion,right and small left pleural spaces,1
pleural effusion,left lower lobe adjacent,1
pleural effusion,left lower lobe adjacent and right lower lobe adjacent,1
pleural effusion,adjacent to right hemidiaphragm,1
pleural effusion,"bilateral pleural spaces (right moderate to large, left moderate)",1
pleural effusion,"right pleural cavity, possible left pleural cavity",1
pleural effusion,bilateral with small residual on left,1
pleural effusion,left lateral,1
pleural effusion,bilateral pleural layering,1
pleural effusion,right lower chest,1
pleural effusion,"bilateral pleural spaces, right major fissure",1
pleural effusion,left and right pleural spaces (left greater than right),1
pleural effusion,base of left hemithorax,1
pleural effusion,right basal hemithorax,1
pleural effusion,"bilateral pleural spaces (left lower hemithorax, right)",1
pleural effusion,bilateral posterior costophrenic sinus,1
pleural effusion,above left hemidiaphragm,1
pleural effusion,dependent pleural spaces,1
pleural effusion,hemidiaphragms,1
pleural effusion,right anterior and posterior pleural sulci,1
pleural effusion,left pleural space (greater than right),1
pleural effusion,left pleural space (predominant),1
pleural effusion,bilateral pleural cavities (right > left),1
pleural effusion,dorsal,1
pleural effusion,right basal pleura,1
pleural effusion,bilateral pleural spaces with fissural components,1
pleural effusion,"left hemithorax, right pleural space",1
pleural effusion,right upper lateral pleura,1
pleural effusion,bilateral pleural spaces with left predominance,1
pleural effusion,right lateral hemithorax wall,1
pleural effusion,"left base, right pleural space",1
pleural effusion,right basal and left base,1
pleural effusion,left pleural space and right basal pleural space,1
pleural effusion,left base retrocardiac and right pleural space,1
pleural effusion,right pleural space with minor fissure involvement,1
pleural effusion,left hemithorax bases,1
pleural effusion,left pleura and left major fissure,1
pleural effusion,lower left hemithorax,1
pleural effusion,bilateral posterior pleura,1
pleural effusion,left layering effusion,1
pleural effusion,lower zones,1
pleural effusion,"bilateral pleura, left > right",1
pleural effusion,right intrafissural,1
pleural effusion,"bilateral pleural spaces with right predominance, posterior and right lateral chest wall",1
pleural effusion,"bilateral, right worse",1
pleural effusion,left hemi thorax,1
pleural effusion,"bilateral pleural spaces (moderate right, small left)",1
pleural effusion,posterior pleural surface,1
pleural effusion,lateral persistent pleural space,1
pleural effusion,left posterior sulcus,1
pleural effusion,"bilateral pleural spaces (small right, small to moderate left)",1
pleural effusion,bilateral pleural spaces (left worse),1
pleural effusion,bilateral with left greater than right,1
pleural effusion,right anterior pleural space,1
pleural effusion,"right lower hemithorax, left pleural space",1
pleural effusion,right pleural cavity (small to moderate) and left pleural cavity (moderate partially loculated),1
pleural effusion,small layering pleural spaces,1
pleural effusion,right and left pleural effusions,1
pleural effusion,"bilateral pleura, right greater than left",1
pleural effusion,"right and left pleura, right fissure",1
pleural effusion,"bilateral pleural spaces (large left, possible small right)",1
pleural effusion,"bilateral pleurae, left greater than right",1
pleural effusion,left lateral lung,1
pleural effusion,left pleural effusion (loculated with fissural fluid) and right pleural effusion,1
pleural effusion,"right loculated pleural (lateral, fissural, dependent)",1
pleural effusion,unilateral pleural space,1
pleural effusion,left and right pleural spaces (left > right),1
pleural effusion,right lower lobe adjacent,1
pleural effusion,"bilateral pleural spaces (right small to moderate, left small)",1
pleural effusion,left fissure,1
pleural effusion,left retrocardiac and bilateral,1
pleural effusion,"bilateral, left more prominent than right",1
pleural effusion,right hemithorax base,1
pleural effusion,right and tiny left pleural spaces,1
pleural other,right hemidiaphragm,55
pleural other,none,47
pleural other,left hemidiaphragm,33
pleural other,bilateral pleura,12
pleural other,bilateral apices,10
pleural other,left base,8
pleural other,right pleura,8
pleural other,left pleura,7
pleural other,bilateral apical pleura,7
pleural other,bilateral,5
pleural other,biapical,5
pleural other,minor fissure,5
pleural other,pleural,5
pleural other,pleura,4
pleural other,right apical pleura,4
pleural other,left pleural,4
pleural other,hila,4
pleural other,pleural plaques,3
pleural other,left breast,3
pleural other,right pleural,3
pleural other,right lung base,3
pleural other,biapical pleura,3
pleural other,right paratracheal stripe,3
pleural other,right apex,3
pleural other,bilateral lung apices,3
pleural other,right apical,3
pleural other,mediastinum,2
pleural other,right lower hemithorax,2
pleural other,right cardiophrenic angle,2
pleural other,lung apices,2
pleural other,right major fissure,2
pleural other,right minor fissure,2
pleural other,fissures,2
pleural other,right upper lobe,2
pleural other,bilateral basilar pleura,2
pleural other,right lung,2
pleural other,left hilum,2
pleural other,bilateral apical,2
pleural other,left hemithorax,2
pleural other,left lung apex,2
pleural other,right perihilar,2
pleural other,left costophrenic angle,2
pleural other,right mid lung,2
pleural other,azygos lobe,2
pleural other,ap window,2
pleural other,right lung apex,2
pleural other,right apical pleural parenchyma,2
pleural other,left hemidiaphragmatic contour,2
pleural other,subdiaphragmatic,2
pleural other,right anterior pleura,2
pleural other,apical pleura,2
pleural other,right hemidiaphragmatic contour,1
pleural other,site of resection,1
pleural other,lateral right hemithorax,1
pleural other,left costophrenic sulcus,1
pleural other,left lung base,1
pleural other,right middle lobe,1
pleural other,bilateral extrapleural,1
pleural other,left pleural plaque,1
pleural other,left cardiophrenic angle,1
pleural other,right costophrenic sulcus and fissures,1
pleural other,right supraclavicular region,1
pleural other,left glenohumeral joint,1
pleural other,right infrahilar,1
pleural other,"anterior chest wall, costochondral junctions",1
pleural other,left diaphragm,1
pleural other,left neck and chest wall,1
pleural other,left apex and posterior pleura,1
pleural other,right mid hemi thorax,1
pleural other,pericardium,1
pleural other,main pulmonary artery and right descending pulmonary artery,1
pleural other,right lateral lower chest,1
pleural other,bilateral diaphragm,1
pleural other,left axilla,1
pleural other,adjacent to right heart border,1
pleural other,right base laterally,1
pleural other,right apical pleural,1
pleural other,left lateral chest and axillary region,1
pleural other,right upper lung pleural,1
pleural other,bilateral cervical ribs,1
pleural other,bilateral apical pleural,1
pleural other,left upper lung field,1
pleural other,right costophrenic angle and lateral right pleural surface,1
pleural other,"mid to lower lungs, right greater than left",1
pleural other,lateral left heart border,1
pleural other,right azygos fissure,1
pleural other,left lateral pleura,1
pleural other,right pleura and fissure,1
pleural other,right hemidiaphragm below,1
pleural other,"right upper lung, major fissure",1
pleural other,"left hemidiaphragm mid portion, lower left lung",1
pleural other,biapical pleural regions,1
pleural other,left mid to lower lung,1
pleural other,pleural and diaphragmatic,1
pleural other,breast shadows,1
pleural other,left upper mediastinum,1
pleural other,right superior pleural surface,1
pleural other,"posterior to left ventricle, inferior vena cava location (lateral view)",1
pleural other,bilateral hila,1
pleural other,right apical pleural base,1
pleural other,left apical pleural parenchyma,1
pleural other,multiple bilateral pleural plaques,1
pleural other,bilateral hemidiaphragms,1
pleural other,main pulmonary artery,1
pleural other,left chest wall anterior soft tissues,1
pleural other,right apex and right mid lung periphery,1
pleural other,lateral right mid lung,1
pleural other,left pleural and left mid hemi thorax,1
pleural other,left basal pleura,1
pleural other,"thoracic inlet, right paratracheal region",1
pleural other,biapical pleura (right > left),1
pleural other,right posterior mediastinum,1
pleural other,right anterior hemidiaphragm,1
pleural other,thoracic wall,1
pleural other,"biapical, right hilum, right hemidiaphragm",1
pleural other,right hilum,1
pleural other,"left upper lung, pleural surface",1
pleural other,anterior mediastinum,1
pleural other,left hilum and ap window,1
pleural other,both lungs,1
pleural other,left upper hemithorax and left hemidiaphragm,1
pleural other,left upper hemithorax anterior thoracic wall,1
pleural other,accessory azygos lobe and fissure,1
pleural other,right minor fissure and right anterior basal portions,1
pleural other,"bilateral apical pleural, left upper lobe prominent",1
pleural other,"left, mediastinum",1
pleural other,bilateral hilar,1
pleural other,right infrahilar region,1
pleural other,thoracic spine,1
pleural other,bilateral pleural parenchyma,1
pleural other,right breast implant,1
pleural other,right diaphragm,1
pleural other,left acromioclavicular joint,1
pleural other,left thoracic inlet trachea deviation,1
pleural other,right hemidiaphragm and right paratracheal stripe,1
pleural other,right ac joint,1
pleural other,right lateral chest wall (subcutaneous tissue/pleural space),1
pleural other,adjacent to left rib,1
pleural other,left lateral chest base,1
pleural other,left lateral soft tissues,1
pleural other,biapical pleural,1
pleural other,lateral pleura,1
pleural other,horizontal fissure,1
pleural other,apices,1
pleural other,left mid lung region,1
pleural other,"left hemidiaphragm, left-sided soft tissues",1
pleural other,bilateral lower chest,1
pleural other,right pleural plaque,1
pleural other,anterior right hemidiaphragm,1
pleural other,hilar regions,1
pleural other,left breast anteriorly,1
pleural other,left anterior,1
pleural other,right fissure,1
pleural other,hemothorax,1
pleural other,left medial mediastinum,1
pleural other,"left upper lobe, left thoracic cavity, mediastinum",1
pleural other,right,1
pleural other,left upper chest,1
pleural other,trachea,1
pleural other,lateral portions of right pleura,1
pleural other,bilateral pleural,1
pleural other,left hemidiaphragm (lateral view posteriorly at the left lung base),1
pleural other,left,1
pleural other,left-sided,1
pleural other,left side at the site of tube insertion,1
pleural other,retrocardiac,1
pleural other,right lower pleura,1
pleural other,left (possibly an empyema),1
pleural other,left (loculated pleural collection),1
pleural other,left apical,1
pleural other,left pleural base laterally,1
pleural other,bilateral basilar,1
pleural other,left upper lobe pleural base,1
pleural other,adjacent to destructive bony lesions,1
pleural other,pleural and diaphragmatic regions,1
pleural other,chest wall,1
pleural other,left lateral chest wall,1
pleural other,fissural pleura,1
pleural other,right diaphragmatic surface,1
pleural other,interstitial,1
pleural other,asymmetric pleura,1
pleural other,right costophrenic angle,1
pleural other,right tracheobronchial angle,1
pleural other,right chest wall,1
pleural other,left pleural/extrapleural,1
pleural other,intrafissural region,1
pleural other,right lateral upper chest,1
pleural other,"left pleural, lateral and posterior",1
pleural other,"left pleura, right pleura",1
pleural other,right lateral pleura,1
pleural other,left upper hemithorax,1
pleural other,diffuse peribronchial region,1
pleural other,subcutaneous,1
pleural other,right cardio phrenic angle,1
pleural other,right lower paratracheal stripe,1
pleural other,left lateral pleural base,1
pleural other,biapical pleural parenchyma,1
pleural other,left lung base lateral,1
pleural other,right lower paratracheal station,1
pleural other,"both hilus, mediastinum, right pleural space",1
pleural other,bilateral costophrenic angles,1
pleural other,pleural space and subcutaneous tissue along previous chest tube tracks,1
pleural other,"right upper hemithorax, costal pleural surface",1
pleural other,lower mediastinum and right hilum,1
pleural other,"bilateral cervical ribs, more prominent on right",1
pleural other,mediastinum and subcutaneous tissue,1
pleural other,biapical pleural plaques,1
pleural other,right extrapleural and pleural,1
pleural other,left mid lung,1
pleural other,bilateral diaphragmatic and pleural,1
pleural other,right base,1
pleural other,left lung,1
pleural other,pleural surface,1
pleural other,right diaphragmatic pleural surface,1
pleural other,left paraspinal at t7/8 level,1
pleural other,bilateral bases,1
pleural other,left upper lobe,1
pleural other,diffuse pleura,1
pleural other,bilateral pleural and diaphragmatic plaques,1
pleural other,right mid lung fissure,1
pleural other,right glenohumeral joint,1
pleural other,left pleural space,1
pleural other,left pleural structure,1
pleural other,right apex medial aspect,1
pleural other,left supraclavicular fat and left clavicular companion shadow,1
pleural other,"right lateral chest wall, right chest tube area, plantar abdomen",1
pleural other,right upper chest,1
pleural other,pleural parenchyma,1
pleural other,left inferolateral pleura,1
pleural other,subpleural,1
pleural other,medial pleural space,1
pleural other,left hemithorax base and lateral aspect,1
pleural other,anterior pleural surface,1
pleural other,right costophrenic sinus,1
pleural other,right basilar pleura,1
pleural other,left base periphery,1
pleural thickening,none,79
pleural thickening,biapical,58
pleural thickening,left costophrenic angle,43
pleural thickening,bilateral apices,42
pleural thickening,bilateral apical,37
pleural thickening,right apical,33
pleural thickening,bilateral apical pleura,32
pleural thickening,right costophrenic angle,27
pleural thickening,right apical pleura,22
pleural thickening,left,20
pleural thickening,bilateral,19
pleural thickening,apical,18
pleural thickening,left apical,17
pleural thickening,bilateral pleura,16
pleural thickening,right,16
pleural thickening,bilateral costophrenic angles,12
pleural thickening,right pleura,12
pleural thickening,left pleura,11
pleural thickening,biapical pleura,9
pleural thickening,bilateral lung apices,9
pleural thickening,left apical pleura,8
pleural thickening,right lung apex,7
pleural thickening,right minor fissure,7
pleural thickening,apical pleura,7
pleural thickening,minor fissure,6
pleural thickening,left lung base,6
pleural thickening,each lung apex,5
pleural thickening,right apex,5
pleural thickening,right pleural space,5
pleural thickening,right lung base,5
pleural thickening,left posterior costophrenic angle,5
pleural thickening,right pleural cavity,5
pleural thickening,bilateral posterior costophrenic angles,4
pleural thickening,left lung apex,4
pleural thickening,posterior right costophrenic angle,4
pleural thickening,pleural,4
pleural thickening,major fissure,3
pleural thickening,right major fissure,3
pleural thickening,right pleural,3
pleural thickening,left lateral pleura,3
pleural thickening,right lateral pleura,3
pleural thickening,right base,3
pleural thickening,left basal,3
pleural thickening,left pleural,3
pleural thickening,left basilar,3
pleural thickening,right lateral,3
pleural thickening,left apex,3
pleural thickening,bi-apical,3
pleural thickening,right paratracheal stripe,3
pleural thickening,posterior costophrenic angle,2
pleural thickening,right greater than left biapical pleura,2
pleural thickening,pulmonary fissures,2
pleural thickening,bilateral apexes,2
pleural thickening,left costophrenic sulcus,2
pleural thickening,"biapical, right greater than left",2
pleural thickening,left hemi thorax,2
pleural thickening,bilateral apex,2
pleural thickening,left lateral chest wall,2
pleural thickening,fissures,2
pleural thickening,adjacent to multiple ribs,2
pleural thickening,biapical pleural,2
pleural thickening,pleural fissures,2
pleural thickening,bilateral (right more than left),2
pleural thickening,right basilar,2
pleural thickening,bilateral pleural space,2
pleural thickening,right horizontal fissure,2
pleural thickening,right apical and lateral pleura,2
pleural thickening,left apical pleural margin,2
pleural thickening,posterior costophrenic angles,2
pleural thickening,left lateral,2
pleural thickening,right peritracheal stripe,2
pleural thickening,right side,2
pleural thickening,right mid-to-lower hemithorax,2
pleural thickening,bilateral perihilar peribronchial,2
pleural thickening,right apical pleural,2
pleural thickening,perihilar peribronchial,2
pleural thickening,both lung apices,2
pleural thickening,right lower lobe,2
pleural thickening,left lung bases,2
pleural thickening,left (loculated pleural collection),2
pleural thickening,apical pleural margins,2
pleural thickening,right posterior costophrenic angle,2
pleural thickening,right basal,2
pleural thickening,left focal pleura,2
pleural thickening,left pleural cavity,1
pleural thickening,right mid lung,1
pleural thickening,right-sided pleura,1
pleural thickening,lateral side of the chest,1
pleural thickening,right upper lung pleura,1
pleural thickening,right pleural scar,1
pleural thickening,right axillary pleura (surrounding 3rd-5th rib fractures),1
pleural thickening,left upper lobe,1
pleural thickening,lateral right pleura,1
pleural thickening,peripheral pleura,1
pleural thickening,lateral left,1
pleural thickening,bilateral costodiaphragmatic angles,1
pleural thickening,bilateral symmetrical apical,1
pleural thickening,left inferior lingula adjacent pleura,1
pleural thickening,bilateral peribronchial regions,1
pleural thickening,"left posterior pleura, costophrenic angle",1
pleural thickening,bibasilar,1
pleural thickening,adjacent to left lower lobe,1
pleural thickening,right lower hemithorax and right lung apex,1
pleural thickening,left side,1
pleural thickening,right-sided,1
pleural thickening,bilateral pleural regions adjacent to multiple rib fractures,1
pleural thickening,"bilateral apical pleural margins, right greater than left",1
pleural thickening,right mid chest wall,1
pleural thickening,pleural apices,1
pleural thickening,costal and apical margins,1
pleural thickening,left basilar lung,1
pleural thickening,right cardiophrenic angle,1
pleural thickening,bilateral posterior,1
pleural thickening,lung apices,1
pleural thickening,right pleura (extending into fissure),1
pleural thickening,right hemidiaphragm adjacent pleura,1
pleural thickening,right lung apices,1
pleural thickening,costodiaphragmatic pleura,1
pleural thickening,right hemi thorax,1
pleural thickening,right greater than left apical margins,1
pleural thickening,right lung base and right lateral chest wall,1
pleural thickening,costophrenic angles,1
pleural thickening,right lower lung periphery,1
pleural thickening,right pleura laterally and inferiorly,1
pleural thickening,perihilar,1
pleural thickening,left costal pleural margin,1
pleural thickening,left lateral and apical pleura,1
pleural thickening,"left upper hemithorax, right lung apex",1
pleural thickening,"bilateral apical pleura, right greater than left",1
pleural thickening,left costophrenic angle adjacent,1
pleural thickening,right costophrenic sinus,1
pleural thickening,left chest wall and left apex,1
pleural thickening,peripheral,1
pleural thickening,bilateral bases,1
pleural thickening,bilateral pleural apices,1
pleural thickening,"left 3rd posterior rib, left 7th and 8th posterolateral ribs",1
pleural thickening,right mid lateral hemithorax,1
pleural thickening,left apical medial pleura,1
pleural thickening,left basal pleura,1
pleural thickening,left lower thorax,1
pleural thickening,right apex along lateral border adjacent to right shoulder,1
pleural thickening,bilateral lung apices (right slightly more pronounced),1
pleural thickening,left lateral lung base,1
pleural thickening,right mid lateral pleura,1
pleural thickening,"bilateral apices, more pronounced on the right",1
pleural thickening,bilateral chest,1
pleural thickening,right apical region,1
pleural thickening,"left pleura, bilateral apical pleura",1
pleural thickening,left lateral costophrenic sulcus,1
pleural thickening,lateral costophrenic sulcus,1
pleural thickening,lower lateral left pleura,1
pleural thickening,bilateral laterally,1
pleural thickening,right lateral rib,1
pleural thickening,right costal pleura,1
pleural thickening,right perihilar peribronchial,1
pleural thickening,left posterior pleura,1
pleural thickening,"right lateral 3rd, 4th, 5th, 6th ribs overlying",1
pleural thickening,right upper pleural (costal and mediastinal surfaces),1
pleural thickening,bilateral lateral pleura,1
pleural thickening,right greater than left,1
pleural thickening,right inferolateral pleural and left base,1
pleural thickening,bilateral biapical (left greater than right),1
pleural thickening,right chest wall,1
pleural thickening,right apical pleural base,1
pleural thickening,inferior right hemithorax,1
pleural thickening,right base laterally,1
pleural thickening,behind lower sternum,1
pleural thickening,"biapical, left greater than right",1
pleural thickening,right hemidiaphragm,1
pleural thickening,right mid-to-lower lung,1
pleural thickening,right hemidiaphragm posterior,1
pleural thickening,bilateral lung apex,1
pleural thickening,left lateral costophrenic angle,1
pleural thickening,bilateral pleural and diaphragm,1
pleural thickening,medial right lung apex,1
pleural thickening,pleura,1
pleural thickening,left-sided lateral ribs,1
pleural thickening,lateral biapical regions (left greater than right),1
pleural thickening,left posterior costophrenic sulcus,1
pleural thickening,anterior minor fissure,1
pleural thickening,left cp angle,1
pleural thickening,each lung apex (greater on the right than left),1
pleural thickening,biapical right,1
pleural thickening,apices bilaterally,1
pleural thickening,left upper chest wall area,1
pleural thickening,adjacent to left lateral rib,1
pleural thickening,right mid and lower lung lateral,1
pleural thickening,lateral right chest wall,1
pleural thickening,right upper lung region,1
pleural thickening,bilateral lateral pleural,1
pleural thickening,left-sided,1
pleural thickening,bilateral peritracheal stripe in the upper mediastinum,1
pleural thickening,right posterior costodiaphragmatic angle,1
pleural thickening,right upper lobe minor fissure,1
pleural thickening,left greater than right bilateral pleural surfaces,1
pleural thickening,left base,1
pleural thickening,right costophrenic sulcus,1
pleural thickening,this region,1
pleural thickening,right lateral bases of hemithorax,1
pleural thickening,left costophrenic angles,1
pleural thickening,left mid lung,1
pleural thickening,posterior left or right lung base,1
pleural thickening,left posterobasal hemithorax,1
pleural thickening,bilateral pleural plaques,1
pleural thickening,apical pleura (right more prominent),1
pleural thickening,bilateral apices (right more prominent),1
pleural thickening,right base medially and retrocardiac area,1
pleural thickening,left-sided pleural plaques,1
pleural thickening,right lower costal pleural margin,1
pleural thickening,right apical pleural margin,1
pleural thickening,local,1
pleural thickening,bilateral pleural regions,1
pleural thickening,left lateral costal pleural margin,1
pleural thickening,bilateral apical margins (right predominance),1
pleural thickening,"left pleura, extending to apex",1
pleural thickening,left lateral diaphragmatic pleura,1
pleural thickening,left lower lateral costal pleural surface,1
pleural thickening,lateral right apex,1
pleural thickening,left lung base laterally,1
pleural thickening,bilateral costal pleural margins,1
pleural thickening,left costal pleural surface and left major fissure,1
pleural thickening,left pleural space,1
pleural thickening,right mid to lower pleura,1
pleural thickening,right anterior pleura,1
pleural thickening,right and left apical,1
pleural thickening,bilateral apical lateral,1
pleural thickening,"left lower costal pleural margin, anterolateral left 6th rib level",1
pleural thickening,basal pleura,1
pleural thickening,inferolateral right pleura,1
pleural thickening,left greater than right biapical pleura,1
pleural thickening,left hemidiaphragm,1
pleural thickening,adjacent to prior rib fractures,1
pleural thickening,right upper lateral pleura,1
pleural thickening,left lateral costal pleural surface,1
pleural thickening,right lateral costal pleural margin,1
pleural thickening,lung bases,1
pleural thickening,bilateral pleural margins,1
pleural thickening,left basal lateral pleura,1
pleural thickening,pleural areas,1
pleural thickening,left rib adjacent pleura,1
pleural thickening,right lung base and both lung apices,1
pleural thickening,diffuse,1
pleural thickening,lateral persistent pleural space,1
pleural thickening,bilateral apices (right greater than left),1
pleural thickening,left costophrenic sinus,1
pleural thickening,visceral pleura,1
pleural thickening,left-sided pleura,1
pleural thickening,right base pleura,1
pleural thickening,left lateral lung,1
pneumonia,none,949
pneumonia,left lower lobe,528
pneumonia,right lower lobe,404
pneumonia,right middle lobe,145
pneumonia,right upper lobe,144
pneumonia,right lung base,134
pneumonia,left lung base,100
pneumonia,left base,78
pneumonia,left upper lobe,57
pneumonia,right base,56
pneumonia,right lung,55
pneumonia,multifocal,52
pneumonia,retrocardiac,47
pneumonia,bilateral lungs,40
pneumonia,right lower lung,39
pneumonia,retrocardiac region,38
pneumonia,lingula,38
pneumonia,left basilar,37
pneumonia,bilateral bases,36
pneumonia,bilateral,35
pneumonia,right basilar,34
pneumonia,right mid lung,32
pneumonia,bibasilar,27
pneumonia,left lung,25
pneumonia,lung bases,23
pneumonia,left lower lung,22
pneumonia,bilateral lower lobes,22
pneumonia,left mid lung,22
pneumonia,lower lobe,21
pneumonia,right upper lung,20
pneumonia,bilateral lung bases,20
pneumonia,lower lungs,18
pneumonia,bilateral basilar regions,18
pneumonia,right basal,17
pneumonia,lower lung,15
pneumonia,right middle and lower lobe,14
pneumonia,bilateral basilar,14
pneumonia,bilateral basal regions,14
pneumonia,bilateral lower lobe,13
pneumonia,right mid to lower lung,12
pneumonia,left retrocardiac,12
pneumonia,lower lobes,12
pneumonia,right infrahilar,11
pneumonia,left perihilar,11
pneumonia,right infrahilar region,11
pneumonia,multifocal lungs,11
pneumonia,left retrocardiac region,11
pneumonia,right mid and lower lung,10
pneumonia,basilar,9
pneumonia,left mid and lower lung,9
pneumonia,left basal,8
pneumonia,left lingula,8
pneumonia,lingular lobe,8
pneumonia,right middle lobe and left lower lobe,7
pneumonia,right middle and lower lobes,7
pneumonia,lingular,7
pneumonia,both lung bases,7
pneumonia,right medial lung base,6
pneumonia,left infrahilar region,6
pneumonia,lingular segment,6
pneumonia,left lingular lobe,6
pneumonia,left,5
pneumonia,left heart border,5
pneumonia,left lung bases,5
pneumonia,right lung base medially,5
pneumonia,right upper lobe and right lower lobe,5
pneumonia,left lingular segment,5
pneumonia,bilateral lower lungs,5
pneumonia,right,5
pneumonia,right perihilar region,4
pneumonia,bilateral lung parenchyma,4
pneumonia,right middle lobe and right lower lobe,4
pneumonia,right perihilar,4
pneumonia,right costophrenic angle,4
pneumonia,bilateral lower lung,4
pneumonia,right lower lobe medial,4
pneumonia,right lower lobe superior segment,4
pneumonia,medial right lower lobe,4
pneumonia,posterior left lower lobe,4
pneumonia,bilateral basal,4
pneumonia,bilateral perihilar,4
pneumonia,lower thoracic spine,4
pneumonia,right and left lower lobes,4
pneumonia,"right middle lobe, left lower lobe",4
pneumonia,left mid lung field,4
pneumonia,left lower lobe retrocardiac,4
pneumonia,left mid to upper lung,3
pneumonia,right heart border,3
pneumonia,left lower lobe superior segment,3
pneumonia,right lower lobe and right middle lobe,3
pneumonia,right hilar,3
pneumonia,right basal parenchyma,3
pneumonia,bilateral basal areas,3
pneumonia,right lower lung zone,3
pneumonia,lingula and left lower lobe,3
pneumonia,bilateral multifocal,3
pneumonia,right mid-to-lower lung,3
pneumonia,posterior lung base,3
pneumonia,right mid and lower lung zones,3
pneumonia,bilateral parenchyma,3
pneumonia,right upper and lower lobes,3
pneumonia,right hemithorax,3
pneumonia,lingula and right middle lobe,3
pneumonia,"right upper lobe, left lower lobe",3
pneumonia,perihilar,3
pneumonia,both lungs,3
pneumonia,left infrahilar,3
pneumonia,right base medially,3
pneumonia,lingular and left lower lobe,3
pneumonia,basilar regions,3
pneumonia,bases,3
pneumonia,multifocal lung,3
pneumonia,right upper zone,3
pneumonia,bilateral basilar airspaces,3
pneumonia,mid lower to upper lung zone,2
pneumonia,right medial base,2
pneumonia,"bilateral basilar regions, left greater than right",2
pneumonia,bilateral mid to lower lungs,2
pneumonia,inferior right upper lobe,2
pneumonia,"left lung base, retrocardiac",2
pneumonia,left lower lobe and right mid lungfield,2
pneumonia,left midlung zone,2
pneumonia,left lower lobe and retrocardiac,2
pneumonia,right hilum,2
pneumonia,left mid lung zone,2
pneumonia,entire right lung,2
pneumonia,right infrahilar/lower lung,2
pneumonia,posterior inferior chest,2
pneumonia,left apex,2
pneumonia,"left lung base, right lung apex",2
pneumonia,inferior lingula,2
pneumonia,left mid-to-lower lung,2
pneumonia,bilateral basal lungs,2
pneumonia,lungs,2
pneumonia,left upper and lower lobes,2
pneumonia,bilateral lower lung bases,2
pneumonia,bilateral basal segments,2
pneumonia,lateral right lung base,2
pneumonia,right cardiophrenic angle,2
pneumonia,retrocardiac and left mid lung,2
pneumonia,right upper lobe and both lung bases,2
pneumonia,right mid zone,2
pneumonia,right lower lung base,2
pneumonia,anterior segment of the right upper lobe,2
pneumonia,right or left lower lobe,2
pneumonia,right lateral,2
pneumonia,superior segment of left lower lobe,2
pneumonia,lung base,2
pneumonia,widespread,2
pneumonia,right perihilar region and right lung base,2
pneumonia,right lung bases,2
pneumonia,right middle lobe and lingula,2
pneumonia,"left upper and lower lobes, right middle and lower lobes",2
pneumonia,superior segment of right lower lobe,2
pneumonia,right cardiophrenic region,2
pneumonia,left perihilar region,2
pneumonia,left upper lobe anterior segment,2
pneumonia,left base posteriorly,2
pneumonia,left upper zone,2
pneumonia,left perihilar airspace,2
pneumonia,right middle and right lower lobes,2
pneumonia,posterior costophrenic sulcus,2
pneumonia,right upper lobe and right middle lobe,2
pneumonia,lower spine,2
pneumonia,bilateral airspaces,2
pneumonia,right upper lobe anterior segment,2
pneumonia,right posterior lung base,2
pneumonia,right infrahilar area,2
pneumonia,left basilar retrocardiac,2
pneumonia,left mid to lower lung fields,2
pneumonia,left hemithorax,2
pneumonia,middle lobe,2
pneumonia,right lower lobe and right upper lobe,2
pneumonia,"right middle lobe, left lung base",2
pneumonia,lateral right lower lobe,2
pneumonia,left basilar region,2
pneumonia,lingula and left upper lobe,2
pneumonia,mid and lower left lung,2
pneumonia,left lower lung zone,2
pneumonia,right mid lung field,2
pneumonia,bilateral lungs (right greater than left),2
pneumonia,right base posteriorly,2
pneumonia,"right lower lobe, left lower lobe",2
pneumonia,both lower lobes,2
pneumonia,bilateral upper and lower lobes,2
pneumonia,diffuse,2
pneumonia,bilateral basilar segments,2
pneumonia,left midlung,2
pneumonia,right mid lung laterally,2
pneumonia,right mid and lower zones,2
pneumonia,bibasilar airspaces,2
pneumonia,lateral to left heart border,2
pneumonia,right lung basis,2
pneumonia,right lower and middle lobe,2
pneumonia,left lower lobe and lingula,2
pneumonia,spine on the lateral view,1
pneumonia,infrahilar right lung,1
pneumonia,right lung base and left mid lung,1
pneumonia,"left upper lobe, middle and lower lung zones",1
pneumonia,right mid lung perihilar,1
pneumonia,right upper lobe periphery,1
pneumonia,left perihilar region and right lung base,1
pneumonia,right middle lobe extending to right lower lobe,1
pneumonia,right upper and mid lung,1
pneumonia,"right infrahilar region (predominantly right lower lobe posterior aspect, possible right middle lobe involvement)",1
pneumonia,left perihilar and basilar region,1
pneumonia,left lower lobe retrocardiac space,1
pneumonia,mid and lower lungs,1
pneumonia,"right lower lobe, lateral",1
pneumonia,right middle lobe and left perihilar,1
pneumonia,lower lungs (left greater than right),1
pneumonia,"multifocal (entire right lung save apex, left retrocardiac and left base)",1
pneumonia,left lateral lung base,1
pneumonia,left lingula (base),1
pneumonia,right middle lobe and left basilar,1
pneumonia,left lower lobe posteroinferior aspect,1
pneumonia,left lower lobe retrocardiac area,1
pneumonia,"right infrahilar, retrocardiac, lingular regions",1
pneumonia,left lower lobe lateral,1
pneumonia,left lower lobe and mid lungs,1
pneumonia,left perihilar and lateral,1
pneumonia,retrocardiac space,1
pneumonia,retrocardiac lung areas and bilateral lower lobes,1
pneumonia,right infrahilar region and posterior portion of the chest,1
pneumonia,medial aspect of the right lung base,1
pneumonia,anterior left upper lobe,1
pneumonia,"right upper lobe, both lung bases",1
pneumonia,"right upper lobe, left mid lung",1
pneumonia,"bibasilar regions, right upper lobe",1
pneumonia,left upper lung,1
pneumonia,superior segment of left lower lobe and posterior right lower lobe,1
pneumonia,"bilateral bases, right lower lobe, lingula",1
pneumonia,"right upper and mid lung zones, left mid to lower lung zone",1
pneumonia,"right infrahilar/cardiophrenic region, lower lobe posteriorly",1
pneumonia,"left upper lobe, bilateral lung bases",1
pneumonia,"multifocal (lower lobes left>right, left upper lobe)",1
pneumonia,upper and mid lung zones,1
pneumonia,left basilar lung,1
pneumonia,"left upper lung, right mid to lower lung",1
pneumonia,right parenchyma superior to diaphragm,1
pneumonia,left mid lung and lower lobe,1
pneumonia,central lung,1
pneumonia,mid to lower lung,1
pneumonia,right basilar and perihilar,1
pneumonia,multifocal in both lungs,1
pneumonia,bilateral lung bases (more extensive on left),1
pneumonia,right upper and left mid lung,1
pneumonia,right perihilar and right lower lobe,1
pneumonia,left hemidiaphragm,1
pneumonia,"right lung, left lung base",1
pneumonia,"left mid lung, right lower lung",1
pneumonia,right basal posterior lung,1
pneumonia,"bilateral lungs, multifocal",1
pneumonia,anterior segment of left upper lobe,1
pneumonia,superior segment of right lower lobe and lateral basal segment,1
pneumonia,"right lower lung field, right middle lobe",1
pneumonia,inferior lingular segment,1
pneumonia,"right mid and lower lung, left lower lobe",1
pneumonia,lower lungs and right upper lung,1
pneumonia,left lower lobe posterior,1
pneumonia,left base retrocardiac region,1
pneumonia,one of the lower lobes,1
pneumonia,right posterior lung,1
pneumonia,interstitial lungs,1
pneumonia,right heart border and lower thoracic vertebra,1
pneumonia,mid left lung field,1
pneumonia,right posterior base,1
pneumonia,"multifocal (left upper lobe, lingula, left lower lobe, right lung base)",1
pneumonia,left mid to lower lung zone,1
pneumonia,"right mid lung field, superior segment of right lower lobe",1
pneumonia,right mid to lower lobe,1
pneumonia,right mid and left perihilar lung,1
pneumonia,"right mid lung, left mid lung",1
pneumonia,bilateral perihilar lung regions and right lung base,1
pneumonia,right lower lobe superior segment and right middle lobe,1
pneumonia,left costophrenic angle,1
pneumonia,right lower lobe (predominantly superior segment),1
pneumonia,"left lung base, right upper lobe, right lung base",1
pneumonia,left lower lateral lung,1
pneumonia,right upper lobe (above minor fissure),1
pneumonia,"bilateral lung bases, right lower lobe",1
pneumonia,left mid lung perihilar region,1
pneumonia,"right and left perihilar, left basal lung areas",1
pneumonia,diffuse interstitial,1
pneumonia,"right infrahilar region, left lower lobe retrocardiac region",1
pneumonia,right mid lung field peripheral aspect,1
pneumonia,"right middle lobe, basal and anterior portions",1
pneumonia,right upper lobe apical posterior segment,1
pneumonia,right middle and lower lung,1
pneumonia,bilateral multifocal lobes,1
pneumonia,right juxtahilar region,1
pneumonia,superior to left hilum,1
pneumonia,"retrocardiac lung areas, right lung central portions",1
pneumonia,left mid and lower lung base,1
pneumonia,bilateral basilar multifocal regions,1
pneumonia,left midlung medial to anterior end of 5th rib,1
pneumonia,"left lower lobe, right middle lobe",1
pneumonia,right lower perihilar region,1
pneumonia,right upper lobe medial,1
pneumonia,right cardiophrenic and lower lung,1
pneumonia,left perihilar and both retrocardiac regions,1
pneumonia,not specified,1
pneumonia,left basilar lingula,1
pneumonia,bilateral infrahilar,1
pneumonia,"left mid and lower lung, right lung apex",1
pneumonia,right middle lobe lateral segment,1
pneumonia,left mid/lower lungs,1
pneumonia,right midlung,1
pneumonia,"right mid lung, right lower lung, left mid lung",1
pneumonia,left lung (bases and hilus),1
pneumonia,"left suprahilar region, left upper lobe",1
pneumonia,left bases,1
pneumonia,"right lower lung, left lower lung",1
pneumonia,right basilar region,1
pneumonia,medial right lung base adjacent to right heart border,1
pneumonia,right upper lobe and posterior right lower lobe,1
pneumonia,"left midlung zone, right apex",1
pneumonia,predominantly peripheral and basilar,1
pneumonia,right basal lung,1
pneumonia,"left lower lobe posterior segment, left base",1
pneumonia,lingula and right lower lung,1
pneumonia,lower lungs and perihilar region,1
pneumonia,"right upper and lower lobes, left upper and lower lobes",1
pneumonia,right heart border and lower zones,1
pneumonia,"left lower lobe, retrocardiac area",1
pneumonia,mid to upper lung,1
pneumonia,right and left lower lobe,1
pneumonia,right upper lung field,1
pneumonia,bilateral multilobar lungs,1
pneumonia,anterior lower lung,1
pneumonia,"right midlung, retrocardiac left lung base",1
pneumonia,bilateral parenchymal,1
pneumonia,left lower lobe superior segments,1
pneumonia,right lung and left lung base,1
pneumonia,right lower lobe anteriorly,1
pneumonia,lingula and right upper lobe anterior segment,1
pneumonia,"both lower lobes, right middle lobe, lingula",1
pneumonia,"right lower lobe, right upper lobe, lingula",1
pneumonia,bilateral upper zone,1
pneumonia,"inferior lingula, right lower lobe",1
pneumonia,left lower lung lateral aspect,1
pneumonia,"upper, mid and bilateral lower lung fields",1
pneumonia,"right midlung, superior segment of right lower lobe or posterior segment of right upper lobe",1
pneumonia,right upper lobe inferolateral,1
pneumonia,"bilateral lung bases, predominantly postero-inferior location in the posterior dependent portion of the lower lobes",1
pneumonia,"bilateral, right greater the left",1
pneumonia,left lung base peribronchial areas,1
pneumonia,right lower lobe (above atelectasis area),1
pneumonia,"left upper lobe, left lower lobe",1
pneumonia,right lower and probably middle lobes,1
pneumonia,mid left lower lobe,1
pneumonia,"mid to lower lungs, right greater than left",1
pneumonia,small areas in the medial right lung base,1
pneumonia,lower lung and perihilar,1
pneumonia,right upper and lower lungs,1
pneumonia,retrosternal clear space (lateral),1
pneumonia,left mid hemithorax,1
pneumonia,anterior right middle lobe,1
pneumonia,bilateral mid lung,1
pneumonia,both bases,1
pneumonia,left lower lung lingula,1
pneumonia,right perihilar area and left lung,1
pneumonia,left base in the retrocardiac region,1
pneumonia,right and left lung,1
pneumonia,left lower lobe and possibly lingula,1
pneumonia,"upper lungs, periphery of the lungs",1
pneumonia,"left basilar, left upper lobe",1
pneumonia,both lung fields,1
pneumonia,posterior basilar,1
pneumonia,right lower lobe posterior basilar,1
pneumonia,diffusely in the lungs,1
pneumonia,"left anterior sixth and seventh rib interspaces, overlying the lowest partially visible thoracic vertebral body",1
pneumonia,right lower lobe posterior aspect,1
pneumonia,"each infrahilar region, right upper lobe",1
pneumonia,localized area within a region of scarring,1
pneumonia,"right middle lobe, medial segment",1
pneumonia,right lower lung and retrocardiac region,1
pneumonia,bilateral lingula,1
pneumonia,"left upper and lower lung fields, right lung base",1
pneumonia,"left upper lung field, left perihilar position, left base",1
pneumonia,1 or both of these lobes,1
pneumonia,"right middle lobe, lingula and left lower lobe",1
pneumonia,bibasilar airspace,1
pneumonia,focal,1
pneumonia,"bilateral lower lungs, most confluent in the left lower lung",1
pneumonia,bilateral periphery,1
pneumonia,"left hilar region, right lower lung",1
pneumonia,"left lung base, right lung base",1
pneumonia,right mid and upper zone,1
pneumonia,"bilateral lung bases, particularly in the retrocardiac area",1
pneumonia,over the spine (lateral view),1
pneumonia,bibasilar (right more than left),1
pneumonia,upper lobes and right lower lobe,1
pneumonia,"left upper to mid lung, medial right mid to lower lung",1
pneumonia,lateral segment right middle lobe,1
pneumonia,right mid and lower lungs,1
pneumonia,bilateral perihilar peribronchovascular,1
pneumonia,left and right lung base,1
pneumonia,right upper lung and perihilar,1
pneumonia,over the spine,1
pneumonia,left hilus,1
pneumonia,bilateral lung bases (right more than left),1
pneumonia,right upper lobe anterior segment and right middle lobe lateral,1
pneumonia,left pleural cavity,1
pneumonia,"left upper lobe lingula, right lower lobe posterior segment",1
pneumonia,"right upper lobe, left upper lobe",1
pneumonia,left lower lobe medial aspect,1
pneumonia,"right middle lobe, right lower lobe",1
pneumonia,left lower lobe posterior and dorsal aspect,1
pneumonia,left perihilar and basal,1
pneumonia,right mid and right lower lung,1
pneumonia,"right lower lung, left lower lobe",1
pneumonia,"bilateral lung bases, right lung base",1
pneumonia,left lower lobe (some clearing),1
pneumonia,bilateral airspace,1
pneumonia,right apex,1
pneumonia,left perihilar and right middle lobe,1
pneumonia,right-sided regions,1
pneumonia,multi focal,1
pneumonia,"right mid lung, right lower lung",1
pneumonia,left lung and possibly right lower lobe,1
pneumonia,retrocardiac lung regions and right lung bases,1
pneumonia,"right upper lobe, bilateral lung bases",1
pneumonia,"left lower lobe, lingula",1
pneumonia,right infrahilar lung,1
pneumonia,right middle lobe or lingula,1
pneumonia,left lower lobe and mid lung,1
pneumonia,"bilateral basal regions, right",1
pneumonia,left lingular and lower lobes,1
pneumonia,right lower lobe cardiophrenic angle region,1
pneumonia,interstitial lung,1
pneumonia,diffuse lungs,1
pneumonia,"left mid-lower lung, lingula, left lower lobe and right mid lung",1
pneumonia,bibasilar regions,1
pneumonia,"right upper lung, left mid lung",1
pneumonia,left infrahilar peribronchial,1
pneumonia,left upper lung region,1
pneumonia,left perihilar region/left upper lobe,1
pneumonia,"lower lungs, right greater than left",1
pneumonia,right lower lobe and lingula,1
pneumonia,right upper to mid lung,1
pneumonia,right lung base and right mid lung field,1
pneumonia,right upper lobe and left lower lobe,1
pneumonia,"right lung base, left lung base",1
pneumonia,left perihilar and infrahilar regions,1
pneumonia,left upper lung and right lower lung,1
pneumonia,"left lung apex, right lung base",1
pneumonia,right base and scattered throughout the right lung,1
pneumonia,right middle and basilar portions of the lower lobe,1
pneumonia,"bilateral lungs, left greater than right",1
pneumonia,left base lateral,1
pneumonia,left basilar and left lower lobe,1
pneumonia,throughout the right lung,1
pneumonia,"right mid and lower lungs, left lower lobe",1
pneumonia,left greater than right lower lobes,1
pneumonia,"both lower lobes, particularly right",1
pneumonia,right lung base and retrocardiac,1
pneumonia,retrocardiac location,1
pneumonia,posterior left sixth rib,1
pneumonia,"bilateral lower lobes, possibly right upper lobe",1
pneumonia,right lower lobe posterior segment,1
pneumonia,multi focal lungs,1
pneumonia,left basilar and lingular,1
pneumonia,right lower lung and medial lung base,1
pneumonia,left posterior,1
pneumonia,"left lung base, right mid lung field",1
pneumonia,right lung and lower portion of left lung,1
pneumonia,posterior right base,1
pneumonia,right suprahilar and right mid lung periphery,1
pneumonia,left dorsal basal parenchyma,1
pneumonia,right middle and left lower lobes,1
pneumonia,"right perihilar/upper and middle lobe, left mid and lower lobe",1
pneumonia,right upper lobe and left mid lung,1
pneumonia,lateral to left heart border (possibly along spine),1
pneumonia,right lower lobe anterior medial basal segment,1
pneumonia,posterior basal segment of lower lobe (probably right),1
pneumonia,right medial basilar,1
pneumonia,right mid lung periphery,1
pneumonia,superior segment of the left lower lobe,1
pneumonia,left lung apex,1
pneumonia,bilateral upper lobes,1
pneumonia,above the minor fissure,1
pneumonia,right cardiophrenic region posteriorly,1
pneumonia,right lobe posterior segment,1
pneumonia,right lower lobe and left lower lobe,1
pneumonia,"left mid-to-lower lung, possibly lateral right lung base",1
pneumonia,"lower lobe, right upper lobe",1
pneumonia,lower lobes and lung periphery,1
pneumonia,"right lung, left mid and lower lung",1
pneumonia,adjacent to midportion of left lateral chest wall,1
pneumonia,left posterior chest,1
pneumonia,retrocardiac lung parenchyma,1
pneumonia,right-sided,1
pneumonia,"right lung base, left mid lung",1
pneumonia,"left lower lobe, right lung base, upper right lung",1
pneumonia,"left and right lung bases, right upper lobe",1
pneumonia,left mid lung perihilar,1
pneumonia,lower lung and posterior,1
pneumonia,right basal and left basal parenchyma,1
pneumonia,posterior basilar segments,1
pneumonia,bilateral basal regions and right lower lobe,1
pneumonia,"right upper and middle lobes, lingula",1
pneumonia,bilateral basilar retrocardiac regions,1
pneumonia,mid to lower lung zones,1
pneumonia,"left lung, right base",1
pneumonia,bilateral lung bases (right > left),1
pneumonia,left lower lung bases,1
pneumonia,bilateral multi-focal,1
pneumonia,left upper to mid lung,1
pneumonia,bilateral upper and mid lungs,1
pneumonia,right axillary region and left lung base,1
pneumonia,bilateral mid and lower lung fields,1
pneumonia,"right lung (minor fissure, peripheral, right base)",1
pneumonia,middle lobe and lingula,1
pneumonia,right lateral lung base,1
pneumonia,right upper lobe and lower lobes,1
pneumonia,right upper lobe and bilateral bases,1
pneumonia,right mid upper lung,1
pneumonia,right middle and upper lobes,1
pneumonia,right upper lung and right lower lobe,1
pneumonia,"right lung bases, middle lobe, left upper lobe peripheral areas, lingular",1
pneumonia,basilar lung,1
pneumonia,both lung bases (right more prominent),1
pneumonia,right lower lung region,1
pneumonia,retrocardiac area superior to right cardiophrenic angle,1
pneumonia,left mid and lower lung fields,1
pneumonia,"left lung base, right lung",1
pneumonia,lung,1
pneumonia,posterior basilar segment of the left lower lobe,1
pneumonia,upper and lower lungs,1
pneumonia,right posterior basilar,1
pneumonia,right perihilar lung,1
pneumonia,left lobe and right lower lobe,1
pneumonia,left lower lobe anterior aspect,1
pneumonia,left lower lobe (lingula),1
pneumonia,"bilateral bibasilar regions, right greater than left",1
pneumonia,both mid-to-lower lungs,1
pneumonia,"right upper lobe, right lateral lower lung, left lung",1
pneumonia,"right upper lobe, left lung bases",1
pneumonia,adjacent to right hilus,1
pneumonia,right infrahilar region and left lower lobe retrocardiac region,1
pneumonia,left suprahilar,1
pneumonia,mid to lower right lung,1
pneumonia,"bilateral (left mid lung, right lower lung)",1
pneumonia,"bilateral upper and lower lobes, left lower lobe",1
pneumonia,multifocal bilateral basilar,1
pneumonia,posterior,1
pneumonia,right apical/posterior upper lobe,1
pneumonia,right lower and upper lobes,1
pneumonia,right lower lobe and right pleural,1
pneumonia,right hemidiaphragm and adjacent right heart border,1
pneumonia,dependent portions of both lower lobes,1
pneumonia,widespread pulmonary,1
pneumonia,one or both posterior basilar segments of lower lobes,1
pneumonia,right base of the lungs,1
pneumonia,right parenchyma,1
pneumonia,right upper lobe (lingula),1
pneumonia,right basal posterior,1
pneumonia,medial right lower lung,1
pneumonia,right lung apex,1
pneumonia,diffuse airspace,1
pneumonia,lower half of the left hemithorax,1
pneumonia,left base laterally,1
pneumonia,multiple focal regions,1
pneumonia,generalized interstitial,1
pneumonia,basilar (right greater than left),1
pneumonia,"right upper and mid lung, left upper lung",1
pneumonia,"right base, left mid and lower lung",1
pneumonia,"bibasilar, left mid lung, possible right mid lung",1
pneumonia,left lower lung base,1
pneumonia,right lung apex medially and right lung base,1
pneumonia,left mid/lower lung,1
pneumonia,"left upper lobe, right lower lobe",1
pneumonia,right upper lung near right hilus,1
pneumonia,right midlung zone,1
pneumonia,lungs bases,1
pneumonia,mid right lung,1
pneumonia,lingula and left lung base,1
pneumonia,lingular segment and inferior aspect of left upper lobe,1
pneumonia,"left lower lobe, superior and basal segments",1
pneumonia,bibasilar regions (left greater than right),1
pneumonia,right hilar/infrahilar region,1
pneumonia,"bibasilar, right middle lobe",1
pneumonia,superior right lower lobe,1
pneumonia,right upper lobe abutting minor fissure,1
pneumonia,posterior aspect of the left ventricle,1
pneumonia,retrocardiac region overlying spine,1
pneumonia,"left basilar, left mid lung, right basilar",1
pneumonia,left mid zone,1
pneumonia,"left lower lung, lingula",1
pneumonia,middle lobe and right heart border,1
pneumonia,lingular and right lower lung,1
pneumonia,dependent areas,1
pneumonia,right suprahilar region,1
pneumonia,right lung bases medial aspect,1
pneumonia,left peripheral lung base,1
pneumonia,lower lung base,1
pneumonia,"right mid-lung, superior segment of right lower lobe",1
pneumonia,"left lingula, right lung base",1
pneumonia,multifocal lung fields,1
pneumonia,right lower lobe posterior basal segment,1
pneumonia,right lung apex and right lower lobe,1
pneumonia,bilateral medial and basal peribronchial,1
pneumonia,right heart border and lower lungs,1
pneumonia,right upper lung periphery,1
pneumonia,left lower lobe and right middle lobe,1
pneumonia,bilateral perihilar regions and lung bases,1
pneumonia,mid left lung,1
pneumonia,left greater than right lung,1
pneumonia,multifocal right lung,1
pneumonia,central airway,1
pneumonia,right lung (around bullae),1
pneumonia,"right midlung, left basilar",1
pneumonia,right hemidiaphragm,1
pneumonia,right middle lobe anteriorly,1
pneumonia,"anterior segment of right upper lobe, axillary region of left lung, lingula, probably left lower lobe",1
pneumonia,bilateral upper zones,1
pneumonia,widespread lungs,1
pneumonia,right middle or lower lobe,1
pneumonia,right upper and left lower lobe,1
pneumonia,posterior segment of the right upper lobe or superior segment of the right lower lobe,1
pneumonia,right upper and lower lung zones,1
pneumonia,base of left lung,1
pneumonia,left upper lobe and left lower lobe,1
pneumonia,right upper and mid lungs,1
pneumonia,left mid and lower zone,1
pneumonia,"right mid-lower lung, left lingula",1
pneumonia,"bilateral lower lobes, right upper lobe axillary region",1
pneumonia,multifocal perihilar,1
pneumonia,"left upper lobe, left perihilar region, right mid lung field",1
pneumonia,"bilateral basilar regions, left more prominent",1
pneumonia,"right mid lung, superior segment of right lower lobe",1
pneumonia,bilateral basal parenchyma,1
pneumonia,left and right bases,1
pneumonia,behind cardiac silhouette,1
pneumonia,right upper lobe posterior segment and right lung,1
pneumonia,"left lung, infrahilar right lower lung",1
pneumonia,"right upper lobe, right lower lobe, left basilar region",1
pneumonia,"right mid to lower lung, left lower lung",1
pneumonia,left lower lobe superior and posterior basal segments,1
pneumonia,bilateral lower half of lungs,1
pneumonia,widespread lung,1
pneumonia,"left lower lobe, bilateral lower lobe",1
pneumonia,right juxta hilar lung,1
pneumonia,bilateral inferior to hila,1
pneumonia,"mid and lower lungs, most severe in left lower lobe",1
pneumonia,retrosternal clear space,1
pneumonia,"bilateral basal regions, left more pronounced",1
pneumonia,bilateral upper lobe and left basilar,1
pneumonia,posterior region (obscuring spine on lateral view),1
pneumonia,posterior costophrenic angle,1
pneumonia,multifocal parenchyma,1
pneumonia,right perihilar and left lower lobe,1
pneumonia,perihilar interstitium,1
pneumonia,left lower lobe anteromedial basal segment,1
pneumonia,mid thoracic vertebral body,1
pneumonia,left basilar and retrocardiac,1
pneumonia,right upper lobe and right lower lung,1
pneumonia,periphery of mid lungs,1
pneumonia,basilar lungs,1
pneumonia,"bilateral lower lung bases, left",1
pneumonia,left upper and left lower lobes,1
pneumonia,right costophrenic sulcus,1
pneumonia,right mid and upper lung zones,1
pneumonia,"right middle lobe, left base",1
pneumonia,left retrocardiac area,1
pneumonia,posterior spine adjacent area,1
pneumonia,peribronchovascular region,1
pneumonia,left mid-lower lung zone,1
pneumonia,posterior right lower lobe,1
pneumonia,left lower hemithorax,1
pneumonia,right and left heart borders,1
pneumonia,right base and left base,1
pneumonia,left side,1
pneumonia,"right lower lobe, left mid lung adjacent to hilum",1
pneumonia,right apex medial aspect,1
pneumonia,left cardiophrenic angle,1
pneumonia,base of the right lung,1
pneumonia,right middle lobe medial segment,1
pneumonia,bilateral infrahilar regions,1
pneumonia,lateral left hemi thorax,1
pneumonia,medial left lung base,1
pneumonia,"right lower lung, retrocardiac region",1
pneumonia,"left lung, right lung base",1
pneumonia,"right upper lobe, left midlung and additional regions",1
pneumonia,upper lobe,1
pneumonia,lingular airspace,1
pneumonia,retrocardiac area,1
pneumonia,left upper lobe apical posterior segment,1
pneumonia,left base retrocardiac,1
pneumonia,right upper and mid zone,1
pneumonia,"bilateral basal, left slightly increased",1
pneumonia,left lower lobe and lingular,1
pneumonia,left upper and lower lung zones,1
pneumonia,"right upper and middle lobes, left lung base, right mid lung field peripheral aspect",1
pneumonia,right perihilar and basilar lung,1
pneumonia,subpleural and peribronchial,1
pneumonia,bilateral basal lung regions,1
pneumonia,lingular region,1
pneumonia,"right upper lobe, lingula, bilateral bases",1
pneumonia,bilateral basal lung,1
pneumonia,both mid lung fields and right lung base,1
pneumonia,"bibasilar, right mid-to-lower lobe, left mid-to-lower lobe",1
pneumonia,right upper lobe (apical and lateral aspect),1
pneumonia,"widespread, particularly right lung",1
pneumonia,dependent,1
pneumonia,"bilateral basal segments, left greater than right",1
pneumonia,diffuse airspaces,1
pneumonia,left infrahilar left lower lobe,1
pneumonia,lower lobe posteriorly,1
pneumonia,bilateral mid lungs,1
pneumonia,right upper lobe and left lung base,1
pneumonia,left lung base adjacent to left heart border,1
pneumonia,left mid lung laterally,1
pneumonia,"bilateral, right medial base, left perihilar region",1
pneumonia,right upper lung medially,1
pneumonia,right lower lobe and bilateral upper lobes,1
pneumonia,right medial lung,1
pneumonia,retrocardiac lung areas,1
pneumonia,one of the lower lobes posteriorly,1
pneumonia,posterior airspace,1
pneumonia,left posterior lower lobe,1
pneumonia,left mid lateral lung field,1
pneumonia,"left lower lobe, retrocardiac",1
pneumonia,lower lobe perihilar,1
pneumonia,"left basal lung, right basal lung",1
pneumonia,posterior retrocardiac lung base,1
pneumonia,right mid lung and bilateral lower lungs,1
pneumonia,right basal infrahilar,1
pneumonia,right hemithorax base,1
pneumothorax,right apical,233
pneumothorax,left apical,161
pneumothorax,right,99
pneumothorax,none,82
pneumothorax,left,61
pneumothorax,apical,22
pneumothorax,right side,16
pneumothorax,left apex,13
pneumothorax,right apicolateral,10
pneumothorax,right apex,9
pneumothorax,bilateral,9
pneumothorax,bilateral apical,8
pneumothorax,left pleural space,7
pneumothorax,left hemithorax,6
pneumothorax,right basal,6
pneumothorax,right hemithorax,5
pneumothorax,right lung apex,5
pneumothorax,right lung base,4
pneumothorax,left basilar,4
pneumothorax,right lung,4
pneumothorax,right apical pleural space,4
pneumothorax,right apical lateral,4
pneumothorax,left apical region,3
pneumothorax,left lung apex,3
pneumothorax,left side,2
pneumothorax,right pleural space,2
pneumothorax,left basal,2
pneumothorax,right apical and basilar,2
pneumothorax,bilateral apices,2
pneumothorax,left apical pleural space,2
pneumothorax,right apical region,2
pneumothorax,right anterior,2
pneumothorax,left apicolateral,2
pneumothorax,right lateral,2
pneumothorax,left-sided apical,2
pneumothorax,right basilar,2
pneumothorax,right lung apex immediately above the clavicle,1
pneumothorax,"right apical, lateral, posterior, central",1
pneumothorax,bilateral inferior hemithoraces,1
pneumothorax,apical area,1
pneumothorax,right lung base medial aspect,1
pneumothorax,right apical lung apex,1
pneumothorax,upper portion of the right lung,1
pneumothorax,anterior,1
pneumothorax,right lower hemithorax,1
pneumothorax,right lung bases and lateral lung aspect,1
pneumothorax,left apicolateral part,1
pneumothorax,left costophrenic sulcus,1
pneumothorax,right upper zone,1
pneumothorax,left heart border,1
pneumothorax,"bilateral (left superior hemithorax, right lateral chest wall)",1
pneumothorax,"left side, third to fourth posterior interspace",1
pneumothorax,right lung base and right heart border,1
pneumothorax,"left lateral chest wall, left diaphragmatic level basis",1
pneumothorax,bilateral hemidiaphragms,1
pneumothorax,apical right,1
pneumothorax,right anterior chest wall and apex,1
pneumothorax,inferolateral,1
pneumothorax,anteromedial,1
pneumothorax,left apicolateral and basilar,1
pneumothorax,over clavicle,1
pneumothorax,"anterior mediastinum (behind sternum, front of heart)",1
pneumothorax,right (apical and dependent),1
pneumothorax,left chest,1
pneumothorax,right sided,1
pneumothorax,left apical (left third interspace),1
pneumothorax,right lateral and apical,1
pneumothorax,left apical and left basal,1
pneumothorax,right lung and right lung apex,1
pneumothorax,apex,1
pneumothorax,"right basilar region, left apical region",1
pneumothorax,left-sided,1
pneumothorax,right basilar region,1
pneumothorax,"right apical, left",1
pneumothorax,right axillary region,1
pneumothorax,small left apical and lateral,1
pneumothorax,left mediastinum,1
pneumothorax,"upper right hemithorax, midline, left lung apex",1
pneumothorax,lungs,1
pneumothorax,apical of right lung,1
pneumothorax,right apicolateral region,1
pneumothorax,left retrosternal area,1
pneumothorax,right chest,1
pneumothorax,near the prior entry site of the right-sided chest tube,1
pneumothorax,right base medially,1
pneumothorax,"right apex, right basilar",1
pneumothorax,bilateral basilar,1
pneumothorax,right pleural fluid,1
pneumothorax,"right apical, left apical",1
pneumothorax,right-sided,1
pneumothorax,left upper abdomen,1
pneumothorax,right hemidiaphragm,1
pneumothorax,"right upper quadrant, below the diaphragm",1
pneumothorax,"left hemithorax, both apical and basilar",1
pneumothorax,right costophrenic sinus,1
pneumothorax,apical left,1
pneumothorax,right small apical,1
pneumothorax,right subpulmonic region,1
pneumothorax,"left apical, right apical",1
pneumothorax,right thoracic apex,1
pneumothorax,"left posterior, anterior and apex",1
pneumothorax,left apical lung,1
pneumothorax,right pleural cavity lateral to right lung,1
pneumothorax,right apical and right lung base,1
pneumothorax,right base laterally,1
pneumothorax,right basilar (adjacent to right hemidiaphragm and pigtail pleural catheter),1
pneumothorax,para-aortic,1
pneumothorax,left apical medial,1
pneumothorax,right basilar and right hemidiaphragm,1
pneumothorax,anterior left lung,1
pneumothorax,left apical and basal,1
pneumothorax,right lower chest wall,1
pneumothorax,medial left lung,1
pneumothorax,biapical,1
pneumothorax,right lung base along right heart border,1
pneumothorax,right lower lung base pleural space,1
pneumothorax,"left hemidiaphragm (anterior, lateral)",1
pneumothorax,right lateral region of horizontal fissure,1
pneumothorax,right apical and basilar components,1
pneumothorax,retrosternal,1
pneumothorax,right apical and medial,1
pneumothorax,right at chest tube site,1
pneumothorax,right-sided lateral and right apical,1
pneumothorax,right lung (basal and apical components),1
pneumothorax,left basal and left apical,1
pneumothorax,left base,1
pneumothorax,right upper lobe,1
pneumothorax,left upper lung field,1
pneumothorax,right apical lung,1
pneumothorax,left anterior,1
pneumothorax,"left hemithorax, predominantly anterior",1
pneumothorax,"right basilar, right apical",1
pneumothorax,base of the lung,1
pneumothorax,right lung periphery,1
pneumothorax,right cardiophrenic region,1
pneumothorax,left pleural cavity,1
pneumothorax,left lateral lower chest,1
pneumothorax,left chest wall,1
pneumothorax,left retrosternal pleural space,1
pneumothorax,right lower lateral chest,1
pneumothorax,bilateral basilar lungs,1
pneumothorax,right pleural cavity,1
pneumothorax,right apical pleura,1
pneumothorax,right basal (tube insertion site),1
pneumothorax,right hemi thorax,1
pneumothorax,left pleural space above drainage catheter and right lung base,1
pneumothorax,right pleural space medial to lower part of pleural drain,1
pneumothorax,left lower hemithorax,1
pneumothorax,medial,1
scoliosis,thoracic spine,258
scoliosis,none,189
scoliosis,thoracolumbar spine,81
scoliosis,thoracic,67
scoliosis,spine,64
scoliosis,mid thoracic,45
scoliosis,lower thoracic spine,43
scoliosis,mid thoracic spine,39
scoliosis,thoracolumbar,34
scoliosis,lower thoracic vertebral body,15
scoliosis,lower thoracic,11
scoliosis,right thoracic spine,11
scoliosis,upper thoracic spine,11
scoliosis,right convex,9
scoliosis,thoracolumbar junction,9
scoliosis,lumbar spine,7
scoliosis,right,7
scoliosis,mid thoracic vertebral body,7
scoliosis,t-spine,6
scoliosis,along the spine,6
scoliosis,right spine,5
scoliosis,mid-to-lower thoracic spine,5
scoliosis,thoracic spine convex to the right,5
scoliosis,along the thoracic spine,4
scoliosis,midthoracic spine,4
scoliosis,left thoracic spine,4
scoliosis,dextro,4
scoliosis,upper to mid thoracic spine,3
scoliosis,left,3
scoliosis,mid to lower thoracic,3
scoliosis,rib cage,3
scoliosis,dextroscoliosis,3
scoliosis,mid-to-lower thoracic,3
scoliosis,visualized thoracic spine,3
scoliosis,right convex spine,2
scoliosis,cervical and thoracic spine,2
scoliosis,thoracic and lumbar spine,2
scoliosis,upper thoracic,2
scoliosis,t10,2
scoliosis,lumbar,2
scoliosis,t spine,2
scoliosis,dextrascoliosis,2
scoliosis,mid thoracic vertebral bodies,2
scoliosis,lower thoracic upper lumbar,2
scoliosis,mid lumbar spine,2
scoliosis,mid to lower thoracic spine,2
scoliosis,mid-thoracic vertebral body,2
scoliosis,dextroconvex thoracic,2
scoliosis,dextroscoliosis of thoracolumbar spine,1
scoliosis,mid thoracic and lumbar spine,1
scoliosis,thoracic spine (right convex),1
scoliosis,right t-spine,1
scoliosis,lumbar spine (convex to the right),1
scoliosis,t6 level,1
scoliosis,"thoracic spine (t4-5 right convex, t7-8 left convex) and lumbar spine rotary component",1
scoliosis,right midthoracic,1
scoliosis,"mid lumbar spine (severe rightward), lower thoracic spine (moderate leftward)",1
scoliosis,thoracic spine (rightward convex),1
scoliosis,"right lower thoracic spine, left upper lumbar spine",1
scoliosis,"thoracolumbar junction, convex to right",1
scoliosis,thoracic and upper lumbar spine,1
scoliosis,"rightward convex, centered at t11",1
scoliosis,dextroscoliotic spine,1
scoliosis,"thoracic spine (convex to right, centered at t9)",1
scoliosis,left convex curvature,1
scoliosis,upper lumbar spine,1
scoliosis,midthoracic and upper thoracic spine,1
scoliosis,"mid thoracic spine, right convex curvature",1
scoliosis,thoracic lumbar spine,1
scoliosis,thoracic spine (s shaped),1
scoliosis,thoracolumbar junction left curvature,1
scoliosis,"mid thoracic spine, left-sided mid thoracic vertebral bodies",1
scoliosis,rightward,1
scoliosis,upper thoracic and upper lumbar spine,1
scoliosis,thoracolumbar spine (right convex thoracic),1
scoliosis,lower thoracic/upper lumbar,1
scoliosis,right convex mid thoracic spine,1
scoliosis,"upper thoracic, mid to lower thoracic",1
scoliosis,left convex,1
scoliosis,"thoracic spine, dextroconvex",1
scoliosis,left spine,1
scoliosis,thoracic spine (convex to left),1
scoliosis,thoracolumbar region,1
scoliosis,dextroscoliosis with apex at t12,1
scoliosis,chest,1
scoliosis,multilevel spine,1
scoliosis,mid thorax to inferior thorax,1
scoliosis,thoracic or lumbar spine,1
scoliosis,"mid and lower thoracic spine, right-sided convex",1
scoliosis,"thoracic spine (centered at t5 level, left convex curvature)",1
scoliosis,thoracolumbar curve,1
scoliosis,"thoracic spine, lower t-spine apex",1
scoliosis,upper thoracic rightward convex,1
scoliosis,left lumbar spine,1
scoliosis,right thoracic spine dextroscoliosis and kyphosis,1
scoliosis,mid to lower thoracic vertebral body,1
scoliosis,left thoracolumbar spine,1
scoliosis,lower t-spine,1
scoliosis,thoracolumbar junction apex,1
scoliosis,"right convex, lower cervical spine",1
scoliosis,rightward convex,1
scoliosis,mid-to-lower thoracic spine with rightward convex curvature,1
scoliosis,mid thoracic (dextroscoliosis) and lower thoracic/lumbar (levoscoliosis),1
scoliosis,midthoracic dextroscoliosis,1
scoliosis,lower lumbar spine,1
scoliosis,"mid thoracic spine, thoracolumbar junction",1
scoliosis,dorsal spine,1
scoliosis,convex to the right,1
scoliosis,rightward convexity of the thoracic spine,1
scoliosis,"left convex, centered at the upper thoracic spine",1
scoliosis,midthoracic vertebral bodies,1
scoliosis,mid thoracic vertebra,1
scoliosis,mid thoracic vertebral body (t7),1
scoliosis,rightward convex curvature centered along the mid thoracic spine,1
scoliosis,upper and mid thoracic vertebral bodies,1
scoliosis,bilateral,1
scoliosis,lower thoracic spine rightward convex,1
scoliosis,t8,1
scoliosis,"mid thoracic vertebral body, lower thoracic vertebral body",1
scoliosis,thoracic spine (mid portion),1
scoliosis,thoracic cage,1
scoliosis,t12 vertebral body,1
scoliosis,several of the mid thoracic and lumbar vertebral bodies,1
scoliosis,right mid thoracic spine,1
scoliosis,"upper thoracic spine, lower thoracic spine",1
scoliosis,centered on the upper thoracic spine,1
scoliosis,left hemidiaphragm,1
scoliosis,left lateral margin of the upper trachea at the level of the thoracic inlet,1
scoliosis,dextroscoliosis of the thoracic spine,1
scoliosis,lower thoracic vertebral body t12,1
scoliosis,dextro of thoracic spine,1
scoliosis,s-shaped thoracic,1
scoliosis,multiple thoracic vertebrae,1
scoliosis,mild s-shaped,1
scoliosis,left lateral rib,1
scoliosis,thoracic spine (dextro),1
scoliosis,"lower thoracic spine, midthoracic spine",1
scoliosis,t spine (dextro-),1
scoliosis,dextro thoracic spine,1
scoliosis,spine at l1-2 level,1
scoliosis,right convex thoracic,1
scoliosis,bilateral rib cage,1
scoliosis,posterior left rib,1
scoliosis,"thoracic, convex to the right",1
scoliosis,tl junction of the spine,1
scoliosis,much of the thoracic spine,1
scoliosis,left ribcage,1
scoliosis,dextroconvex curvature of the thoracic spine,1
scoliosis,mid portion of the thoracic spine,1
scoliosis,mid/lower thoracic vertebral body,1
scoliosis,multiple thoracic vertebral bodies,1
scoliosis,mid and lower thoracic spine,1
scoliosis,sternoclavicular joints,1
scoliosis,thoracic spine (convex to right),1
scoliosis,"thoracolumbar spine, rightward convex",1
scoliosis,thoracic spine convex to right,1
scoliosis,"thoracolumbar spine, apex at t12",1
scoliosis,"centered at t9 vertebral body, concave to the right",1
scoliosis,ribcage,1
scoliosis,dorsal spine (convex to right),1
scoliosis,thoracic spine (dextroconvex),1
scoliosis,left lower thoracic spine,1
scoliosis,thoracic spine (right convex) and upper lumbar spine (left convex),1
support devices,none,1237
support devices,left chest wall,153
support devices,right upper quadrant,141
support devices,left side,117
support devices,stomach,115
support devices,left pectoral,109
support devices,right,72
support devices,right internal jugular vein,67
support devices,right atrium and right ventricle,63
support devices,left,61
support devices,left chest,59
support devices,right chest wall,56
support devices,sternum,54
support devices,right side,50
support devices,cervical spine,47
support devices,left-sided,46
support devices,median sternotomy,45
support devices,right atrium,44
support devices,right chest,43
support devices,upper abdomen,42
support devices,above the carina,37
support devices,left upper quadrant,35
support devices,right ventricle,34
support devices,cavoatrial junction,30
support devices,right picc line,30
support devices,right pectoral,27
support devices,midline sternum,25
support devices,right shoulder,25
support devices,right internal jugular,25
support devices,right cavoatrial junction,25
support devices,right axilla,25
support devices,standard position,24
support devices,left axilla,24
support devices,right humeral head,23
support devices,right-sided,22
support devices,low svc,22
support devices,left subclavian,21
support devices,upper svc,20
support devices,lower cervical spine,19
support devices,mid svc,18
support devices,nasogastric tube,18
support devices,right subclavian,17
support devices,lower svc,17
support devices,upper stomach,17
support devices,mediastinum,16
support devices,right upper quadrant of the abdomen,16
support devices,right upper svc,16
support devices,bilateral,15
support devices,below the diaphragm,15
support devices,gastroesophageal junction,15
support devices,right chest tube,15
support devices,above carina,13
support devices,left hemithorax,13
support devices,left humeral head,13
support devices,left anterior chest wall,13
support devices,esophagus,12
support devices,right mainstem bronchus,12
support devices,upper right atrium,12
support devices,"right atrium, right ventricle",11
support devices,midline sternotomy,11
support devices,right upper abdomen,11
support devices,cervical,11
support devices,neck,11
support devices,left chest tube,11
support devices,proximal stomach,11
support devices,standard positions,11
support devices,coronary artery,10
support devices,left cavoatrial junction,10
support devices,median sternotomy wires,10
support devices,left upper svc,10
support devices,anterior cervical,10
support devices,right atrium and ventricle,10
support devices,right atrial and right ventricular,10
support devices,lumbar spine,10
support devices,left shoulder,9
support devices,thoracic spine,9
support devices,midline sternum and mediastinum,9
support devices,right atrium and right ventricular apex,9
support devices,left picc,9
support devices,right upper lung,9
support devices,right internal jugular vein catheter,9
support devices,left pectoral region,9
support devices,right picc,9
support devices,sternal wires,9
support devices,left axillary,9
support devices,trachea,9
support devices,right hemithorax,9
support devices,distal stomach,9
support devices,right breast,8
support devices,right pleural,8
support devices,aortic valve,8
support devices,lower thoracic spine,8
support devices,right upper quadrant of abdomen,8
support devices,right mid svc,8
support devices,median sternotomy and mediastinum,8
support devices,right pleural space,8
support devices,bilateral breasts,8
support devices,left picc line,8
support devices,right hemi thorax,8
support devices,left pleural space,8
support devices,left internal jugular vein,8
support devices,right ventricular apex,7
support devices,right upper abdominal quadrant,7
support devices,vertebral,7
support devices,left breast,7
support devices,thoracolumbar spine,7
support devices,distal esophagus,7
support devices,mid stomach,7
support devices,left-sided pacemaker with leads in right atrium and right ventricle,7
support devices,ge junction,7
support devices,mid superior vena cava,7
support devices,bilateral shoulders,7
support devices,right port-a-cath,7
support devices,right jugular line,7
support devices,bilateral breast,6
support devices,sternal,6
support devices,mid to lower svc,6
support devices,right axillary region,6
support devices,body of the stomach,6
support devices,left pleural,6
support devices,left mid svc,6
support devices,right mid lung,6
support devices,right lung apex,6
support devices,nasogastric tube in stomach,6
support devices,left subclavian line,6
support devices,left upper quadrant of abdomen,6
support devices,right ventricular,6
support devices,"right internal jugular, mid svc",6
support devices,right atrium and apex of right ventricle,6
support devices,"right internal jugular, low svc",5
support devices,distal svc,5
support devices,chest,5
support devices,right proximal humerus,5
support devices,left upper chest,5
support devices,left apex,5
support devices,right neck,5
support devices,spine,5
support devices,4 cm above the carina,5
support devices,right axillary,5
support devices,right anterior chest wall,5
support devices,thoracic inlet,5
support devices,right picc in mid svc,5
support devices,esophagogastric junction,5
support devices,lower neck,5
support devices,right superior cavoatrial junction,5
support devices,left heart border,5
support devices,median sternum,5
support devices,"right chest wall, mid svc",5
support devices,right humerus,5
support devices,left apical,5
support devices,over the heart,5
support devices,upper mediastinum,5
support devices,right pic line,5
support devices,right jugular vein,5
support devices,left upper quadrant of the abdomen,5
support devices,right ij catheter,5
support devices,6 cm above the carina,5
support devices,left lung base,5
support devices,left clavicle,5
support devices,anterior chest wall,5
support devices,lower thoracic and upper lumbar spine,5
support devices,right internal jugular line,5
support devices,left picc tip in mid svc,5
support devices,right ij line,5
support devices,right upper extremity,5
support devices,mid to low svc,5
support devices,nasogastric tube tip over middle stomach,5
support devices,right picc line tip at lower svc,5
support devices,"right internal jugular vein, cavoatrial junction",4
support devices,below diaphragm,4
support devices,apex of the right ventricle,4
support devices,right-sided chest tube,4
support devices,right lateral chest wall,4
support devices,"median sternotomy wires, mediastinal clips",4
support devices,3 cm above the carina,4
support devices,"midline sternum, mediastinum",4
support devices,bilateral axilla,4
support devices,proximal left humerus,4
support devices,left upper hemithorax,4
support devices,mid portion of the svc,4
support devices,left lung,4
support devices,left anterior axillary position,4
support devices,left internal jugular,4
support devices,midline sternotomy and mediastinum,4
support devices,left-sided pacemaker,4
support devices,spinal,4
support devices,"endotracheal tube, nasogastric tube",4
support devices,left low svc,4
support devices,left upper lobe,4
support devices,superior cavoatrial junction,4
support devices,mediastinum and sternum,4
support devices,bilateral humeral heads,4
support devices,lower superior vena cava,4
support devices,mid-to-lower svc,4
support devices,sternum and mediastinum,4
support devices,midline,4
support devices,superior vena cava,4
support devices,abdomen,4
support devices,carina level,4
support devices,"et tube above carina, ng tube in stomach",4
support devices,"endotracheal tube, enteric tube",4
support devices,left humerus,4
support devices,posterior cervical,4
support devices,abdominal aorta,4
support devices,left lung apex,4
support devices,right upper lobe,4
support devices,right glenohumeral joint,4
support devices,"endotracheal tube tip above carina, nasogastric tube in stomach",4
support devices,mitral valve,4
support devices,mid-to-low svc,4
support devices,midline trachea,4
support devices,right basilar,4
support devices,"median sternum, mediastinum",4
support devices,right ventricle apex,4
support devices,right apical,4
support devices,right pic line in low svc,4
support devices,appropriate position,4
support devices,right atrium and apex of the right ventricle,4
support devices,gastric fundus,4
support devices,"left subclavian, right atrium and right ventricular apex",4
support devices,right ij,4
support devices,endotracheal tube tip 4 cm above carina,4
support devices,coronary arteries,3
support devices,right low svc,3
support devices,left upper extremity,3
support devices,mid portion of svc,3
support devices,right basal,3
support devices,"right ij, upper svc",3
support devices,median sternotomy site,3
support devices,proximal right atrium,3
support devices,left-sided chest,3
support devices,"endotracheal tube above carina, nasogastric tube below diaphragm",3
support devices,"left pectoral, right ventricle",3
support devices,"right internal jugular, mid superior vena cava",3
support devices,left axillary vein,3
support devices,right chest port,3
support devices,cervical vertebrae,3
support devices,right upper atrium,3
support devices,left-sided chest tube,3
support devices,left anterior chest,3
support devices,left-sided pacer with leads in right atrium and right ventricle,3
support devices,left upper abdomen,3
support devices,"left chest wall, mid svc",3
support devices,"left chest wall, right atrium, right ventricle",3
support devices,right lower chest,3
support devices,right subclavian line,3
support devices,right lower hemithorax,3
support devices,"right pectoral, mid svc",3
support devices,right subclavian catheter,3
support devices,mid to lower portion of svc,3
support devices,pacemaker leads,3
support devices,left pectoral pacemaker,3
support devices,right atrial and right ventricular pacer leads,3
support devices,stomach and ge junction,3
support devices,right picc in low svc,3
support devices,"left subclavian, lower svc",3
support devices,left upper lung,3
support devices,right pigtail catheter,3
support devices,anterior cervical spine,3
support devices,right pectoral region,3
support devices,right apex,3
support devices,right thoracic inlet,3
support devices,right central venous access line,3
support devices,duodenum,3
support devices,body of stomach,3
support devices,"left chest wall, right atrium and right ventricle",3
support devices,endotracheal tube and feeding tube,3
support devices,right lower svc,3
support devices,mid thorax,3
support devices,left port-a-cath terminates in right atrium,3
support devices,right mid abdomen,3
support devices,thyroid bed,3
support devices,"midline sternotomy, mediastinum",3
support devices,"right internal jugular vein, lower superior vena cava",3
support devices,right hilum,3
support devices,left subclavian vein,3
support devices,lower portion of svc,3
support devices,ng tube tip in stomach,3
support devices,right svc,3
support devices,right anterior chest,3
support devices,left upper thorax,3
support devices,endotracheal tube tip 3 cm above carina,3
support devices,left picc tip at cavoatrial junction,3
support devices,left mediastinum,3
support devices,cervical region,3
support devices,posterior thoracic spine,3
support devices,mid esophagus,3
support devices,left lower svc,3
support devices,nasogastric tube in upper stomach,3
support devices,left port-a-cath,3
support devices,right internal jugular line tip at mid svc,3
support devices,endotracheal tube,3
support devices,distal to esophagogastric junction,3
support devices,7 cm above the carina,3
support devices,right main stem bronchus,3
support devices,right pulmonary artery,3
support devices,2 cm above the carina,3
support devices,right pic line at superior cavoatrial junction,3
support devices,left brachiocephalic vein,3
support devices,"right jugular line, mid svc",3
support devices,standard placement,3
support devices,apical pleural,3
support devices,right arm,3
support devices,lower esophagus,3
support devices,left pic line in low svc,3
support devices,stomach and gastroesophageal junction,3
support devices,left pacemaker,2
support devices,lower trachea and right mainstem bronchus,2
support devices,left proximal humerus,2
support devices,descending aorta,2
support devices,right hemithorax base,2
support devices,upper hemithorax,2
support devices,junction of svc and right atrium,2
support devices,left axilla and mediastinum,2
support devices,"right chest wall, right upper quadrant",2
support devices,endotracheal tube and nasogastric tube,2
support devices,right internal jugular central venous catheter,2
support devices,left port-a-cath in mid svc,2
support devices,right mid hemithorax,2
support devices,sternum and aortic valve,2
support devices,left-sided port-a-cath with tip in low svc,2
support devices,right subclavian central line,2
support devices,endotracheal and enteric tubes,2
support devices,3.7 cm above the carina,2
support devices,tracheostomy tube in place,2
support devices,posterior spine,2
support devices,right main pulmonary artery,2
support devices,"right internal jugular vein, lower svc",2
support devices,right-sided dialysis catheter,2
support devices,left humeral,2
support devices,right picc at superior cavoatrial junction,2
support devices,"left axillary, right atrium and right ventricle",2
support devices,upper chest,2
support devices,"et tube above carina, enteric tube below diaphragm",2
support devices,left pic catheter tip over distal svc,2
support devices,left-sided pacemaker leads in right atrium and right ventricle,2
support devices,right-sided picc in low svc,2
support devices,right lung,2
support devices,"left chest wall, median sternotomy",2
support devices,"right chest wall, cavoatrial junction",2
support devices,right-sided picc line,2
support devices,right upper/mid svc,2
support devices,"right internal jugular, distal svc",2
support devices,bilateral shoulder,2
support devices,"left chest wall, right chest wall",2
support devices,mid gastric body,2
support devices,right atrium and low svc,2
support devices,mid left chest,2
support devices,right internal jugular to mid svc,2
support devices,left picc (tip in mid svc),2
support devices,epigastric region,2
support devices,right pleural tube,2
support devices,trachea (above carina),2
support devices,midline sternum and cardiac valve,2
support devices,left picc with tip in mid svc,2
support devices,upper lumbar spine,2
support devices,"endotracheal tube above carina, enteric tube in stomach",2
support devices,right clavicle,2
support devices,6 cm above carina,2
support devices,left mid lung,2
support devices,left icd device,2
support devices,"endotracheal tube near carina, nasogastric tube in stomach",2
support devices,5.6 cm above the carina,2
support devices,azygous vein,2
support devices,"right internal jugular, right ventricle",2
support devices,"right neck, chest, upper abdomen",2
support devices,left cardiac,2
support devices,ng tube side port below ge junction,2
support devices,vertebrae,2
support devices,"median sternotomy, mediastinum",2
support devices,left bronchus,2
support devices,left axillary region,2
support devices,proximal right pulmonary artery,2
support devices,thoracic inlet and stomach,2
support devices,mid body of the stomach,2
support devices,right internal jugular to right atrium,2
support devices,left-sided picc line terminates in mid svc,2
support devices,"right chest wall, upper svc",2
support devices,left-sided picc line,2
support devices,superior mediastinum,2
support devices,left base,2
support devices,"right atrium, right ventricle, coronary sinus",2
support devices,right upper quadrant abdomen,2
support devices,mid to lower thoracic spine,2
support devices,"left upper extremity, low svc",2
support devices,proximal right ventricle,2
support devices,left upper to mid svc,2
support devices,right picc tip in mid/low svc,2
support devices,endotracheal tube tip approximately 5 cm above carina,2
support devices,pericardium,2
support devices,"right upper extremity, mid svc region",2
support devices,proximal stomach and distal esophagus,2
support devices,median sternotomy wires and mediastinal clips,2
support devices,left picc line tip over mid svc,2
support devices,"right ij, low svc",2
support devices,left mid lung field,2
support devices,"right internal jugular vein, mid superior vena cava",2
support devices,right internal jugular central venous catheter tip in mid svc,2
support devices,vertebral column,2
support devices,right chest wall and right atrium,2
support devices,chest wall,2
support devices,right upper zone,2
support devices,right-sided port-a-cath,2
support devices,thorax,2
support devices,endotracheal and nasogastric tubes,2
support devices,"left-sided, terminating in mid svc",2
support devices,right jugular line in low svc,2
support devices,right heart,2
support devices,carina region,2
support devices,"right chest, low svc",2
support devices,right subclavian vein,2
support devices,posterior lumbar,2
support devices,"right-sided, tip in proximal right atrium",2
support devices,both breasts,2
support devices,upper thoracic,2
support devices,right ij line (tip at cavoatrial junction),2
support devices,anterior chest,2
support devices,endotracheal tube and enteric tube,2
support devices,right port-a-cath at cavoatrial junction,2
support devices,right internal jugular central line tip at cavoatrial junction,2
support devices,right internal jugular vein to proximal superior vena cava,2
support devices,left mainstem bronchus,2
support devices,endotracheal tube tip 2 cm above carina,2
support devices,right port-a-cath tip in low svc,2
support devices,2.5 cm above carina,2
support devices,cardiac,2
support devices,right upper hemithorax,2
support devices,right upper-to-mid svc,2
support devices,heart,2
support devices,"right-sided picc, distal svc",2
support devices,"cardiac silhouette, sternum",2
support devices,upper to mid svc,2
support devices,"gastroesophageal junction, upper stomach",2
support devices,cervical fusion hardware,2
support devices,3.6 cm above the carina,2
support devices,right axilla and right upper quadrant,2
support devices,midline sternotomy wires and mediastinal clips,2
support devices,nasogastric tube and endotracheal tube,2
support devices,left chest and mediastinum,2
support devices,gastroduodenal junction,2
support devices,sternotomy site,2
support devices,right axilla and right chest wall,2
support devices,right coronary artery,2
support devices,"right internal jugular vein, upper svc",2
support devices,thyroid region,2
support devices,"right subclavian line, mid svc",2
support devices,left upper superior vena cava,2
support devices,"trachea, 5 cm above carina",2
support devices,right jugular,2
support devices,left pectoral position,2
support devices,right internal jugular catheter tip in svc,2
support devices,"aortic valve, sternum",2
support devices,"right chest wall, mid-svc",2
support devices,nasogastric tube tip in stomach,2
support devices,left port-a-cath terminating in mid svc,2
support devices,"right internal jugular, right atrium",2
support devices,right picc tip in mid svc,2
support devices,bilateral chest,2
support devices,right ventricular floor,2
support devices,left upper chest wall,2
support devices,right supraclavicular region,2
support devices,left-sided dual-chamber pacemaker device with leads terminating in right atrium and right ventricle,2
support devices,right atrial lead,2
support devices,gastric body,2
support devices,mid to lower stomach,2
support devices,right internal jugular vein to low svc,2
support devices,mid body of stomach,2
support devices,"left subclavian, right atrium, right ventricular apex",2
support devices,endotracheal tube tip 3.5 cm above carina,2
support devices,7 cm above carina,2
support devices,4.4 cm above the carina,2
support devices,upper portion of stomach,2
support devices,endotracheal tube tip 5 cm above carina,2
support devices,"endotracheal tube (standard placement), nasogastric tube (stomach)",2
support devices,standard placements,2
support devices,fundus of stomach,2
support devices,right picc tip at cavoatrial junction,2
support devices,upper portion of nondistended stomach,2
support devices,right jugular line in mid svc,2
support devices,basal pleural,2
support devices,"left subclavian, right atrium",2
support devices,carina,2
support devices,right hilus,2
support devices,main pulmonary artery,2
support devices,"et tube (standard position), ng tube (stomach)",2
support devices,upper portion of right atrium,2
support devices,distal svc/cavoatrial junction,2
support devices,left central venous access line,2
support devices,proximal left main bronchus,2
support devices,right lower lobar pulmonary artery,2
support devices,left picc line tip at lower svc,2
support devices,"right internal jugular line, ng tube, et tube",2
support devices,"left trans subclavian, left pectoral",2
support devices,tracheobronchial,2
support devices,superior cavoatrial junction region,2
support devices,"endotracheal tube (2 cm from carina), nasogastric tube (stomach)",2
support devices,right hemidiaphragm,2
support devices,right atrial and ventricular,2
support devices,4.8 cm above the carina,2
support devices,"right pic line, mid svc",2
support devices,"right atrial, right ventricular, left pectoral generator",2
support devices,mid trachea,2
support devices,esophageal,2
support devices,"et tube (standard placement), esophageal drainage tube (upper stomach)",2
support devices,endotracheal tube in appropriate position,2
support devices,left pigtail catheter,2
support devices,nasogastric tube into stomach,2
support devices,ng tube tip below diaphragm,2
support devices,stomach (ng tube tip),2
support devices,upper trachea,2
support devices,proximal right main bronchus,2
support devices,endotracheal tube tip 4.5 cm above carina,2
support devices,lower right hemi thorax,2
support devices,near carina,2
support devices,2.5 cm above the carina,2
support devices,right basilar pleural,2
support devices,mid thoracic trachea,2
support devices,right picc line tip at mid svc,2
support devices,"endotracheal tube tip 2.5cm above carina, nasogastric tube tip in stomach",2
support devices,lower cervical region,2
support devices,"right internal jugular, proximal right atrium",2
support devices,right axillary vein,2
support devices,lower stomach,2
support devices,endotracheal tube tip near carina,2
support devices,left pectoral generator,2
support devices,apical,2
support devices,left main stem bronchus,2
support devices,"left subclavian, mid svc",2
support devices,stomach fundus,2
support devices,low in svc,2
support devices,3.5 cm above the carina,2
support devices,nasogastric tube at ge junction,2
support devices,right internal jugular catheter tip at right atrium,2
support devices,right base,2
support devices,"endotracheal tube tip 6 cm above carina, nasogastric tube",2
support devices,2.2 cm above the carina,2
support devices,right picc tip in low svc,2
support devices,basal pleura,2
support devices,lower thoracic spine (posterior spinal fixation hardware) right anterior chest wall (ventriculoperitoneal shunt catheter),1
support devices,right-sided picc line in the lower svc,1
support devices,left hemi thorax and left axilla,1
support devices,biventricular (multiple leads),1
support devices,"right ij, mid-lower svc, 5cm above carina, midchest",1
support devices,left lower lobectomy site,1
support devices,right upper extremity to distal superior vena cava,1
support devices,chest wall over left heart border,1
support devices,"endotracheal tube (3 cm from carina), nasogastric tube (below diaphragm, near ge junction)",1
support devices,beyond gastroesophageal junction,1
support devices,"et tube (1 cm above carina), endogastric tube (inferiorly out of field of view)",1
support devices,"nasogastric tube (stomach), et tube (mid trachea), left pectoral mediport (mid svc)",1
support devices,"right chest, lower svc",1
support devices,thoracic spinal rods,1
support devices,"picc tip in lower svc, tracheostomy tube",1
support devices,"endotracheal tube tip ~3.2cm above carina, right ij catheter tip at cavoatrial junction",1
support devices,"right subclavian catheter (tip in lower svc), ett, ogt (sidehole below diaphragm)",1
support devices,"et tube (2.7cm from carina), enteric tube",1
support devices,sternum and left upper mediastinum,1
support devices,"endotracheal tube tip 2.4 cm above carina, ng tube in left upper quadrant",1
support devices,"right atrium and ventricle, median sternotomy",1
support devices,"left subclavian line (tip at cavoatrial junction), feeding tube (tip off film)",1
support devices,mid right clavicle,1
support devices,left axillary or breast,1
support devices,endotracheal tube 4.1 cm above carina; orogastric tube at distal esophagus with side hole at midesophagus,1
support devices,trachea (tip ~4.6cm from carina),1
support devices,"endotracheal tube tip ~3.5cm above carina, nasogastric tube to distal esophagus",1
support devices,"endotracheal tube (2cm from carina), enteric tube (left upper quadrant, gastroesophageal junction)",1
support devices,"terminates less than 1 cm above carina, towards right mainstem bronchus",1
support devices,"right infrahilar region, segmental branches of right middle and lower lobe bronchi",1
support devices,thoracic posterior,1
support devices,"endotracheal tube (tip 2.3cm above carina), enteric tube (tip left upper quadrant), right internal jugular cvc (tip low svc)",1
support devices,left-sided pacer device with lead to right ventricle,1
support devices,"trachea (4.6 cm from carina), enteric tube (off inferior image)",1
support devices,right-sided port-a-cath (tip in right atrium),1
support devices,"nasogastric tube tip in proximal stomach, sidehole over gastroesophageal junction",1
support devices,left subclavian vein with leads in right atrium and right ventricular apex,1
support devices,"median sternotomy, right atrium, right ventricle, left anterior oblique marginal vein",1
support devices,"tracheostomy tube, right picc",1
support devices,right humeral,1
support devices,"right mid-upper lateral lung, left lung base",1
support devices,"endotracheal tube (3.5cm above carina), nasogastric tube (below ge junction), right ij central line (mid svc)",1
support devices,"right subclavian catheter, endotracheal tube, feeding tube",1
support devices,"right ij central line, endotracheal tube",1
support devices,"right ij central line, distal lead tip in proximal svc",1
support devices,left subclavian vessels,1
support devices,cervical neck,1
support devices,"endotracheal tube (2.5cm above carina), left central venous catheter (origin of svc), nasogastric tube (stomach)",1
support devices,"left-sided, right atrium and right ventricle",1
support devices,"left internal jugular vein, mid-upper superior vena cava",1
support devices,"below thoracic inlet, 5.5 cm above carina",1
support devices,"endotracheal tube 4.9 cm above carina, enteric tube in stomach",1
support devices,left chest wall and mid svc,1
support devices,"endotracheal tube 7.5 cm above carina, ng tube sideport beyond gastroesophageal junction",1
support devices,"biventricular pacer device with leads to right atrium, right ventricular apex, coronary sinus",1
support devices,"right ij catheter, et tube, enteric tube",1
support devices,"right atrial, right ventricular, mid svc",1
support devices,descending thoracic aorta,1
support devices,"endotracheal tube (3cm above carina), ng tube (stomach), left central venous catheter (brachiocephalic vein junction), right subclavian dialysis catheter (cavoatrial junction), left chest tube",1
support devices,endotracheal tube (3.3 cm above parietal) and nasogastric tube (into stomach),1
support devices,"endotracheal tube at carina, left pectoral aicd, right ij central venous catheter, nasogastric tube",1
support devices,"right internal jugular port, nasogastric tube",1
support devices,"ett, right subclavian central venous line, ng tube (stomach), dobbhoff line (gastric fundus)",1
support devices,left base of neck,1
support devices,"right hemithorax anterior wall, mid-to-low svc",1
support devices,t11 and l1 vertebral bodies,1
support devices,right hemithorax and shoulder area,1
support devices,"left-sided aicd, single lead to right ventricle",1
support devices,left central venous catheter (distal tip in mid svc),1
support devices,"left side, right hemithorax, mid thoracic spinal canal",1
support devices,"right subclavian, terminating in lower superior vena cava",1
support devices,"upper thoracic trachea, esophagus, stomach",1
support devices,left pectoral region and thyroid bed,1
support devices,"right pectoral, cavoatrial junction, cervical spine",1
support devices,"et tube, left subclavian central line, ng tube, left chest tube in adequate positions",1
support devices,left pectoral and upper svc,1
support devices,"right cavoatrial junction, 1.5 cm above carina, stomach",1
support devices,right internal jugular central venous line tip terminating in right atrium,1
support devices,right-sided picc line tip in low svc,1
support devices,right medial apical position,1
support devices,"endotracheal tube above carina, bilateral chest tubes",1
support devices,"endotracheal tube above carina, right internal jugular cvc, orogastric tube into stomach",1
support devices,median sternum and mediastinum,1
support devices,ng tube with tip in stomach and side port proximal to ge junction,1
support devices,"right atrium, right ventricle, left ventricular epicardium",1
support devices,right atrium and anterior right ventricle,1
support devices,"endotracheal tube (2 cm above carina), nasogastric tube (within stomach)",1
support devices,right upper extremity picc line tip in low svc cavoatrial junction,1
support devices,"right side, right ventricle",1
support devices,anterior axillary position,1
support devices,"nasointestinal tube in gastric corpus, endotracheal tube 5.6 cm above carina",1
support devices,"et tube (2.7cm above carina), ng tube (off film), picc line (near ge junction/upper right atrium)",1
support devices,"right picc line, left upper abdomen",1
support devices,"midline sternotomy, mediastinum, coronary artery",1
support devices,right pacemaker generator with atrial and ventricular leads,1
support devices,"endotracheal tube tip 2.2 cm above carina, ng tube along thoracic midline",1
support devices,"left chest tube, right picc line",1
support devices,right picc terminates in low svc,1
support devices,left subclavian catheter (extends to svc junction),1
support devices,"right cavoatrial junction (picc), median sternotomy (cerclage wires and bands)",1
support devices,anterior spine,1
support devices,gastroesophageal junction/proximal stomach,1
support devices,left pectoral with leads in right atrium and right ventricle,1
support devices,"ascending aorta, upper chest, ge junction, cavoatrial junction",1
support devices,"midline sternum, mediastinum, lower thoracic to upper lumbar spine",1
support devices,left-sided dual lead pacemaker (leads over right atrium and right ventricle),1
support devices,subclavian pacemaker (leads in right atrium and right ventricle),1
support devices,"et tube 3.7 cm above carina, ng tube in stomach",1
support devices,left-sided aicd with lead in right ventricle,1
support devices,left-sided picc and bilateral abdominal tubes,1
support devices,6.5 cm above carina,1
support devices,"endotracheal tube (4cm above carina), right central line (mid svc), enteric tube (stomach)",1
support devices,"endotracheal tube at 5.7cm from carina, enteric tube to stomach, stents over brachiocephalic and right subclavian vein",1
support devices,median sternotomy wires and surgical clips at upper left mediastinum,1
support devices,"ett 4.5cm above carina, right ij catheter in low svc, ng tube in place (not below diaphragm)",1
support devices,"et tube 4.3cm from carina, bilateral internal jugular cv catheters in svc, enteric tube in stomach",1
support devices,"tip of feeding tube in body of stomach, stent over right upper quadrant",1
support devices,left upper abdomen (ng tube) and overlying chest (ekg leads),1
support devices,"right atrium, right ventricle, biventricular",1
support devices,"right internal jugular, mid-to-lower svc",1
support devices,"mid thoracic trachea, low esophagus, right central vein, left subclavian line",1
support devices,left-sided port terminating in low ivc,1
support devices,endotracheal tube tip ~3.5cm from carina,1
support devices,"right lower lateral chest wall, trachea (3cm above carina), mid svc (carina level)",1
support devices,"et tube, ng tube, picc line in situ",1
support devices,left brachiocephalic vein medial aspect (near superior vena cava junction),1
support devices,lower body of the stomach,1
support devices,median sternotomy region and right costophrenic angle,1
support devices,endotracheal tube (tip ≥2.8cm from carina) and ng tube in place,1
support devices,"descending thoracic aorta, aortic knob",1
support devices,region of the thyroid bed,1
support devices,"et tube (appropriate position), gastric tube, right ij central venous line at lower svc",1
support devices,prosthetic aortic valve and median sternotomy wires,1
support devices,"endotracheal tube tip ~5cm from carina, left glenoid orthopedic hardware",1
support devices,left subclavian line with tip over mid svc,1
support devices,"left-sided pacemaker (leads in right atrium, right ventricle)",1
support devices,"endotracheal tube tip 6.7cm above carina, chest tubes, left thoracic inlet",1
support devices,"endotracheal tube tip ~5cm from carina, nasogastric tube tip in stomach",1
support devices,"svc, midline crossing",1
support devices,transesophageal tube,1
support devices,"left pectoral, right pectoral",1
support devices,about 6 cm above carina,1
support devices,stomach and lower svc,1
support devices,"endotracheal tube ~3.2cm above carina, nasogastric tube in stomach",1
support devices,lower svc (left picc tip),1
support devices,"nasogastric tube (tip in stomach, side hole at esophagogastric junction)",1
support devices,"trachea (below carina 8cm, below clavicles), thoracic inlet (safety pin)",1
support devices,right internal jugular pacing lead (terminating in right ventricle region),1
support devices,ett (tip ~2cm from carina) and enteric tube (left upper quadrant),1
support devices,low back,1
support devices,above the carina (et tube),1
support devices,"endotracheal tube tip ~3.5cm from carina, enteric tube in gastric body region",1
support devices,right axilla/chest wall and sternum,1
support devices,"right-sided central venous line, mid svc",1
support devices,"et tube above carina, orogastric tube below diaphragm, left picc at distal svc",1
support devices,endotracheal tube tip 4.1cm above carina; feeding tube towards stomach,1
support devices,"right arm, mid to upper svc tip",1
support devices,"left-sided pacemaker, lead tip over right ventricle",1
support devices,"right chest wall, right atrium and right ventricle",1
support devices,left ij central venous catheter (mid svc),1
support devices,"below the diaphragm, left upper quadrant (stomach), lower thoracic and lumbar spine, right atrium, right mid abdomen",1
support devices,"dobbhoff tube (proximal stomach), right subclavian central line (mid-lower svc)",1
support devices,et tube tip ~5.3 cm above carina; gastric tube enters stomach (tip not imaged),1
support devices,enteric tube in stomach,1
support devices,right internal jugular central venous line (cavoatrial junction end),1
support devices,proximal jejunum,1
support devices,"endotracheal tube 2.5cm above carina, nasogastric tube within stomach",1
support devices,left chest aicd and leads,1
support devices,left picc line (lower svc),1
support devices,left internal jugular central venous line,1
support devices,right port-a-cath tip at svc-right atrium junction,1
support devices,low svc region,1
support devices,left chest wall and right chest wall,1
support devices,right superior chest,1
support devices,"endotracheal tube above carina, enteric tube below diaphragm, central venous catheter in proximal svc",1
support devices,"nasogastric tube (tip over upper stomach, sidehole at gastroesophageal junction)",1
support devices,right low svc (port-a-cath),1
support devices,"left glenohumeral joint, left humeral head region",1
support devices,left axilla and bilateral anterior chest wall,1
support devices,sternotomy wires and prosthetic valve,1
support devices,left-sided pacemaker in right atrium and right ventricle,1
support devices,stomach (expected location),1
support devices,gastric body and ge junction,1
support devices,"et tube in standard placement, right jugular line in mid svc, enteric tube below diaphragm",1
support devices,right mid-to-lower hemithorax,1
support devices,upper-to-mid lumbar spine,1
support devices,"ng tube tip in stomach, et tube tip ~6cm above carina",1
support devices,"left chest wall, extending to right ventricle",1
support devices,"et tube tip (18mm above carina), ng tube tip (gastroesophageal junction), upper abdomen",1
support devices,"tracheostomy tube, right subclavian picc line, right pleural tube",1
support devices,sternotomy wires,1
support devices,ng tube at ge junction; endotracheal tube in lower trachea 3 cm above carina,1
support devices,"endotracheal tube (4.2cm cranial to carina), upper enteric tube (mid-to-distal gastric body)",1
support devices,"nasogastric tube in stomach, endotracheal tube 2-3cm above carina",1
support devices,"right subclavian picc (mid svc), ng tube (mid gastric cavity)",1
support devices,"et tube 2 cm above carina, ng tube in adequate position",1
support devices,"endotracheal tube, nasogastric tube, cerebral fixation device, thoracolumbar junction",1
support devices,"right chest wall, left-sided infusion port terminating in low svc",1
support devices,ett tip ~8.5 cm from carina; left internal jugular venous catheter tip in junction of left brachiocephalic vein and upper svc; right internal jugular venous catheter tip in upper svc,1
support devices,left-sided pacemaker tip over right ventricle,1
support devices,"left pectoral, right atrium and ventricle",1
support devices,"right upper lobe, right middle lobe, mediastinum, sternum",1
support devices,"nasogastric tube (mid stomach), right ij catheter (below carina)",1
support devices,nasoenteric tube (distal esophagus tip at left hemidiaphragm); cervical/lumbar spinal hardware,1
support devices,"ett 2.5 cm from carina, right internal jugular line in right atrium, nasogastric tube in similar position",1
support devices,"et tube (too low), ngt tube with tip in stomach",1
support devices,"right internal jugular (low svc), et tube (carina), stomach, lower thoracic upper lumbar spine",1
support devices,"right upper extremity, mid svc",1
support devices,"mediastinal clips, sternotomy wires, cholecystectomy clips",1
support devices,stomach and low svc,1
support devices,"right chest wall, left upper extremity, svc region",1
support devices,"endotracheal tube (4cm from carina), ng tube (stomach)",1
support devices,left port (tip in mid svc),1
support devices,left-sided aicd,1
support devices,trachea (9 cm above carina),1
support devices,median sternotomy and mediastinal region,1
support devices,sternum and left pectoral region,1
support devices,"endotracheal tube tip 2cm above carina, nasogastric tube in stomach",1
support devices,vertebral and trachea,1
support devices,"right ventricular lead, median sternotomy wires",1
support devices,1.3 cm above carina (neck flexed),1
support devices,"endotracheal tube tip ~3.5cm from carina, ng tube below inferior field, right subclavian line tip at ra-svc junction",1
support devices,"et tube 8.5 cm above carina, right chest tube",1
support devices,right breast and right chest wall,1
support devices,"nasogastric tube below diaphragm into stomach, endotracheal tube mid trachea 3.3cm above carina",1
support devices,left picc ending in proximal right atrium,1
support devices,left-sided pacemaker (leads in right atrium/ventricle) and median sternotomy wires,1
support devices,"right-sided internal jugular, nasogastric tube beneath diaphragm, endotracheal tube, cholecystostomy clips",1
support devices,"endotracheal tube (tip 4cm above carina), swan-ganz catheter (right pulmonary artery), nasogastric tube (stomach)",1
support devices,upper sternum (sternotomy wire),1
support devices,trachea above thoracic inlet,1
support devices,left medial hemidiaphragm undersurface,1
support devices,mid descending thoracic aorta,1
support devices,"tracheostomy tube in standard position, right subclavian central venous catheter at low svc",1
support devices,"enteric tube (midline), left picc line (mid svc), surgical hardware (thoracic spine/mid thorax)",1
support devices,"left chest tube, right ij line (tip in right atrium)",1
support devices,previous cabg and right glenohumeral joint,1
support devices,"left axillary region, left chest wall, left humerus head",1
support devices,4.5 cm above the carina,1
support devices,mid chest inferiorly,1
support devices,"endotracheal tube (tip ~3cm from carina), enteric tube (below diaphragm), right internal jugular cvc (proximal right atrium), left dual-chamber pacemaker (right atrium/ventricle)",1
support devices,"endotracheal tube tip ~4.9cm above carina, enteric tube tip left upper quadrant",1
support devices,right upper extremity (picc line),1
support devices,"upper svc, aortic arch to descending thoracic aorta",1
support devices,2.8 cm from carina,1
support devices,"right mid svc, left lung base",1
support devices,left mid abdomen,1
support devices,gallbladder fossa,1
support devices,"right-sided, tip over mid svc",1
support devices,right upper quadrant and left diaphragm,1
support devices,"left subclavian catheter, superior vena cava area",1
support devices,endotracheal tube above carina; enteric tube in stomach,1
support devices,tracheostomy tip above carina,1
support devices,"endotracheal tube 3cm above carina, right ij line at lower svc",1
support devices,right-sided port catheter (tip in upper right atrium),1
support devices,left mid lung (pacemaker) and right shoulder (arthroplasty),1
support devices,"right picc line (mid svc), intact sternotomy wires",1
support devices,pacemaker (leads in right atrium and right ventricle),1
support devices,"midline sternum, mediastinum, right neck soft tissues",1
support devices,"mid clavicle level, 5.5 cm above carina",1
support devices,right brachiocephalic vein and svc junction,1
support devices,lower body or antrum of the stomach,1
support devices,"ng tube (stomach, last port near ge junction); endotracheal tube (tip obscured, ~7.5 cm from carina)",1
support devices,"left apex (external device), tracheostomy tube",1
support devices,"left side, right atrium and right ventricle leads",1
support devices,distal svc and stomach,1
support devices,near the thoracic inlet,1
support devices,"endotracheal tube (4.5cm above carina), nasoenteric tube (below left hemidiaphragm)",1
support devices,right second posterolateral rib,1
support devices,"et tube, left picc (standard position); ng tube (outside field, reenters right upper quadrant)",1
support devices,sternum and upper lumbar region,1
support devices,"endotracheal tube tip 4 cm above carina, nasogastric tube in correct position",1
support devices,right infrahilar,1
support devices,"distal stomach, near gastroduodenal junction",1
support devices,right chest port-a-cath tip in low svc,1
support devices,"left chest wall, right atrium/ventricle, median sternotomy, cervical spine",1
support devices,"esophagus, pylorus, right upper quadrant",1
support devices,"endotracheal tube above carina, ogt below diaphragm, internal jugular line at right mid atrium",1
support devices,aortic core valve,1
support devices,pulmonary trunk outflow tract,1
support devices,"endotracheal tube above carina, og tube below diaphragm, left ij central catheter in upper svc",1
support devices,"left picc (cavoatrial junction), indwelling support devices",1
support devices,"proximal right atrium, anterior chest wall",1
support devices,"endotracheal tube tip 3.3cm above carina, nasogastric tube tip over proximal stomach",1
support devices,"endotracheal tube, internal jugular vein catheter, nasogastric tube",1
support devices,left-sided pacemaker with leads to right atrium and right ventricle,1
support devices,soft tissue with pacemaker,1
support devices,right cavoatrial junction and thoracic spine,1
support devices,endotracheal tube ~6.9cm from carina; nasogastric tube below diaphragm,1
support devices,left hemithorax and median sternotomy,1
support devices,"stomach, mid svc",1
support devices,"endotracheal tube, bilateral internal jugular venous devices, nasogastric tube",1
support devices,"left subclavian infusion port, mid to low svc",1
support devices,right paratracheal region,1
support devices,chest (chest tubes) and median sternotomy (sternotomy wires),1
support devices,"right-sided (catheter tip distal svc, picc tip right atrium)",1
support devices,right upper svc (central venous catheter),1
support devices,"ett 7.1 cm above carina (neck extended), enteric tube to stomach",1
support devices,midline lower neck,1
support devices,"right pectoral, low svc",1
support devices,"left chest tube adjacent to left lower mediastinum, other lines/tubes unchanged",1
support devices,median sternotomy and cervical/lumbar spine,1
support devices,et tube and nasogastric tube,1
support devices,left picc line tip in distal svc,1
support devices,trachea (tip above carinal),1
support devices,neck and lung apices,1
support devices,midline sternum and upper abdomen,1
support devices,distal body of the stomach,1
support devices,"right internal jugular central venous catheter, tip at mid-lower svc",1
support devices,sternum and cardiac valve,1
support devices,right proximal clavicle,1
support devices,ge junction and coronary artery,1
support devices,"nasogastric tube (proximal stomach), left picc (low svc), right port (mid svc), right pleural drainage tube",1
support devices,"left chest wall, right axilla",1
support devices,"right-sided central venous line, endotracheal tube, feeding tube",1
support devices,"right internal jugular catheter (mid svc), endotracheal tube (3 cm above carina), nasogastric tube (below diaphragm)",1
support devices,"endotracheal tube (tip 3cm above carina), left pectoral pacemaker",1
support devices,"right side, proximal right atrium",1
support devices,adjacent to left heart border,1
support devices,"et, oro gastric tube, left-sided pacemaker",1
support devices,right chest and axilla,1
support devices,"left anterior breast, left pectoral, right ventricle",1
support devices,"endotracheal tube (5cm above carina), enteric tube (below diaphragm)",1
support devices,endotracheal tube (3cm above carina); nasogastric tube (below diaphragm),1
support devices,"esophagogastric junction, heart",1
support devices,"right internal jugular venous catheter, upper right atrium",1
support devices,"trachea, mediastinum, nasogastric tract",1
support devices,trachea and left-sided picc line terminating in lower svc,1
support devices,trachea (tip 4.5 cm from carina),1
support devices,"median sternum, overlying heart",1
support devices,"right chest wall, lower svc, sternum",1
support devices,right picc terminating at mid superior vena cava,1
support devices,distal swan-ganz catheter,1
support devices,"sternal wires, valvular replacement, right picc line",1
support devices,right perihilar region,1
support devices,right atrium (port-a-cath),1
support devices,left-sided pacemaker with right ventricular lead,1
support devices,chest and abdomen,1
support devices,"nasogastric tube (coiled in hiatal hernia, distal tip near diaphragmatic hiatus)",1
support devices,"endotracheal tube tip above carina, ng tube, trauma board",1
support devices,"right chest tube, right upper abdomen catheter",1
support devices,"right chest, distal svc",1
support devices,"left-sided pacemaker, median sternotomy wires and mediastinal surgical clips",1
support devices,above the carina (2.8 cm),1
support devices,pacemaker leads in right atrium and ventricle,1
support devices,"left internal jugular vein, upper superior vena cava; right brachiocephalic artery",1
support devices,left-sided pacer,1
support devices,"endotracheal tube (high above carina), nasogastric tube (mid chest midline)",1
support devices,"right atrium inflow tract, right upper quadrant",1
support devices,"right ventricle, coronary sinus",1
support devices,bilateral upper chest,1
support devices,"left pectoral, right hemodialysis catheter site",1
support devices,sternotomy cerclage wires and prosthetic cardiac valve,1
support devices,superior vena cava and upper right atrium,1
support devices,left cardiac device,1
support devices,left side (pacemaker/aicd),1
support devices,right-sided picc line and ng tube,1
support devices,left upper outer chest,1
support devices,right internal jugular venous catheter in mid superior vena cava,1
support devices,right ij line tip in upper-to-mid svc,1
support devices,anterior chest wall and neck,1
support devices,lower cervical anterior,1
support devices,"endotracheal tube, right-sided ij line, left-sided chest tube, mediastinal tube, ng tube, surgical clips, sternotomy wires",1
support devices,"endotracheal tube above carina, left internal jugular vein catheter upper svc, nasogastric tube middle stomach",1
support devices,"endotracheal tube above carina, enteric tube in stomach, left chest wall pacemaker",1
support devices,right thyroid bed,1
support devices,"left internal jugular vein, left port-a-cath",1
support devices,nasogastric tube tip 5.5 cm above carina,1
support devices,right atrium and ivc,1
support devices,adjacent to aortic arch,1
support devices,"endotracheal tube tip 4 cm above carina, left picc (removed)",1
support devices,"right upper quadrant abdomen, gastroduodenal junction region",1
support devices,median sternotomy and left-sided mediastinum,1
support devices,"median sternotomy, right axilla",1
support devices,"right internal jugular venous catheter (cavoatrial junction), endotracheal tube (2cm above carina)",1
support devices,"endotracheal tube (3.5cm above carina), enteric tube (below diaphragm)",1
support devices,"left subclavian, right internal jugular",1
support devices,left subclavian line at origin of left brachiocephalic vein,1
support devices,left central line tip at right mid/lower atrium; orogastric tube in stomach (coiled distal end pointing to gastroesophageal junction),1
support devices,"median sternotomy wires, two-lead cardiac device (right atrium, right ventricle)",1
support devices,"stomach, right internal jugular vein",1
support devices,"left pectoral position, right atrium and right ventricle",1
support devices,"endotracheal tube 3.4 cm above carina, orogastric tube inferiorly out of field",1
support devices,right picc (terminating in lower superior vena cava),1
support devices,left proximal humeral,1
support devices,pacemaker pocket,1
support devices,left picc terminating in lower svc,1
support devices,right-sided ijv cvp (tip in proximal right atrium),1
support devices,"esophagus, below diaphragm",1
support devices,"endotracheal tube 6 cm above carina, left-sided picc line tip at mid svc",1
support devices,"mid trachea, below hemidiaphragm",1
support devices,right internal jugular vein and lower superior vena cava,1
support devices,"left subclavian catheter, right subclavian system, stomach (dobbhoff tube)",1
support devices,left central line catheter tip at right upper atrium,1
support devices,sternal region and right chest wall,1
support devices,"endotracheal tube above carina, right ij cvc in mid svc, enteric tube beyond ge junction, pacemaker leads in right atrium/ventricle",1
support devices,right-sided chest port,1
support devices,"right chest, mid svc",1
support devices,right upper lobe area overlying anterior portion of the second rib,1
support devices,"right internal jugular vein, left pectoral",1
support devices,"right chest wall, left chest wall, right ventricle, midline sternum",1
support devices,"midline sternotomy wires, left chest wall dual-lead pacer",1
support devices,"transesophageal tube in stomach, right picc in low svc",1
support devices,left breast surgical bed and right side,1
support devices,lower trachea,1
support devices,left picc line (tip possibly in svc/azygous vein),1
support devices,mediastinal and coronary artery,1
support devices,"bilateral chest, left cavoatrial junction",1
support devices,left lateral chest wall subcutaneous tissues,1
support devices,right internal jugular (cavoatrial junction termination),1
support devices,"right and left hemithorax, left humerus",1
support devices,"right internal jugular, left main bronchus, stomach",1
support devices,"left chest wall, anterior chest wall",1
support devices,thyroid bed region,1
support devices,"endotracheal tube ~5cm above carina, orogastric tube in stomach",1
support devices,"left-sided picc, tip in low svc/cavoatrial junction",1
support devices,right ij central line with distal tip in proximal svc,1
support devices,upper lateral right hemi thorax,1
support devices,"ett 4cm above carina, enteric tube in left upper quadrant stomach",1
support devices,"left cardiac pacemaker, right ij dialysis catheter",1
support devices,right ventricular apex (transvenous pacer lead),1
support devices,"fundus of the stomach (dobbhoff tube), central catheter in place",1
support devices,"right neck, right chest, right abdomen",1
support devices,midline t7-t8 intervertebral disc space,1
support devices,"right mid svc, left axilla",1
support devices,cervicothoracic spine,1
support devices,upper svc (right port-a-cath),1
support devices,"enteric tube (below field of view), right internal jugular catheter (mid svc), endotracheal tube",1
support devices,left-sided port-a-cath with tip in mid svc,1
support devices,right-sided picc in mid svc,1
support devices,"gastric body, side-port past ge junction",1
support devices,"endotracheal tube 2.5cm above carina, nasogastric tube in stomach",1
support devices,"right internal jugular catheter, right picc",1
support devices,endotracheal tube (4.3cm cranial to carina) and upper enteric tube (proximal stomach),1
support devices,"right chest wall subclavian port, tip at cavoatrial junction",1
support devices,midline chest,1
support devices,nasogastric tube (tip in stomach),1
support devices,anterior mediastinum,1
support devices,right upper quadrant and left axilla,1
support devices,"endotracheal tube 2.9 cm above carina, right subclavian line in lower svc",1
support devices,"right picc, mid to low svc",1
support devices,chest (lead tip in right ventricle),1
support devices,above carina and below left diaphragm,1
support devices,"right mid svc, mediastinum, pleural space",1
support devices,right sided mid to lower svc,1
support devices,"endotracheal tube above carina, upper enteric tube below diaphragm",1
support devices,"right picc, tracheostomy",1
support devices,"right humeral head, left subclavian vein",1
support devices,lower cervical and thoracic spine,1
support devices,"thorax (trauma board), et tube, enteric tube",1
support devices,right port-a-cath terminating in mid to low svc,1
support devices,iabp: ~2cm from aortic arch; venous catheter: ivc to right heart outflow tract,1
support devices,"cervical spine, right chest wall, svc, midline sternotomy",1
support devices,right atrium (medial and superior aspects),1
support devices,right lower lung,1
support devices,"endotracheal tube 3.3 cm above carina, enteric tube in stomach, bilateral chest tubes in mid low lungs",1
support devices,"left subclavian central venous catheter tip in svc region, endotracheal tube tip ~3.9cm above carina, ng tube tip just beyond ge junction",1
support devices,"aortic arch stent, artificial aortic valve",1
support devices,endotracheal tube tip 3.8 cm from carina,1
support devices,"nasogastric tube in stomach, endotracheal tube 4.5 cm from carina",1
support devices,endotracheal tube tip ~4cm from carina; orogastric tube in stomach; overlying trauma board,1
support devices,"endotracheal tube (above clavicular head), left subclavian line (mid svc), orogastric tube (below diaphragm)",1
support devices,right ij dialysis catheter tip (right atrium),1
support devices,"right pacemaker, left pacemaker box, mitral/tricuspid valves",1
support devices,picc line at cavoatrial junction; two pigtail catheters over left upper quadrant,1
support devices,et tube tip 4.5 cm above carina,1
support devices,"endotracheal tube (standard position), nasogastric tube (gastric fundus)",1
support devices,"right breast implant (right lower hemi thorax), mid thoracic spine (kyphoplasty/vertebroplasty)",1
support devices,"et tube (tip 4.3cm from carina), feeding tube (gastric body), right internal jugular cvc (cavoatrial junction), mediastinal drains",1
support devices,distal right clavicle,1
support devices,right svc/right atrium junction,1
support devices,left subclavian catheter terminates in proximal superior vena cava at tracheobronchial angle level,1
support devices,"left pectoral (pacemaker), sternum (sternotomy wires), mitral valve (prosthesis), right internal jugular vein to mid svc (catheter)",1
support devices,"sternal wires, left catheter in persistent superior vena cava",1
support devices,left subclavian port-a-cath and ng tube (tip in distal gastric cavity),1
support devices,left hemi thorax,1
support devices,upper-mid svc,1
support devices,"right main pulmonary artery, aortic knob, below diaphragm",1
support devices,"median sternotomy, anterior cervical region",1
support devices,"right chest wall, right atrium, upper abdomen",1
support devices,left chest tube and pigtail chest tube,1
support devices,"thoracic inlet, 7 cm above carina",1
support devices,left-sided port-a-cath and right axillary clips,1
support devices,left picc in mid-lower svc,1
support devices,"endotracheal tube (tip ~3.1cm from carina), right internal jugular line (tip in lower svc), nasogastric tube (tip over stomach)",1
support devices,lateral right neck,1
support devices,"et tube (1.4cm from carina), ng tube in stomach",1
support devices,mediastinum at ap window level,1
support devices,central mediastinum,1
support devices,upper margin of transverse arch of aorta,1
support devices,"left axilla, right upper quadrant",1
support devices,left chest wall (port catheter at cavoatrial junction),1
support devices,"left internal jugular vein, left brachiocephalic vein",1
support devices,"endotracheal tube 3.5 cm above carina, enteric tube in stomach, right port-a-cath in low svc/cavoatrial junction",1
support devices,"right internal jugular vein, tip at cavoatrial junction",1
support devices,anterior thoracic wall,1
support devices,mid trachea and stomach,1
support devices,right main stem bronchus and epicardium,1
support devices,right neck region,1
support devices,midline (frontal view),1
support devices,3.9 cm above carina,1
support devices,sternotomy wires and cabg surgical site,1
support devices,left internal jugular central venous catheter,1
support devices,tracheostomy tube ~4 cm from carina,1
support devices,left upper abdomen and posterior soft tissues,1
support devices,stomach fundus region,1
support devices,t12 vertebral body,1
support devices,"sternum, tricuspid valve, left svc",1
support devices,left internal jugular vascular sheath,1
support devices,right internal jugular catheter,1
support devices,"left pectoral, right atrium and right ventricle",1
support devices,right main pulmonary artery and left-sided,1
support devices,"dobbhoff tube (stomach), right picc line (right atrium, 2 cm below cavoatrial junction)",1
support devices,upper lumbar spine and cervical spine,1
support devices,"et tube tip ~3cm from carina, enteric tube at gastric fundus",1
support devices,"median sternotomy, coronary artery",1
support devices,"nasoenteric tube tip over gastric antrum, median sternotomy wires, right upper quadrant and mediastinal surgical clips",1
support devices,"endotracheal tube (1.5cm above carina), nasogastric tube (gastroesophageal junction)",1
support devices,"et tube tip 3cm above carina, ng tube tip off film, picc line tip in right atrium",1
support devices,"et tube above carina, picc in right atrium, transesophageal tube in stomach",1
support devices,right port-a-cath terminating in mid svc,1
support devices,"multiple sites including carina, stomach, distal esophagus, svc origin",1
support devices,left-sided picc with tip in proximal svc,1
support devices,left-sided mediport,1
support devices,right glenoid fossa,1
support devices,upper abdomen midline,1
support devices,several mid thoracic vertebrae,1
support devices,"endotracheal tube (above carina), ng tube (left upper abdomen)",1
support devices,inferior aspect of chest image,1
support devices,"left upper chest, right ventricle, right atrium",1
support devices,"endotracheal tube (3.1cm above carina), nasogastric tube (stomach), temperature probe (distal esophagus)",1
support devices,ng tube (passes beneath diaphragm),1
support devices,endotracheal tube (carina level) and enteric tube (below left hemidiaphragm into stomach),1
support devices,"et tube above carina, right ij line at cavoatrial junction, right axillary line in axilla",1
support devices,"et tube (7.3cm above carina), ng tube (stomach), right jugular catheter (upper svc)",1
support devices,right-sided port-a-cath terminating in distal svc/cavoatrial junction,1
support devices,"left-sided basilar, right ij",1
support devices,tracheostomy site,1
support devices,gastric fundus and mid svc,1
support devices,right venous introduction sheath in expected position,1
support devices,right internal jugular vein with tip in right atrium,1
support devices,right apical vascular,1
support devices,pacer leads and sternal wires,1
support devices,proximal right atrium or cavoatrial junction,1
support devices,"endotracheal tube (3cm from carina), enteric tube (left upper quadrant), left internal jugular central venous line",1
support devices,"left subclavian line, mid svc",1
support devices,"right picc line (tip over mid svc), nasogastric tube",1
support devices,"et tube tip 6.2cm above carina, ng tube loop in gastric fundus",1
support devices,right internal jugular venous catheter (tip in mid svc),1
support devices,"mid svc, standard positions",1
support devices,"right neck, right anterior chest wall, right abdomen",1
support devices,"left-sided pacer, right shoulder orthopedic hardware",1
support devices,right ij central venous line,1
support devices,"left port-a-cath, upper right atrium",1
support devices,left permanent pacer with lead in right ventricular apex,1
support devices,"tracheostomy tube (expected position), gastrostomy tube (left upper quadrant)",1
support devices,"tracheostomy (5.3 cm above carina), right port-a-cath",1
support devices,"right-sided dialysis catheter, lower superior vena cava",1
support devices,left anterior axillary,1
support devices,midline sternotomy wires,1
support devices,right internal jugular vein (catheter tip over mid svc),1
support devices,"right lower chest wall, right apical area, stomach",1
support devices,"bilateral breast implants, posterior spinal fixation hardware",1
support devices,left hemiabdomen,1
support devices,"right upper arm, left upper arm, ivc to svc/cavoatrial junction, overlying chest",1
support devices,et tube 4.4 cm above carina; right internal jugular cvc tip in mid svc,1
support devices,right-sided port-a-cath tip in low svc,1
support devices,"right chest wall, lower neck, midline sternotomy",1
support devices,"left chest wall, mediastinum, sternum",1
support devices,"endotracheal tube, right-sided central line, feeding tube",1
support devices,endotracheal tube and enteric tube in appropriate position,1
support devices,"paramedian post-surgical staple line, right internal jugular vein catheter tip over mid-to-lower svc",1
support devices,"endotracheal tube (tip 4.4cm above carina), nasogastric tube (tip over middle stomach)",1
support devices,right-sided pacemaker,1
support devices,left clavicular,1
support devices,right mainstem bronchus into right lower lobe bronchus,1
support devices,"right internal jugular catheter (tip mid svc), endotracheal tube",1
support devices,paratracheal region,1
support devices,right medial upper lung,1
support devices,midline sternum and cardiac valve region,1
support devices,"ett tip 3cm above carina, og tube coiled in stomach, right ij catheter tip in right atrium",1
support devices,"endotracheal tube at carina, enteric tube in stomach, right port-a-cath at mid svc",1
support devices,"right-sided picc, enteric tube (proximal stomach)",1
support devices,right-sided picc terminating in low svc,1
support devices,"endotracheal tube tip above carina, nasogastric tube in stomach, right subclavian catheter tip in mid-to-lower svc",1
support devices,"ng tube to stomach, et tube 4 cm above carina",1
support devices,"et tube at origin of left mainstem bronchus, right picc in distal svc, left chest tube",1
support devices,"et tube tip 4.6 cm above carina, ng tube tip off film (stomach)",1
support devices,proximal stomach (ge junction),1
support devices,left 5th-8th ribs,1
support devices,midline tracheostomy tube,1
support devices,"posterior cervical spine, lumbar spine",1
support devices,right chest tube in place (tip at right apex),1
support devices,right anterior chest wall and right ventricle,1
support devices,"right axilla, mid svc",1
support devices,mid to lower svc and right axilla,1
support devices,left thorax,1
support devices,"left, right lung apex",1
support devices,"ett (3.5cm above carina), right ij line (cavoatrial junction)",1
support devices,lower stomach and mid body of stomach,1
support devices,"left chest (cardiac device), median sternotomy wires, right pleural catheter",1
support devices,"clavicles, low svc, stomach, right upper quadrant",1
support devices,left-sided picc with tip in mid svc,1
support devices,"upper mediastinum, left subclavian vessel, right atrium",1
support devices,sternotomy wires and two-lead pacer,1
support devices,mid svc and left breast,1
support devices,"dobbhoff tube (distal gastric cavity), right picc (lower svc)",1
support devices,"et tube in adequate position, right jugular line in lower svc, neurostimulator of upper thoracic spine",1
support devices,"proximal intrathoracic trachea, left upper quadrant",1
support devices,"endotracheal tube (tip <2cm from carina), nasogastric tube in stomach",1
support devices,right mid to upper lung,1
support devices,left-sided picc (terminates in low svc),1
support devices,"right internal jugular vein catheter, endotracheal tube at thoracic inlet, sternotomy wires",1
support devices,"lower right chest, anterior breast tissue",1
support devices,right atrium (port-a-cath termination),1
support devices,"right-sided chest, cavoatrial junction, chest wall, lower cervical spine",1
support devices,"et tube, right picc line, ng tube",1
support devices,superior margins of the film,1
support devices,aicd,1
support devices,endotracheal tube at carina; nasoenteric tube in stomach (tip adjacent to ge junction),1
support devices,"thoracic cavity (aicd, sternotomy wires, mediastinal clips, external pacing wires over low chest)",1
support devices,left port-a-cath tip in deep right atrium,1
support devices,"left chest wall, upper svc",1
support devices,just beneath the level of clavicular heads,1
support devices,upper abdomen and cervical spine,1
support devices,"above carina, lower svc, below diaphragm into stomach",1
support devices,left lower neck,1
support devices,"right port-a-cath (lower right atrium/upper ivc), ng tube, epidural catheter",1
support devices,right picc line tip in distal svc,1
support devices,medial left hemidiaphragm,1
support devices,endotracheal tube tip (6.5 cm from carina),1
support devices,"left mid lung, left lateral chest cage",1
support devices,nasogastric tube tip over mid-to-distal stomach,1
support devices,"left shoulder, cavoatrial junction",1
support devices,right-sided ij and distal svc,1
support devices,lower cervical spine fusion hardware,1
support devices,left-sided pic line at upper svc,1
support devices,"left chest wall, midline sternum",1
support devices,cervicothoracic posterior,1
support devices,"right port, low svc",1
support devices,heart valves,1
support devices,"enteric tube below diaphragm, left upper quadrant",1
support devices,"right chest wall, midline sternum, mediastinum",1
support devices,"right-sided pacemaker, mediastinal clips, aortic valve replacement",1
support devices,left chest wall (tip in mid svc),1
support devices,midline sternum and thoracic cavity,1
support devices,"right main pulmonary artery, left-sided pacer and single lead",1
support devices,endotracheal tube tip ~1cm from carina,1
support devices,left-sided defibrillator with leads in right atrium and right ventricle,1
support devices,"right chest wall, mid-distal svc",1
support devices,"left chest wall pacer leads (right atrium, right ventricle, coronary sinus)",1
support devices,left femoral head,1
support devices,"right upper lung field, right upper quadrant, left abdomen",1
support devices,"endotracheal tube (appropriate position), nasogastric tube (stomach)",1
support devices,"endotracheal tube (1cm above carina), enteric tube (stomach), left-sided chest wall device, right humeral head metallic screws",1
support devices,left subclavian central venous catheter termination at brachiocephalic vein-svc confluence,1
support devices,"endotracheal tube above carina, right internal jugular catheter at low svc/cavoatrial junction",1
support devices,"endotracheal tube (6cm above carina), orogastric tube (left upper quadrant)",1
support devices,"left upper chest, left subclavian/axillary regions",1
support devices,"mid mediastinum/mid esophagus, neck",1
support devices,"endotracheal tube (5cm above carina), orogastric tube (above ge junction)",1
support devices,nasogastric tube (unchanged position),1
support devices,"endotracheal tube above carina, orogastric tube in upper stomach, left pectoral pacemaker, coronary stent",1
support devices,"right ventricle, median sternotomy",1
support devices,right internal jugular central venous catheter (terminating at proximal svc),1
support devices,"endotracheal tube above carina, right picc in mid svc, feeding tube below ge junction",1
support devices,"median sternotomy, posterior cervicothoracic, bilateral humeral head",1
support devices,fundus,1
support devices,"endotracheal tube (3cm above carina), enteric tube (below left hemidiaphragm)",1
support devices,right ij catheter to upper-to-mid svc,1
support devices,right dual-chamber pacemaker,1
support devices,"endotracheal tube, right ij catheter, esophageal tubes",1
support devices,left pacemaker with intact lead,1
support devices,anterior right basal pleural space,1
support devices,"right svc mid-to-lower portion, lower thoracic spine",1
support devices,"endotracheal tube, orogastric tube",1
support devices,"et tube above carina, left subclavian cvc in mid svc, enteric tube in stomach and above ge junction",1
support devices,"et tube tip ~3.9cm above carina, ng tube tip beneath diaphragm, left subclavian central line tip over svc/ra junction",1
support devices,right port catheter tip at distal svc,1
support devices,"multiple sites (above carina, stomach, cervical spine)",1
support devices,"endotracheal tube tip ~5cm above carina, right jugular/subclavian catheter, nasogastric tube",1
support devices,"right main stem bronchus (endotracheal tube), esophagus to stomach (nasogastric tube)",1
support devices,right chest wall port catheter,1
support devices,"right ij catheter, lower svc",1
support devices,"left pic line, right jugular vein",1
support devices,right internal jugular vein and right ventricular apex,1
support devices,"low svc, upper esophagus/hypopharynx",1
support devices,"left chest tube, right port",1
support devices,"left upper extremity, low svc (picc tip)",1
support devices,breast,1
support devices,"endotracheal tube (4.3 cm from carina), enteric tube (stomach, ge junction level)",1
support devices,"left cardiac pacemaker, leads in right atrium and right ventricle",1
support devices,left upper pacemaker generator pack,1
support devices,"endotracheal tube (4.3cm above carina), nasogastric tube (tip over prepyloric region)",1
support devices,"left chest tube, endotracheal tube",1
support devices,"right ij central line (low svc), endotracheal tube (3.7cm above carina), orogastric tube (stomach)",1
support devices,endotracheal tube 3cm above carina; right ij central venous catheter in distal svc,1
support devices,right-sided port-a-catheter (proximal-to-mid svc) and cervicothoracic spinal hardware,1
support devices,"endotracheal tube 3.5cm above carina, nasogastric tube below ge junction, central lines in mid svc",1
support devices,orogastric tube tip at diaphragm level,1
support devices,"left humeral head, upper abdomen",1
support devices,"right upper extremity picc (tip mid svc), overlying ekg leads",1
support devices,left renal fossa and right upper abdominal quadrant,1
support devices,left-sided pacer device (leads in right atrium and right ventricle),1
support devices,"first and second sternotomy wires, left upper quadrant clips",1
support devices,right-sided picc line (distal tip at distal svc),1
support devices,"endotracheal tube (6 cm above carina), nasogastric tube (tip over mid esophagus)",1
support devices,"lower thoracic to lumbar spine, upper abdomen",1
support devices,"left-sided pacer device with leads in right atrium, right ventricle, coronary sinus",1
support devices,"endotracheal tube tip 4.9cm above carina, og tube tip in left upper quadrant",1
support devices,"left chest wall, right atrium/ventricle, right mid abdomen",1
support devices,"endotracheal tube tip 3cm above carina, right pleural catheter in lower right hemithorax",1
support devices,"ett in standard position, port-a-cath tip in right atrium, enteric tube tip over left upper quadrant",1
support devices,"trachea, right internal jugular vein",1
support devices,chest wall port,1
support devices,"median sternotomy, aortic valve",1
support devices,"median sternotomy, right anterior chest wall",1
support devices,"right internal jugular, sternotomy wires",1
support devices,midline sternotomy wires and pacemaker leads,1
support devices,right-sided port-a-cath in lower svc,1
support devices,right ij central catheter,1
support devices,"et tube, ng tube, right ij pacer wire",1
support devices,right-sided central venous line in mid to lower svc,1
support devices,left ureteral,1
support devices,"left lower hemithorax, left upper quadrant",1
support devices,"endotracheal tube (tip ~1.7cm from carina), enteric tube (into stomach)",1
support devices,"endotracheal tube tip at clavicular heads, side port below gastroesophageal junction",1
support devices,"endotracheal tube (1 cm above carina), right internal jugular vein catheter",1
support devices,"et tube above carina, ng tube below diaphragm into stomach",1
support devices,right-sided jugular line in lower svc,1
support devices,"midline sternum, cervical spine",1
support devices,"mid-to-low esophagus, right-sided chest",1
support devices,bottom of the image,1
support devices,mid-esophagus and stomach,1
support devices,right internal jugular line (terminates in mid svc),1
support devices,right proximal right atrium,1
support devices,"left chest, mediastinum, sternum",1
support devices,"intra-aortic balloon pump tip at posterior fifth rib, pacing wire, external monitoring device, sternal wires",1
support devices,ivc,1
support devices,midline at aortic arch level,1
support devices,right ij central line tip in right atrium,1
support devices,"endotracheal tube 3.5 cm above carina, orogastric tube in stomach",1
support devices,"prosthetic mitral valve, bilateral shoulder arthroplasties",1
support devices,right picc line to lower svc,1
support devices,left neck and anterior chest wall,1
support devices,"right-sided pacemaker leads (right atrium, right ventricle)",1
support devices,aortic valve and median sternotomy,1
support devices,"endotracheal tube above thoracic inlet, nasogastric tube in right upper quadrant",1
support devices,right picc (upper svc) and left humeral head screws,1
support devices,nasogastric tube to upper stomach body,1
support devices,left internal jugular central venous catheter tip at confluence of brachiocephalic veins,1
support devices,"et tube distal tip 6.5 cm above carina, enteric tube distal tip below lower limit of radiograph",1
support devices,endotracheal tube ~7 cm from carina above clavicle; orogastric tube into stomach,1
support devices,lower thoracic to upper lumbar spine,1
support devices,"nasogastric tube, endotracheal tube, right internal jugular vein catheter",1
support devices,"endotracheal tube (tip ~3cm from carina), enteric tube (tip in gastric fundus), cervical/lumbar fixation hardware",1
support devices,right base lateral,1
support devices,upper outer left breast,1
support devices,"right picc (low svc), left pectoral icd (right ventricle)",1
support devices,right-sided ij catheter,1
support devices,anterior mid to upper thorax,1
support devices,right-sided distal svc,1
support devices,"right-sided svc, right upper quadrant abdomen, common bile duct",1
support devices,epigastrium,1
support devices,transvenous pacemaker with dual lead cyst in appropriate position,1
support devices,"et tube 3 cm above carina, ng tube in stomach",1
support devices,sternotomy wires and cardiac valvuloplasty ring,1
support devices,et tube and left pleural drain,1
support devices,left chest basal,1
support devices,right upper extremity picc tip at cavoatrial junction,1
support devices,sternum and vertebrae,1
support devices,left chest wall (lead extending to neck),1
support devices,"right subclavian, lower svc",1
support devices,left-sided chest wall,1
support devices,"right chest tube, left chest tube, endotracheal tube, nasogastric tube, right central venous access line",1
support devices,sternal and mediastinal,1
support devices,lower portion of the svc,1
support devices,"right hemidiaphragm adjacent surgical clips, right shoulder arthroplasty",1
support devices,left-sided pacemaker device,1
support devices,"right chest wall, low svc",1
support devices,"endotracheal tube (4.2 cm from carina), enteric tube (lower mediastinum)",1
support devices,"left pacer, median sternotomy wires, mediastinal clips",1
support devices,lower thoracic spinal canal,1
support devices,"right chest, mid svc region",1
support devices,cervicothoracic junction,1
support devices,liver dome region,1
support devices,endotracheal tube tip 5.3 cm above carina,1
support devices,"right lower neck, midline anterior chest wall, right anterior soft tissues (lower chest, upper abdomen)",1
support devices,stomach (enteric tube),1
support devices,"endotracheal tube tip above carina, nasogastric tube in distal stomach",1
support devices,left heart border and left hilus,1
support devices,"endotracheal tube slightly low above carina, nasogastric tube below diaphragm",1
support devices,"endotracheal tube above carina, left ij cvc in lower svc, ng tube in stomach",1
support devices,"mediastinal clips, cervical clips, sternotomy wire",1
support devices,distal svc/ cavoatrial junction,1
support devices,"endotracheal tube (2.7 cm above carina), nasogastric tube",1
support devices,posterior thoracolumbar pedicle screws,1
support devices,right cavoatrial junction (port-a-cath tip),1
support devices,right-sided picc line (lower svc),1
support devices,"nasogastric tube (stomach), peg, right ij catheter (mid svc)",1
support devices,"right-sided central venous catheter, distal tip in mid svc",1
support devices,"multiple support devices in upper abdomen, upper svc, stomach",1
support devices,"left axilla, catheter wire to right base of neck",1
support devices,"coronary sinus, right ventricular apex, right atrium",1
support devices,"below the diaphragm, likely within the stomach",1
support devices,right internal jugular line tip at superior cavoatrial junction,1
support devices,right-sided port-a-cath terminating in low svc,1
support devices,"left picc line (upper-mid svc), et tube (above carina), ng tube (stomach)",1
support devices,"overlying trauma board, endotracheal tube, external medical devices",1
support devices,"multiple locations: endotracheal tube tip above carina, swan-catheter in right main pulmonary artery, picc in lower svc, battery pack in left chest wall",1
support devices,"right atrium, right ventricle, left pectoral generator",1
support devices,"left-sided pacer, endotracheal tube above carina, enteric tube below diaphragm",1
support devices,below the diaphragm in the region of the body of the stomach,1
support devices,right lower svc (port-a-cath tip),1
support devices,et tube tip at medial clavicles ~30mm proximal to carina; ng tube in situ,1
support devices,"endotracheal tube 4.5cm above carina, nasogastric tube near gastroduodenal junction, right internal jugular catheter in upper svc",1
support devices,gastrostomy tube,1
support devices,ngt sideport at ge junction,1
support devices,right chest wall and left upper mediastinum,1
support devices,right ij central line (distal lead tip in mid to distal right atrium),1
support devices,right aspect of neck,1
support devices,"right-sided central line, cavoatrial junction",1
support devices,"left-sided pacemaker, leads in right atrium and right ventricle",1
support devices,trachea (3.3 cm above carina),1
support devices,"lower trachea near carina, stomach",1
support devices,"enteric tube (side-port in stomach), left chest wall port (catheter tip at mid svc)",1
support devices,right port in distal superior vena cava,1
support devices,"endotracheal tube (5cm from carina), partially visualized enteric tube",1
support devices,right axilla and right lower hemithorax,1
support devices,dilated air-filled stomach,1
support devices,"endotracheal tube (3cm above carina), nasogastric tube (stomach)",1
support devices,tip of endotracheal tube 6 cm above carina,1
support devices,basilar chest tube with tip near midline at top of aorta,1
support devices,endotracheal tube (tip 6cm above carina) and nasogastric tube,1
support devices,"carina, distal svc, inferior image portion",1
support devices,right hilum and right upper quadrant,1
support devices,left upper abdomen and cholecystectomy site,1
support devices,subdiaphragmatic (ng tube) and peritoneal drain in unchanged position,1
support devices,right hemi-thorax,1
support devices,"endotracheal tube in trachea, nasogastric tube in distal esophagus",1
support devices,"median sternotomy wires, right internal jugular sheath tip in upper svc",1
support devices,"nasogastric tube (entire course, tip over middle stomach)",1
support devices,"et tube tip above clavicular heads ~7.0 cm above carina, ng tube in ge junction region",1
support devices,"tracheostomy (unspecified), left-sided picc line tip at mid/distal svc",1
support devices,"left subclavian, distal svc",1
support devices,right-sided chest wall,1
support devices,"endotracheal tube tip ~4.5cm above carina, gastric tube in stomach",1
support devices,right side (mid svc region),1
support devices,"median sternotomy area, heart",1
support devices,"et tube 6.3cm from carina between clavicular heads, enteric tube below field of view",1
support devices,right chest wall port catheter tip at mid svc,1
support devices,"vertebral, trachea, left picc line",1
support devices,"right pic line, et tube above carina, enteric tube below diaphragm",1
support devices,distal esophagus and ge junction vicinity,1
support devices,"right picc line, vertebral stabilization devices",1
support devices,"ett (appropriate positioning), ng tube (below diaphragm), left subclavian line (near brachiocephalic vein)",1
support devices,"endotracheal tube (tip above carina), ng tube (left upper abdomen), overlying ekg leads",1
support devices,trachea (tip 5 cm above carina),1
support devices,"left prepectoral, tip in right atrium",1
support devices,"right chest, left breast",1
support devices,posterior upper thoracic spine,1
support devices,"right subclavian line, right-sided pigtail catheter",1
support devices,proximal-to-mid thoracic esophagus at t5 vertebral body level,1
support devices,"right anterior chest wall, left cavoatrial junction, posterior lumbar spine",1
support devices,"right internal jugular line, low superior vena cava",1
support devices,"right-sided picc at svc/right atrial junction, enteric tube",1
support devices,endotracheal tube tip 3.6 cm above carina; left chest aicd lead unchanged; nasogastric tube out of exam field,1
support devices,"median sternotomy, mediastinal",1
support devices,"proximal gastric cavity (dobbhoff tube), lower/upper svc (jugular catheters)",1
support devices,"endotracheal tube (2.8cm above carina), nasogastric tube (middle stomach), right picc line (mid svc)",1
support devices,"below the diaphragm, inferior aspect of image",1
support devices,"right internal jugular vein, trachea, orogastric tube",1
support devices,left dual-chamber pacemaker and leads,1
support devices,posterior thoracolumbar spine,1
support devices,"left chest port, tip in low svc",1
support devices,"right ij, mid svc, right axilla",1
support devices,"ng tube in left upper quadrant, endotracheal tube tip 4.7 cm above carina",1
support devices,"left chest wall, mid to low svc",1
support devices,ivc region,1
support devices,"right mid to lower hemithorax, right breast",1
support devices,fundus of the stomach,1
support devices,"left internal jugular to upper svc, right cavoatrial junction",1
support devices,"right internal jugular line, et tube tip 4 cm above carina",1
support devices,left-sided picc and cervical hardware,1
support devices,right ij catheter at cavoatrial junction,1
support devices,right internal jugular vein (mid svc),1
support devices,right picc line tip at right atrium,1
support devices,"right ij central venous line, mid svc",1
support devices,above ge junction,1
support devices,right internal jugular vein to proximal right atrium,1
support devices,feeding tube tip over middle stomach,1
support devices,"ng tube: distal tip past diaphragm, side-port beyond gastroesophageal junction",1
support devices,stomach below ge junction,1
support devices,"endotracheal tube tip 2.5 cm above carina, nasogastric tube in stomach",1
support devices,"upper/mid svc, coronary and left carotid arteries",1
support devices,right internal jugular vein (tip in superior cavoatrial junction),1
support devices,"endotracheal tube, right picc line, left dialysis catheter",1
support devices,tip 4 cm above carina,1
support devices,"right picc line, distal tip at cavoatrial junction",1
support devices,"left picc line (low svc), enteric tube",1
support devices,"left-sided pacer, residual right ventricular pacing lead",1
support devices,"mitral valve, sternum, epicardial leads",1
support devices,right hemithorax and abdomen,1
support devices,"right upper quadrant abdomen, liver region",1
support devices,"endotracheal tube (3.1 cm above carina), ng tube (below left hemidiaphragm), right internal jugular line (right atrium)",1
support devices,right internal jugular line tip at thoracic inlet,1
support devices,"vertebral column, right-sided picc line",1
support devices,left subclavian line terminating in mid svc,1
support devices,"sternal wires, valvular replacement, pacemaker leads",1
support devices,"upper clavicular level, 6.3 cm above carina",1
support devices,"sternotomy wires, left pectoral pacemaker, right ij tip at svc-brachiocephalic junction",1
support devices,lower midline neck,1
support devices,"low svc, right upper quadrant",1
support devices,left chest wall to left neck,1
support devices,"lower neck, stomach, right ventricular apex",1
support devices,"endotracheal tube (4.4 cm from carina), nasogastric tube tip in stomach",1
support devices,"et tube tip at carina, ng tube tip in stomach body",1
support devices,right-sided picc terminating in mid-to-distal svc,1
support devices,intra-aortic balloon pump (high) and swan-ganz catheter,1
support devices,endotracheal tube tip 7cm above carina,1
support devices,"low svc, median sternotomy area",1
support devices,"right atrium, carina region, stomach",1
support devices,left lower lung and left upper abdomen,1
support devices,orogastric tube 4.5 cm above carina; esophageal catheter tip in stomach,1
support devices,"sternum, aortic valve, right axilla",1
support devices,et tube (standard position) and ng tube (needs 8cm advancement),1
support devices,"et tube 2.5cm above carina, ng tube in stomach",1
support devices,"endotracheal tube (6.5cm above carina), orogastric tube (stomach)",1
support devices,"endotracheal tube (tip ~5.8cm from carina), right internal jugular line (tip in lower svc)",1
support devices,right upper lung zone,1
support devices,dual lead pacemaker with leads in right atrium and right ventricle,1
support devices,left picc line terminates in mid superior vena cava,1
support devices,mid and superior vena cava,1
support devices,heart shadow,1
support devices,"endotracheal tube (7.9 cm above carina), enteric tube (upper thorax, side hole at posterior third rib)",1
support devices,"left chest wall (pacemaker), right ventricle (pacer wire)",1
support devices,"median sternotomy, left chest",1
support devices,right central line tip at low svc to cavoatrial junction; et tube 1.9 cm from carina,1
support devices,"right picc (tip in right atrium), tracheostomy tube",1
support devices,endotracheal tube 4cm above carina; orogastric tube tip beyond stomach inferior margin,1
support devices,right picc line (distal svc),1
support devices,"endotracheal tube (appropriate position), left subclavian central venous catheter (mid superior vena cava), ng tube (stomach)",1
support devices,"endotracheal tube, swan-ganz catheter (proximal right pulmonary artery), nasogastric tube (upper stomach)",1
support devices,"proximal stomach, epidural space, abdomen",1
support devices,neck just above thoracic inlet,1
support devices,"high ett, bilateral ij catheters, ng/dobhoff below diaphragm",1
support devices,"nasogastric tube, side hole ~8cm below gastroesophageal junction",1
support devices,"enteric tube (stomach tip), endotracheal tube (5.2cm from carina)",1
support devices,5.5 cm above the carina,1
support devices,right-sided vp shunt catheter,1
support devices,median sternotomy wires and left mediastinal clips,1
support devices,right chest port catheter tip in lower svc,1
support devices,"right side, cavoatrial junction",1
support devices,gastric fundus and right atrium,1
support devices,right pectoral and right basilar,1
support devices,anterior aspect of the chest,1
support devices,"right internal jugular vein, mid svc",1
support devices,"left chest wall (upper svc), right internal jugular (mid svc)",1
support devices,cervical spine and right upper abdominal quadrant,1
support devices,left perihilar region,1
support devices,cervical area,1
support devices,duodenum and left upper quadrant,1
support devices,"left arm, mid humerus",1
support devices,right internal jugular vein catheter terminating in right atrium,1
support devices,"left subclavian line in distal left brachiocephalic vein, ng tube in proximal stomach",1
support devices,"nasogastric tube in esophagus, below diaphragm, fundus of stomach",1
support devices,"mid stomach, bilateral axilla, right abdomen, left axilla, endotracheal tube tip",1
support devices,"port-a-cath tip in right atrium (close to tricuspid valve), drain in right upper quadrant",1
support devices,"left subclavian tube, ng tube, ett",1
support devices,"left ij catheter in upper svc, upper segment of posterior spinal fusion hardware",1
support devices,imaged upper abdomen,1
support devices,"hd catheter in standard position, ng tube tip below diaphragm",1
support devices,"left chest wall, right upper quadrant, mid abdomen",1
support devices,"left picc in mid superior vena cava, enteric tube below diaphragm",1
support devices,"right picc line, right chest tube, left chest wall pacemaker",1
support devices,"left scapula, upper left chest",1
support devices,right ij dialysis catheter tip at superior vena cava level,1
support devices,"left chest wall, right upper thorax",1
support devices,"port at cavoatrial junction, picc in right brachiocephalic vein",1
support devices,"endotracheal tube (6.9cm above carina), nasogastric tube (into stomach)",1
support devices,ng tube tip in fundus of stomach,1
support devices,"endotracheal tube at carina, enteric tube below diaphragm",1
support devices,left subclavian port-a-cath (mid svc),1
support devices,"ng tube in appropriate position, et tube 5cm above carina",1
support devices,"right apex, mediastinum, right atrium region",1
support devices,left-sided port-a-cath catheter in lower svc,1
support devices,"endotracheal tube (7mm from carina), ng tube (stomach, right of midline)",1
support devices,"endotracheal tube (4.6cm from carina), orogastric tube (stomach)",1
support devices,"right internal jugular, trachea",1
support devices,right chest port (tip terminating in low svc),1
support devices,right proximal svc,1
support devices,"endotracheal tube above clavicular heads, right picc in lower svc, enteric tube coiled in hypopharynx",1
support devices,"nasogastric tube tip in stomach, side hole at ge junction",1
support devices,"right upper quadrant of abdomen, right inferior hemithorax",1
support devices,"upper body of stomach, esophagogastric junction",1
support devices,nasogastric tube side port in right hemithorax,1
support devices,left abdomen,1
support devices,right-sided upper svc,1
support devices,2.3 cm above the carina (et tube),1
support devices,"endotracheal tube tip 2.7 cm above carina, feeding tube in stomach",1
support devices,"left side (icd placement, lead in right ventricle)",1
support devices,"left lower hemithorax, medial anterior left 7th rib",1
support devices,abandoned epicardial leads and right-sided vascular stents,1
support devices,"nasogastric tube tip in lower stomach body, endotracheal tube tip above clavicles",1
support devices,right internal jugular sheath,1
support devices,above the carina (final placement),1
support devices,triple lead pacing device,1
support devices,"orogastric tube tip in stomach, endotracheal tube in standard position",1
support devices,right atrium and ventricle (pacemaker/icd leads),1
support devices,"right ventricle, lower thoracic spine, left axillary",1
support devices,left neck to aortic knob level,1
support devices,"endotracheal tube above carina, right internal jugular catheter at cavoatrial junction, nasogastric tube in stomach",1
support devices,right port-a-cath tip in mid svc,1
support devices,"right picc, mid to lower superior vena cava",1
support devices,mid svc and stomach,1
support devices,"median sternotomy wires, left pacemaker",1
support devices,"midclavicular level, 4.2 cm above carina",1
support devices,"endotracheal tube, nasogastric tube, right ij catheter",1
support devices,posterior spinal canal,1
support devices,right picc line in lower svc,1
support devices,"left picc line tip at right atrium, feeding tube in gastric body, endotracheal tube 8.2cm from carina",1
support devices,posterior upper lumbar and anterior neck,1
support devices,right transjugular central venous catheter tip in mid svc,1
support devices,"right chest wall, tip over low svc",1
support devices,cervical and upper thoracic spine,1
support devices,right-sided port-a-cath at cavoatrial junction,1
support devices,"endotracheal tube 3.4 cm above carina, enteric tube in first portion of duodenum",1
support devices,left pectoral and right shoulder,1
support devices,"right-sided port-a-cath tip in low svc, nasogastric tube below left hemidiaphragm in left upper quadrant",1
support devices,left-sided pacemaker with leads in right atrium and ventricle,1
support devices,"et tube above carina, og tube to stomach body, central venous line at left brachycephalic vein",1
support devices,left axilla and left breast,1
support devices,"mid esophagus (ng tube), et tube, left subclavian line",1
support devices,"right side, posterior thoracic",1
support devices,"nasogastric tube to stomach (side hole at esophagogastric junction), right ij catheter tip in mid svc",1
support devices,endotracheal tube (4.1cm above carina) and orogastric tube (stomach),1
support devices,"endotracheal tube above carina, nasogastric tube in stomach body",1
support devices,"esophagus, below left hemidiaphragm, gastric fundus",1
support devices,"endotracheal tube 3.8cm above carina, enteric tube within stomach",1
support devices,dual lead pacemaker (appropriate position),1
support devices,nasogastric tube to mid-to-lower stomach,1
support devices,mitral valve and median sternotomy wires,1
support devices,left anterior chest wall and left thoracic inlet,1
support devices,endotracheal tube 5.7 cm above carina; right port catheter tip in right atrium,1
support devices,6.2 cm above carinal,1
support devices,right subclavian infusion port in low svc,1
support devices,cavoatrial junction and lower mediastinum,1
support devices,right base and lower svc,1
support devices,"right internal jugular vein, terminating in mid to distal svc",1
support devices,"endotracheal tube, right chest tube, nasogastric tube",1
support devices,"right picc, lower svc",1
support devices,"multiple anatomical sites (endotracheal tube above carina, orogastric tube in stomach, right ij catheter in mid svc, left cardiac pacemaker lead in right atrium)",1
support devices,bilateral hemidiaphragms,1
support devices,lower aspect of imaged lumbar spine,1
support devices,nasogastric tube (stomach tip),1
support devices,"et tube above carina, right-sided pacemaker, right internal jugular catheter",1
support devices,"endotracheal tube (distal tip 3.3cm above carina), left-sided pacemaker, median sternotomy wires",1
support devices,nasogastric tube extending into stomach,1
support devices,"endotracheal tube (tip 6cm above carina), right ij central line (proximal right atrium)",1
support devices,"right picc (mid svc), right ij swan-ganz (right lower lobar pulmonary artery), chest ekg leads",1
support devices,upper superior vena cava,1
support devices,left-sided pacemaker device (leads in right atrium and ventricle),1
support devices,left cardiac region,1
support devices,"endotracheal tube, nasogastric tube, swan catheter, mediastinal drains, right chest tube",1
support devices,endotracheal tube tip 3.0 cm cranial to carina (left lateral); enteric tube tip in gastric body,1
support devices,right lateral chest,1
support devices,"ett in trachea (6cm above carina), right internal jugular cvp to upper third of right atrium",1
support devices,"nasogastric tube tip at proximal stomach, pigtail catheter in right pleural space",1
support devices,left inferior lateral ribs,1
support devices,"right neck, right anterior chest wall, upper abdomen",1
support devices,"epigastric region (distal stomach), 3.5 cm above carina",1
support devices,"et tube 4.2 cm from carina, enteric tube inferior portion of image",1
support devices,mid clavicular heads,1
support devices,"endotracheal tube tip 5.7 cm from carina, right internal jugular cvc tip in svc",1
support devices,right pectoral port-a-cath catheter tip in right atrium,1
support devices,right picc at low svc,1
support devices,"left pectoral pacer leads, aortic endograft",1
support devices,"right subclavian vein, lower svc",1
support devices,right abdomen,1
support devices,"left anterior chest, right ventricle",1
support devices,"endotracheal tube (4cm above carina), og tube (gastric body)",1
support devices,"left side, right internal jugular",1
support devices,lower cervical spine through t1 level,1
support devices,"endotracheal tube tip ~4.3cm from carina, enteric tube tip in stomach",1
support devices,upper portion of svc,1
support devices,right shoulder and lungs,1
support devices,"t8-t12, right upper quadrant, lower svc",1
support devices,left central venous catheter and tracheostomy in appropriate position,1
support devices,"right-sided picc line (tip mid svc), left-sided pacemaker (lead to right ventricular apex)",1
support devices,endotracheal tube and nasogastric tube in place,1
support devices,left-sided cavoatrial junction,1
support devices,pulse generator and right ventricular electrode,1
support devices,"left picc line, tip at distal svc",1
support devices,thoracolumbar region,1
support devices,stomach (tip of enteric tube),1
support devices,left intravascular,1
support devices,"right chest wall port, catheter tip at ra svc junction",1
support devices,right-sided pacemaker and proximal right humerus hardware,1
support devices,"left anterior wall, right atrium and right ventricle",1
support devices,"median sternotomy, mediastinum, aortic valve",1
support devices,"endotracheal tube (3.1cm above carina), right ij central line (proximal right atrium), nasogastric tube (below gastroesophageal junction)",1
support devices,right ij dialysis catheter tip in low svc,1
support devices,left subclavian catheter tip in low svc,1
support devices,right ij central venous catheter tip in superior vena cava,1
support devices,"below the diaphragm, tip over gastric fundus",1
support devices,"left pacemaker, right atrial and right ventricular leads",1
support devices,left lower hemithorax and thyroid bed,1
support devices,central catheter tip at mid svc,1
support devices,upper svc or brachiocephalic vein,1
support devices,"ng tube (right upper quadrant, gastric body, ge junction side port)",1
support devices,left-sided pacemaker device (leads in right atrium and right ventricle),1
support devices,bilateral pleural spaces,1
support devices,"nasogastric tube (distal esophagus), left dual-lead pacemaker, aortoiliac stent (upper abdomen)",1
support devices,right subclavian line in low svc,1
support devices,"right internal jugular vein, lower svc and gastric fundus",1
support devices,left chest wall and right humeral head,1
support devices,chest and neck,1
support devices,"endotracheal tube tip ~2.2cm above carina, feeding tube tip in stomach, left subclavian cvc tip mid svc",1
support devices,"endotracheal tube (1.9cm above carina), ng tube (left upper quadrant)",1
support devices,"right upper quadrant, neck, coronary artery",1
support devices,"endotracheal tube above carina, enteric tube below view",1
support devices,orogastric tube and right picc line,1
support devices,"sternal wires, left pectoral pacemaker with leads to right atrium and right ventricle",1
support devices,"midline sternotomy, mediastinum, overlying ekg leads",1
support devices,"et tube ~2.9 cm above carina, right-sided pacemaker leads in right atrium/ventricle",1
support devices,median sternotomy and cabg region,1
support devices,"trachea, cavoatrial junction",1
support devices,endotracheal tube at medial clavicles (58mm proximal to carina); right-sided picc line tip at cavoatrial junction,1
support devices,"right-sided port-a-cath (mid to low svc), nasogastric tube (below diaphragm, ge junction), surgical clips (upper abdomen)",1
support devices,"endotracheal tube 6cm from carina, right picc in low svc, enteric tube below diaphragm",1
support devices,colon,1
support devices,left chest wall and left coronary stent,1
support devices,"endotracheal tube (4.9cm from carina), enteric tube (below diaphragm)",1
support devices,"right lateral chest wall, mid upper abdomen",1
support devices,left chest wall pacer leads in right atrium and right ventricle,1
support devices,right glenoid,1
support devices,"right ij central line, sternotomy wires, mediastinal clips",1
support devices,nasogastric tube tip in proximal stomach,1
support devices,right shoulder (pins) and overlying chest (ekg leads),1
support devices,right atrium and ventricle (device leads),1
support devices,"multiple anatomical locations (endotracheal tube above carina, orogastric tube beyond ge junction, bilateral chest tubes, central venous catheter in distal subclavian/proximal left brachiocephalic vein, arterial line in axilla)",1
support devices,right chest and swan-ganz catheter,1
support devices,"left-sided, mid-to-distal superior vena cava",1
support devices,"right picc line (mid svc), median sternotomy wires, aortic valve",1
support devices,"et tube 4.5cm above carina, ng tube in proximal stomach, left ij in upper svc",1
support devices,"endotracheal tube above carina, enteric catheter inferior to field of view",1
support devices,neck and lumbar spine,1
support devices,"right mid lung, hilum, anterior soft tissues of the chest",1
support devices,mid stomach (enteric tube),1
support devices,left subclavian port,1
support devices,right internal jugular central venous catheter in proximal-to-mid superior vena cava,1
support devices,"endotracheal tube (3.3cm above carina), enteric catheter (below diaphragm)",1
support devices,left chest with tube in left upper lobe,1
support devices,"endotracheal tube tip 4 cm above carina, ng tube in left upper quadrant",1
support devices,"left chest, sternum",1
support devices,"right ij central venous catheter, endotracheal tube, ng tube",1
support devices,"endotracheal tube tip 4 cm above carina, nasogastric tube below ge junction",1
support devices,"endotracheal tube tip ~3.6cm above carina, ng tube in left upper abdomen",1
support devices,"endotracheal tube tip 3cm above carina, left subclavian catheter tip in mid-to-lower svc",1
support devices,coronary artery and median sternotomy,1
support devices,endotracheal tube and subclavian catheter,1
support devices,left chest and left neck,1
support devices,"right dialysis catheter, left subclavian central venous line, right axillary stent",1
support devices,"coronary artery, cervical spine",1
support devices,"right ventricle (pacemaker), left shoulder (shoulder replacement)",1
support devices,"et tube above carina, right subclavian line in mid svc",1
support devices,"enteric tube, endotracheal tube",1
support devices,left-sided cardiac pacer,1
support devices,"right-sided, low svc/cavoatrial junction",1
support devices,"right internal jugular vein (mid svc), transesophageal tube (below diaphragm), tracheostomy tube",1
support devices,"left neck, sternum",1
support devices,upper chest and abdomen,1
support devices,"right atrium, right ventricle, midline sternotomy",1
support devices,"distal to esophagogastric junction, central catheter in place",1
support devices,"endotracheal tube above carina, right picc in lower svc",1
support devices,"right subclavian central venous line (svc at carina level), ng tube (hiatal area)",1
support devices,right subclavian catheter (terminating at svc-right atrium junction),1
support devices,left-sided central venous line with tip in upper to mid svc,1
support devices,"right mainstem bronchus, 0.8 cm above carina",1
support devices,"left internal jugular vein, gastric body",1
support devices,mid trachea and right atrium,1
support devices,left picc line near cavoatrial junction,1
support devices,left humeral prosthesis,1
support devices,right sided,1
support devices,"left mid chest wall (port-a-cath), catheter tip at low svc",1
support devices,"left subclavian central catheter, ng tube",1
support devices,left picc terminating in mid-svc,1
support devices,"ng tube (gastric fundus/proximal stomach), left-sided dual lead pacemaker (right atrium/right ventricle), epidural catheter",1
support devices,"right ij (tip in low svc), left chest wall",1
support devices,endotracheal tube tip 6cm from carina; enteric tube in stomach,1
support devices,right internal jugular porta catheter in lower superior vena cava,1
support devices,standard position with leads in right atrium and right ventricle,1
support devices,"ng tube ends in stomach, side port at/above ge junction",1
support devices,"lower trachea, left upper abdomen, mediastinum, right lateral hemithorax, descending thoracic aorta",1
support devices,"endotracheal tube tip, enteric tube tip (below diaphragm), right ij central line tip (low svc)",1
support devices,"right inferior hemithorax (pleural catheter), dialysis catheter",1
support devices,distal superior vena cava,1
support devices,pacemaker (expected location),1
support devices,"ng tube, surgical clips, mediastinal clips",1
support devices,mid-to-lower portion of the svc,1
support devices,upper right,1
support devices,right pleural tube (medially located),1
support devices,right central line (tip in right atrium),1
support devices,upper quadrants,1
support devices,"right picc line (distal tip in brachiocephalic vein), endotracheal tube, feeding tube",1
support devices,"left thorax, sternum, left pacemaker area, right internal jugular vein",1
support devices,anterior upper abdomen,1
support devices,"right atrium, right ventricle, sternum",1
support devices,"endotracheal tube (tip above carina), nasogastric tube",1
support devices,"left pectoral, right",1
support devices,"endotracheal tube tip ~1.5cm from carina, enteric tube side-port at ge junction",1
support devices,bilateral chest wall,1
support devices,1.8 cm above the carina,1
support devices,left chest single-lead pacemaker,1
support devices,"endotracheal tube (2.6cm above carina), nasogastric tube (below diaphragm)",1
support devices,"endotracheal tube tip 6.8cm above carina, ng tube side port proximal to ge junction",1
support devices,"left main bronchus, cavoatrial junction, chest wall",1
support devices,left subclavian vein near left axillary vein junction,1
support devices,right port-a-cath in low svc,1
support devices,"right chest, mid svc, liver",1
support devices,pectoral,1
support devices,trachea (5.4 cm above carina) and ge junction,1
support devices,right ij catheter tip in cavoatrial junction region,1
support devices,"endotracheal tube at carina, bilateral internal jugular central venous catheters, gastric tube in proximal stomach with side hole at ge junction",1
support devices,left ventricular outflow tract and aortic root,1
support devices,"left upper svc, transesophageal tube below diaphragm",1
support devices,"endotracheal tube (above carina), nasogastric tube (distal esophagus)",1
support devices,et tube: standard placement; upper enteric tube: stomach; right internal jugular line: 6-7 cm below carina,1
support devices,"right-sided pleural, left paramediastinal region",1
support devices,"left hemi thorax, right atrium",1
support devices,"left neck, picc line",1
support devices,5.3 cm above the carina,1
support devices,"et tube (4.2cm above carina), enteric tube (stomach), right ij sheath, left ij cvc (distal svc)",1
support devices,2.8 cm above carina,1
support devices,"feeding tube (left of spine, low stomach); prosthetic valve",1
support devices,upper cervical spine,1
support devices,"et tube 1.3cm above carina, enteric tube over stomach",1
support devices,sternal fixation devices,1
support devices,right upper extremity picc terminating in distal svc,1
support devices,tracheostomy tube 4.5 cm from carina,1
support devices,"endotracheal tube 1.8 cm above carina, enteric catheter in mid esophagus",1
support devices,"right atrial appendage, right ventricle, coronary sinus",1
support devices,trachea (tip 1.5cm above carina),1
support devices,"orogastric tube, right-sided picc line (tip over distal svc)",1
support devices,right ij catheter tip in mid-to-lower svc,1
support devices,left cavoatrial junction/upper right atrium,1
support devices,nasogastric tube terminating in the body of stomach,1
support devices,"low svc, left brachiocephalic vein",1
support devices,right ij central line with distal tip in distal svc,1
support devices,"endotracheal tube (3.8cm from carina), enteric tube (left hemidiaphragm), port-a-cath (low svc)",1
support devices,right lower hemi thorax,1
support devices,nasogastric tube with tip in middle stomach and side hole at gastroesophageal junction,1
support devices,nasogastric tube tip in middle third of esophagus,1
support devices,"right arm picc line (tip mid svc), upper abdominal surgical clips",1
support devices,left subclavian pacer tip at right ventricle apex,1
support devices,right lung base,1
support devices,fundus of stomach beneath hemidiaphragm,1
support devices,"endotracheal tube tip above carina, right subclavian catheter tip in mid-to-lower svc",1
support devices,endotracheal tube (tip at clavicles) and nasogastric tube (tip in stomach),1
support devices,endotracheal tube 3.8 cm from carina; enteric tube off inferior portion,1
support devices,mid thoracic trachea and stomach,1
support devices,"intra-aortic balloon pump (aortic arch), swan-catheter (right lower lobe pulmonary artery)",1
support devices,midline sternum and heart,1
support devices,"right central venous, low svc and cavoatrial junction/proximal right atrium",1
support devices,left chest port-a-cath,1
support devices,left axillary and left chest wall regions,1
support devices,right ij catheter tip in upper-mid svc,1
support devices,"right mainstem bronchus, stomach",1
support devices,lateral right mid lung,1
support devices,"right atrium, right ventricle, coronary sinus, sternotomy wires",1
support devices,"right chest wall, midline sternotomy, mediastinum",1
support devices,right chest wall (catheter tip in mid svc),1
support devices,"left chest wall, right atrium, right ventricle, sternotomy wires in appropriate position",1
support devices,mediastinal clips and sternotomy cerclage wires,1
support devices,"spine, endotracheal tube (6.4cm above carina), nasogastric tube, spinal stabilization devices",1
support devices,"endotracheal tube tip 1.7cm above carina, right ij central line/picc in mid-distal svc, nasogastric tube below gastroesophageal junction",1
support devices,diaphragm level (tip below diaphragm),1
support devices,"enteric feeding tube (tip in stomach), endotracheal tube (6cm above carina), left subclavian port (tip in mid svc)",1
support devices,"sternal wires, left pectoral pacemaker",1
support devices,left picc tip in mid superior vena cava,1
support devices,"endotracheal tube tip 5.2cm above carina, nasogastric tube in left upper quadrant region",1
support devices,"left prepectoral, right atrium, right ventricle, coronary sinus/left ventricle",1
support devices,left mid chest and left axilla,1
support devices,proximal portion of the svc,1
support devices,left hilar region,1
support devices,left axillary dual-lead pacemaker (tips in right atrium and right ventricle),1
support devices,"left chest wall port catheter, left breast tissue expander",1
support devices,"endotracheal tube tip ~3.0cm above carina, ng tube at ge junction",1
support devices,"ett 3.8cm superior to carina, left picc at mid svc",1
support devices,"left chest, mid-to-lower svc",1
support devices,right-sided pleural space,1
support devices,"left apical, left subclavian",1
support devices,"right picc line at low svc/cavoatrial junction, right ij catheter at mid svc",1
support devices,right brachiocephalic vein (near superior vena cava junction) and right axilla,1
support devices,left chest wall and midline,1
support devices,"feeding tube tip below diaphragms, stent and surgical clips at right upper quadrant",1
support devices,"right subclavian, distal svc, right chest",1
support devices,"et tube tip 4.7 cm above carina, mid clavicular heads level",1
support devices,"endotracheal tube (5.3cm from carina), enteric tube (decompressed stomach)",1
support devices,"left chest tube, swan-ganz catheter, et tube, ng tube",1
support devices,left picc tip,1
support devices,"left-sided, low svc",1
support devices,"left chest wall, right picc (low svc)",1
support devices,"mediastinum, sternum, heart",1
support devices,nasogastric tube (fundus of stomach),1
support devices,median sternotomy area and bilateral coronary arteries,1
support devices,right atrium and median sternotomy,1
support devices,"right ij central line, median sternotomy wires",1
support devices,"right internal jugular to superior cavoatrial junction, enteric catheter below diaphragm",1
support devices,"right-sided central venous catheter, tip in mid to lower svc",1
support devices,right clavicle and right lung base,1
support devices,left-sided picc terminating in low svc,1
support devices,"et tube 5.6 cm above carina, above superior clavicles; ng tube in proximal stomach",1
support devices,right ij line tip in distal svc,1
support devices,"right mainstem bronchus, mediastinum, right thoracic cavity",1
support devices,"endotracheal tube tip 4cm above carina, nasogastric tube in esophagus",1
support devices,"endotracheal tube (3.7cm from carina), nasogastric tube (stomach), right subclavian central venous line (upper right atrium)",1
support devices,"multiple overlying leads, lower cervical/upper thoracic posterior spinal fixation hardware",1
support devices,left-sided port-a-cath (distal lead tip in distal svc),1
support devices,right upper extremity picc line (tip in mid svc region),1
support devices,posterior cervical spine,1
support devices,orogastric tube,1
support devices,"left-sided pacemaker, right atrium and right ventricle leads",1
support devices,"right proximal humerus, ivc filter (partially imaged)",1
support devices,left chest (pigtail chest tube) and right picc line,1
support devices,"left internal jugular vein, mid superior vena cava, trachea, stomach",1
support devices,endotracheal tube tip approximately 4.4 cm above the carina,1
support devices,"mid trachea, stomach",1
support devices,"right atrium, mid superior vena cava",1
support devices,within 1 cm of the carina,1
support devices,right port-a-cath tip in lower svc,1
support devices,"ng tube (thorax), right ij and subclavian lines (standard position)",1
support devices,"left clavicle, median sternum",1
support devices,"stomach, mid superior vena cava",1
support devices,"left internal jugular, right upper quadrant",1
support devices,"below diaphragm, right of spine, likely within stomach",1
support devices,ett and enteric tube in place,1
support devices,right ij venous line tip in mid svc,1
support devices,"pacemaker leads (right atrium, right ventricle) and port-a-cath tip (distal svc)",1
support devices,right anterior chest wall and right humeral head,1
support devices,left-sided picc (terminates in svc),1
support devices,post pyloric enteric tube,1
support devices,"left chest, lower svc",1
support devices,midline sternum and gallbladder region,1
support devices,"endotracheal tube 4.3 cm above carina, ng tube below diaphragm",1
support devices,"left pleural catheter (removed), right picc",1
support devices,"left-sided pacemaker, right-sided port-a-cath",1
support devices,right cervical rib,1
support devices,"endotracheal tube tip ~4.3cm above carina, nasogastric tube tip in upper stomach",1
support devices,"right atrium (below cavoatrial junction, uppermost part)",1
support devices,"enteric tube in mid stomach, endotracheal tube in good position, right subclavian central line near cavoatrial junction",1
support devices,"endotracheal tube (1.5cm above carina), left ij central catheter (mid svc), ng tube (stomach)",1
support devices,right-sided pacemaker and left-sided central venous catheter (tip in upper svc),1
support devices,left lower lung,1
support devices,"left chest wall, mediastinal region",1
support devices,right-sided pacemaker device with leads in right atrium and right ventricle,1
support devices,midline sternotomy wires and left basal chest tube,1
support devices,heart (post cabg),1
support devices,left side and right ventricle,1
support devices,cardiac silhouette and mediastinum,1
support devices,"esophagus, distal stomach",1
support devices,"endotracheal tube tip 4.2cm from carina; enteric tube below left hemidiaphragm, through stomach",1
support devices,ng tube (tip in stomach),1
support devices,biliary,1
support devices,posterior,1
support devices,right picc line tip over lower svc,1
support devices,"endotracheal tube, defibrillator wires, median sternotomy, aortic valve replacement (standard positions)",1
support devices,"midline sternotomy, prosthetic valve, dual lead pacer (right atrium/ventricle leads)",1
support devices,"ett at 3.5cm from carina, enteric tube left upper quadrant",1
support devices,"right lung, distal svc",1
support devices,left-sided (pacemaker) and right-sided (prior picc),1
support devices,"right upper abdominal quadrant, left upper abdominal area",1
support devices,"5 cm above carina, beyond thoracic inlet",1
support devices,sternal and left pectoral,1
support devices,"right upper quadrant, esophagus, left upper quadrant",1
support devices,"multiple (endotracheal tube, left ij catheter, left subclavian catheter, feeding tube, left chest tube tip at apex)",1
support devices,"left chest wall, median sternotomy, mediastinum",1
support devices,median sternotomy cerclage wires,1
support devices,sternum and right side,1
support devices,"beyond diaphragm, gastroesophageal junction",1
support devices,left glenoid,1
support devices,lingula,1
support devices,left anterior mid chest wall,1
support devices,cavoatrial junction or slightly below it,1
support devices,left mid and lower chest,1
support devices,left-sided with leads in right atrium and ventricle,1
support devices,"endotracheal tube, sternal wires, cervical stabilization devices",1
support devices,"right internal jugular vein, right atrium",1
support devices,"endotracheal tube above carina, orogastric tube in gastric fundus",1
support devices,"endotracheal tube (4cm above carina), nasogastric tube (stomach course)",1
support devices,"right hemithorax, thoracic",1
support devices,origin of svc,1
support devices,"left subclavian, mid superior vena cava",1
support devices,right chest wall (port-a-cath tip in low svc) and aortic region (metallic stent),1
support devices,"right internal jugular line at mid svc, aortic stent in descending thoracic aorta",1
support devices,"endotracheal tube tip 5cm above carina, nasogastric tube tip in middle stomach",1
support devices,base of the neck,1
support devices,left-sided pacemaker battery pack with leads in right ventricle and atrium,1
support devices,right port-a-cath tip at cavoatrial junction,1
support devices,thoracolumbar posterior,1
support devices,nasogastric tube below the diaphragm,1
support devices,endotracheal tube tip 4.5cm above carina,1
support devices,right mid superior vena cava,1
support devices,left lateral chest wall,1
support devices,"multiple support devices (endotracheal tube tip ~4.1cm from carina, enteric tube in stomach, left-sided port-a-cath tip in upper svc, ivc filter in upper abdomen)",1
support devices,right-sided port-a-cath terminating in right atrium,1
support devices,left of midline in upper abdomen,1
support devices,prosthetic valve and pacemaker lead to right ventricular apex,1
support devices,midline tracheostomy tube and right-sided pacemaker,1
support devices,"midline sternotomy, mediastinum, left chest wall (aicd lead to right ventricle)",1
support devices,multiple anatomical sites,1
support devices,below diaphragm with tip in stomach,1
support devices,"right ventricle, left hilar region",1
support devices,lower right,1
support devices,"endotracheal tube (2cm from carina), orogastric tube in stomach",1
support devices,mid-to-lower superior vena cava,1
support devices,"endotracheal tube (5.1 cm above carina), nasogastric tube",1
support devices,right brachiocephalic vein and svc,1
support devices,"right neck, right upper quadrant",1
support devices,"et tube: 5.8cm above carina; ng tube: beneath diaphragm, overlying fundus",1
support devices,right pulmonary artery (mediastinal portion),1
support devices,nasogastric tube to gastric antrum,1
support devices,"mediastinum, median sternotomy",1
support devices,left picc line in low superior vena cava region,1
support devices,left dual lead pacemaker (tips in right atrium and right ventricle),1
support devices,endotracheal tube tip 3.2 cm above carina,1
support devices,et tube ends 2.7 cm above carina,1
support devices,pacemaker with leads in right atrium and right ventricle,1
support devices,"og tube in upper stomach, endotracheal tube 5 cm above carina",1
support devices,"endotracheal tube (2.5 cm above carina), orogastric tube (stomach)",1
support devices,"et tube (3.7 cm above carina), ng tube (stomach, side port at ge junction), right-sided ij central venous catheter and picc (mid svc)",1
support devices,mediastinum and right axilla,1
support devices,"orogastric tube at gastric fundus, endotracheal tube 5.5 cm above carina at clavicular level",1
support devices,"right chest wall, lower svc",1
support devices,"right atrium, 8.5 cm below carina",1
support devices,bilateral pectoral,1
support devices,"endotracheal tube above carina, enteric tube in stomach, surgical clips right peritracheal region",1
support devices,"left apex, right mid superior vena cava",1
support devices,left pacer device,1
support devices,"left arm, mid svc",1
support devices,"endotracheal tube (1.8cm from carina), enteric tube (tip in stomach, side port at gastroesophageal junction)",1
support devices,cervicothoracic junction anterior vertebral body,1
support devices,"et tube above carina, ng tube tip in stomach, side hole in lower esophagus",1
support devices,right-sided port with catheter tip in mid svc,1
support devices,"left hemithorax, left upper quadrant",1
support devices,"left chest wall, right atrium",1
support devices,left port-a-cath tip in mid svc,1
support devices,"endotracheal tube above carina, enteric catheter in gastric fundus, sternotomy wires and vascular clips in mediastinum",1
support devices,"left-sided port (mid svc), right axilla, right breast, vertebral canal",1
support devices,"et tube, ng tube, left subclavian line, left-sided picc line",1
support devices,"et tube ~5cm from carina, enteric tube in stomach",1
support devices,middle parts of stomach,1
support devices,"endotracheal tube tip 4cm above carina, nasogastric tube in stomach",1
support devices,left of the midline chest,1
support devices,ng tube,1
support devices,"endotracheal tube tip 2cm from carina, orogastric tube tip in stomach, wires over left upper chest and bilateral lower lung fields (outside patient)",1
support devices,"endotracheal tube above carina, nasogastric tube in stomach",1
support devices,left picc in low svc,1
support devices,"endotracheal tube (tip ~3cm from carina), orogastric tube (side port in stomach)",1
support devices,cervical spine hardware,1
support devices,left-sided chest tube in situ,1
support devices,"right side, mid svc",1
support devices,"right central venous line, mid svc",1
support devices,endotracheal tube tip 4.5cm from carina; right central venous catheter tip over mid svc,1
support devices,"right atrium, right ventricle, aortic arch level",1
support devices,right base of neck,1
support devices,"endotracheal tube tip ~6.3cm from carina, enteric tube in stomach",1
support devices,"et, enteric, right picc, right ij line (tip at svc/ra junction)",1
support devices,"right femoral vein, right atrium, right axilla",1
support devices,"right chest wall port, catheter tip in mid-to-low svc",1
support devices,"endotracheal tube tip above carina, nasogastric tube tip at gastroesophageal junction",1
support devices,bilateral lower neck,1
support devices,"et tube near carina, enteric tube in stomach",1
support devices,"right pectoral, svc-ra junction",1
support devices,"endotracheal tube (mid trachea), orogastric tube (esophagus to stomach)",1
support devices,"right picc line, dobbhoff tube tip in stomach, endotracheal tube, nasogastric tube",1
support devices,left cavoatrial junction and left lower chest subcutaneous tissue,1
support devices,right internal jugular vein catheter in right atrium,1
support devices,"descending thoracic aorta, upper abdominal aorta, right basal pleurex catheter",1
support devices,right internal jugular central venous catheter tip in mid/low svc,1
support devices,tracheostomy tube; cervical spinal fixation hardware,1
support devices,"ng tube in stomach, left ij line in proximal svc",1
support devices,"endotracheal tube (1.5cm above carina), feeding tube (stomach), left subclavian catheter (proximal right atrium)",1
support devices,right mid svc and left mainstem bronchus distal aspect,1
support devices,"median sternotomy wires, right-sided port catheter in low svc",1
support devices,left picc in proximal right atrium,1
support devices,"right ventricle apex (pacemaker tip), corevalve",1
support devices,"esophagus, below diaphragm, stomach",1
support devices,thoracolumbar junction and upper lumbar spine,1
support devices,"right picc, lower superior vena cava",1
support devices,"right subclavian approach, tip at mid svc",1
support devices,"right internal jugular catheter, left-sided pacemaker",1
support devices,"right chest wall, left vagal nerve",1
support devices,"endotracheal tube above carina, right internal jugular line at lower svc",1
support devices,"right chest, central catheter",1
support devices,right internal jugular vein and enteric tube,1
support devices,endotracheal tube (good position) and right-sided picc (internal jugular vein),1
support devices,upper esophagus,1
support devices,"thoracic and upper lumbar spine, right neck",1
support devices,"midline sternum, mediastinum, upper abdomen",1
support devices,"right hemi thorax, right upper quadrant",1
support devices,"left pectoral, right internal jugular, stomach",1
support devices,right-sided port-a-cath tip in lower svc,1
support devices,"left single-lead pacemaker, median sternotomy wires",1
support devices,"left pectoral, coronary artery, mediastinal region",1
support devices,"main pulmonary artery outflow tract, clavicles level, ge junction",1
support devices,sternum and cardiac region,1
support devices,"endotracheal tube (4.7 cm above carina), nasogastric tube (stomach fundus), bilateral central venous catheters (satisfactory position)",1
support devices,"endotracheal tube above carina, orogastric tube to stomach fundus",1
support devices,nasogastric tube (stomach/ge junction),1
support devices,"right internal jugular vein (cavoatrial junction), tavr",1
support devices,"et tube (5.5cm above carina), ng tube (mid esophagus)",1
support devices,middle stomach,1
support devices,"esophagus, stomach, lower abdomen",1
support devices,right hemidiaphragm dome,1
support devices,right thoracostomy tube and orogastric tube (orogastric tube terminates just above diaphragm),1
support devices,"endotracheal tube tip 2.7cm above carina, right ij central venous catheter tip at brachiocephalic veins confluence, nasogastric tube not visualized",1
support devices,right ventricle and tricuspid valve region,1
support devices,cervical spinal canal,1
support devices,"left pectoral generator, right ventricular/atrial leads",1
support devices,midline sternum and cardiac region,1
support devices,"right ij central line (low svc), enteric tube (distal stomach)",1
support devices,"endotracheal tube (2.8cm above carina), enteric tube (stomach)",1
support devices,"axilla, coracoid, left upper chest and shoulder",1
support devices,endotracheal tube in mid trachea; ng tube in stomach,1
support devices,"gastric tube (fundus of stomach), endotracheal tube (2 cm above carina)",1
support devices,"left-sided central venous access lines, endotracheal tube",1
support devices,near aortic knob,1
support devices,left ventral chest wall and right upper abdomen,1
support devices,above carina and below diaphragm,1
support devices,lower anterior cervical spine,1
support devices,"anterior mediastinum, sternum",1
support devices,right ij to cavoatrial junction,1
support devices,"posterior cervical, left chest, upper left abdomen",1
support devices,"left ribs, right shoulder",1
support devices,"et tube tip ~3cm from carina, enteric tube below inferior field",1
support devices,"right picc, high right atrium",1
support devices,thoraco lumbar,1
support devices,"right internal jugular, lower svc",1
support devices,distal trachea,1
support devices,stomach (lower body/proximal antrum),1
support devices,"ett (3.7cm from carina), enteric tube in second duodenal portion",1
support devices,lower c-spine,1
support devices,left-sided catheter tip to mid svc,1
support devices,left chest port in mid svc,1
support devices,stomach (enteric tube tip),1
support devices,"median sternotomy, mediastinum, left chest wall",1
support devices,"et tube 5.5 cm above carina, enteric tube in stomach, median sternotomy wires",1
support devices,right chest wall port catheter (distal svc tip),1
support devices,"endotracheal tube near carina, orogastric tube in stomach",1
support devices,nasogastric tube (proximal stomach) and left pectoral port-a-cath,1
support devices,"left chest wall, right ventricle, right atrium",1
support devices,left picc at cavoatrial junction and dobhoff tube below diaphragm,1
support devices,mid to distal left clavicle,1
support devices,"left breast, lower c-spine, low chest and upper abdomen",1
support devices,"et tube above carina, ng tube in stomach fundus",1
support devices,thoracic wall,1
support devices,"endotracheal tube tip 6 cm above carina, enteric tube at distal esophagus",1
support devices,"endotracheal tube 2.5cm above carina; enteric tube below diaphragm, proximal stomach, distal esophagus",1
support devices,sternotomy wires and mediastinal clips,1
support devices,ng tube in antrum of stomach,1
support devices,"endotracheal tube 5 cm from carina, enteric tube past diaphragm",1
support devices,distal svc and right upper quadrant,1
support devices,"enteric tube below diaphragm, past ge junction",1
support devices,"left-sided central line, endotracheal tube, feeding tube",1
support devices,"left pectoral region, right ventricle",1
support devices,"left-sided dialysis catheter, right axillary and upper arm stents",1
support devices,"jugular vein level, upper mid portion of svc",1
support devices,"overlying chest, right upper quadrant",1
support devices,"endotracheal tube 5.0 cm above carina, orogastric tube within stomach, left ij central venous catheter at mid svc",1
support devices,right internal jugular vein (tip at upper svc),1
support devices,trachea (ett) and stomach (ng tube),1
support devices,right svc mid portion (2 cm below carina),1
support devices,right side and lateral left lung field,1
support devices,right-sided pacer device,1
support devices,"left pectoral, tricuspid valve region, left ventricle, right subclavian, upper svc, median sternotomy",1
support devices,"median sternotomy, mediastinum, coronary artery",1
support devices,"right atrium, right ventricle, median sternotomy",1
support devices,"endotracheal tube above carina, enteric tube below diaphragm, left-sided port at proximal svc junction",1
support devices,"dual lead pacemaker, et tube (5cm above carina), right subclavian line (svc)",1
support devices,"endotracheal tube 5.6cm above carina, nasogastric tube below diaphragm, right internal jugular catheter at brachiocephalic veins",1
support devices,"nasogastric tube tip at proximal stomach, sidehole at gastroesophageal junction",1
support devices,proximal bronchus intermedius,1
support devices,"left chest wall, mid thoracic trachea, below diaphragm",1
support devices,"endotracheal tube, nasogastric tube, right subclavian catheter",1
support devices,left hemodialysis catheter terminating at right atrium,1
support devices,"mediastinum, right breast, midline sternum",1
support devices,"mid to lower left hemithorax, left of midline",1
support devices,"esophagus and stomach, distal tip past lateral gastric air shadow",1
support devices,"endotracheal tube above carina, enteric tube in stomach, left chest tube at left lung apex",1
support devices,"endotracheal tube, enteric tube, right-sided venous catheter",1
support devices,"left anterior axillary position, right atrial appendage, right ventricular apex",1
support devices,right-sided central line,1
support devices,tracheostomy tube and right picc line,1
support devices,lumbar spine hardware,1
support devices,2 cm from carina,1
support devices,"right subclavian catheter tip (mid-to-lower svc), dual-channel pacer device",1
support devices,"post pyloric region (initial), stomach region (subsequent)",1
support devices,abdominal midline,1
support devices,endotracheal tube tip ~6.5 cm from carina,1
support devices,left lower neck region and mediastinal structures,1
support devices,"endotracheal tube 7 cm above carina, enteric tube above ge junction",1
support devices,"upper/mid svc, left supraclavicular region",1
support devices,"right ij catheter, et tube, ng tube",1
support devices,left brachiocephalic vein and svc,1
support devices,right-sided picc line in low svc,1
support devices,"endotracheal tube tip at carina, nasogastric tube below diaphragm, right internal jugular central venous catheter at mid-to-lower svc",1
support devices,lower svc just above cavoatrial junction,1
support devices,"left cavoatrial junction, right thorax, esophagus",1
support devices,"dobbhoff tube tip in stomach, proximal portion at ge junction; right hemodialysis catheter in right atrium",1
support devices,"right hemithorax, midline sternum, mediastinum",1
support devices,mid thoracic vertebral bodies posteriorly,1
support devices,"endotracheal tube above carina, enteric tube below diaphragm",1
support devices,right internal jugular central venous line at superior cavoatrial junction,1
support devices,"ng tube along thoracic midline, endotracheal tube tip 4.3 cm above carina",1
support devices,left-sided permanent pacemaker leads in right atrium and right ventricle,1
support devices,"endotracheal tube (1.1cm above carina), nasogastric tube below diaphragm",1
support devices,endotracheal tube tip (4cm above carina),1
support devices,"et tube (2cm from carina), enteric tube (stomach), right ij (mid svc), pacer leads (right atrium/ventricle)",1
support devices,mid lungs bilaterally,1
support devices,"upper abdomen, proximal jejunum",1
support devices,"left axilla, heart base",1
support devices,"stomach, svc, left chest",1
support devices,gastroesophageal junction and right upper quadrant of abdomen,1
support devices,left chest cardiac conduction device,1
support devices,left chest port-a-cath at cavoatrial junction,1
support devices,ng tube in fundus of stomach (below diaphragm); endotracheal tube,1
support devices,"left aicd, right picc in low svc",1
support devices,left-sided port-a-cath terminating in proximal right atrium,1
support devices,median sternotomy wires and epicardial pacer leads,1
support devices,left-sided port,1
support devices,right mediastinum/hilar region,1
support devices,"endotracheal tube (tip ~3.5cm from carina), esophageal tube (tip below diaphragm)",1
support devices,right subclavian catheter in low svc,1
support devices,right internal jugular vein catheter tip over mid svc,1
support devices,"endotracheal tube tip 6.9 cm from carina, enteric tube tip in stomach, side port above gastroesophageal junction",1
support devices,lower left hemithorax,1
support devices,"endotracheal tube tip (3.5cm from carina), enteric tube tip in stomach",1
support devices,"right apex, left apex",1
support devices,left upper extremity picc,1
support devices,"endotracheal tube (5.7cm above carina), right internal jugular catheter (mid svc)",1
support devices,pericardial,1
support devices,"endotracheal tube tip approximately 6 cm above carina, nasogastric tube",1
support devices,cervical spine and upper abdomen,1
support devices,right atrium and heart,1
support devices,"endotracheal tube above carina, cvc in proximal right internal jugular vein, enteric tube below diaphragm",1
support devices,right ij central venous catheter tip at superior vena cava,1
support devices,left-sided pacemaker with lead tips over right atrium and right ventricle,1
support devices,"et tube above carina, right ij venous line in right atrium, right chest tube, pericardial drain, og tube",1
support devices,right internal jugular central venous catheter tip in proximal right atrium,1
support devices,right mid chest and neck,1
support devices,anterior left upper quadrant of the abdomen,1
support devices,"right axillary clips, left breast clips",1
support devices,"stomach region, left pectoral, right atrium/ventricle, left ventricle",1
support devices,"endotracheal tube (4.6 cm above carina), nasogastric tube (stomach)",1
support devices,right svc-right atrium junction,1
support devices,"left lung base, right subclavian, proximal svc",1
support devices,"endotracheal tube 5.9 cm above carina, nasogastric tube in stomach (side port beyond gastroesophageal junction)",1
support devices,cardiac (dual lead pacemaker) and lumbar fusion hardware,1
support devices,"endotracheal tube (3 cm above carina), orogastric tube (below diaphragm, tip over gastric fundus)",1
support devices,"endotracheal tube (4.6cm from carina), nasogastric tube (stomach), right internal jugular vein catheter (mid svc)",1
support devices,"mediastinum, right axilla",1
support devices,right breast/chest,1
support devices,et tube tip 5.1 cm from carina,1
support devices,cervical paratracheal,1
support devices,left pacemaker and lead,1
support devices,"sternum, anterior mediastinum, ventriculoperitoneal region",1
support devices,et tube tip 6.5 cm above carina,1
support devices,"right picc line, esophageal stents",1
support devices,right central venous catheter,1
support devices,distal antrum,1
support devices,"right pulmonary artery, aorta, sternum",1
support devices,nasogastric tube (tip at gastroesophageal junction),1
support devices,"et tube at 4cm from carina, ng tube sidehole in mid gastric cavity, right jugular catheter in mid svc",1
support devices,left (tip in lower superior vena cava),1
support devices,lower right neck,1
support devices,"enteric tube in stomach, right-sided picc line in lower svc",1
support devices,"et tube (2.1cm from carina), enteric tube in stomach",1
support devices,"bilateral upper quadrants, partially visualized ivc filter",1
support devices,prosthetic valve and midline sternal wires,1
support devices,sternum and heart,1
support devices,"endotracheal tube 3 cm above carina, aortic stent graft in unchanged position",1
support devices,"et tube (mid clavicular heads, 4.8cm from carina), ng tube (beneath diaphragm), right ij line (mid svc), clips (upper mediastinum)",1
support devices,"left lower svc, right mid svc and proximal right atrium",1
support devices,"et tube above carina, swan-ganz in right pulmonary artery, ng tube in adequate position",1
support devices,"bilateral chest tubes, left-sided picc line",1
support devices,right mid-to-lower svc,1
support devices,"right internal jugular catheter (mid-upper svc), enteric tube (ge junction, distal esophagus)",1
support devices,stomach area,1
support devices,stomach and right neck,1
support devices,tricuspid valve,1
support devices,nasogastric tube (tip 3-4 cm below gastroesophageal junction),1
support devices,left upper lung field,1
support devices,endotracheal tube tip ~1cm above carina; ng tube side port below ge junction,1
support devices,mid trachea (endotracheal tube) and stomach (nasogastric tube),1
support devices,left port-a-cath at cavoatrial junction and pleurx (distal end hard to assess),1
support devices,humerus,1
support devices,"trachea, stomach",1
support devices,"right cavoatrial junction (picc tip), stomach (enteric tube)",1
support devices,"midline sternum, cardiac, right humeral head",1
support devices,cervical spine hardware and endotracheal tube at mid thoracic trachea,1
support devices,lower thoracic vertebrae,1
support devices,"endotracheal tube tip ~4cm above carina, nasogastric tube in stomach",1
support devices,endotracheal tube tip 1.8 cm above carina,1
support devices,"enteric tube below diaphragm, endotracheal tube stable, right internal jugular cvc in low svc",1
support devices,right internal jugular catheter terminating in distal svc,1
support devices,"right chest wall, lower svc (tip)",1
support devices,"ett, enteric tube, right ij catheter",1
support devices,thoracic spinal canal,1
support devices,trachea (7 cm above carina),1
support devices,"right abdomen, distal stomach/gastric antrum",1
support devices,"left pic line in svc, et tube, nasogastric tube",1
support devices,left-sided picc (distal svc/cavoatrial junction); partially imaged catheter (right upper quadrant),1
support devices,"right chest wall, upper abdomen",1
support devices,right picc line (tip projecting over right atrium),1
support devices,"cervical and thoracic spine, superior vena cava, left humeral head",1
support devices,"endotracheal tube ~4.5cm above carina, pacemaker in right ventricle",1
support devices,endotracheal tube 4.6cm above carina; left internal jugular vein catheter,1
support devices,"endotracheal tube (3cm above carina), orogastric tube (distal esophagus/hypopharynx)",1
support devices,chest and upper abdomen,1
support devices,cervical spinal,1
support devices,lower cervical and upper thoracic anterior spine,1
support devices,"medial left lower chest, anterior left 4th-5th ribs, superficial anterior chest skin (possibly protruding)",1
support devices,et tube tip ~3.5cm above carina; og tube tip beneath diaphragm into abdomen,1
support devices,cardiac leads and wires,1
support devices,"tracheostomy tube in standard position, gastrostomy tube over left upper quadrant of abdomen",1
support devices,overlying ekg leads,1
support devices,"endotracheal tube above carina, nasogastric tube into stomach",1
support devices,"right central venous access line, endotracheal tube, nasogastric tube",1
support devices,upper esophagus and stomach,1
support devices,right chest wall (tip in right atrium),1
support devices,"endotracheal tube tip 0.5cm from carina, enteric tube tip in gastric body",1
support devices,"overlying leads, right humeral head anchor",1
support devices,right chest tube (standard position),1
support devices,"mitral valve, left hilar, sternum",1
support devices,right upper quadrant and left upper quadrant,1
support devices,"endotracheal tube, dobbhoff tube tip in stomach",1
support devices,"right picc line (distal svc, cavoatrial junction), sternotomy wires, right lung base surgical clip",1
support devices,endotracheal tube tip 4 mm above carina,1
support devices,right internal jugular to superior cavoatrial junction,1
support devices,right picc and tracheostomy tube,1
support devices,right port catheter tip in mid-to-low svc,1
support devices,"endotracheal tube tip 2.6cm from carina, enteric tube tip over gastric body",1
support devices,"endotracheal tube (3.6 cm from carina), orogastric tube (tip in stomach, side port near gastroesophageal junction)",1
support devices,right-sided central venous catheter,1
support devices,right picc (mid svc),1
support devices,"endotracheal tube (tip 8.5cm above carina), nasogastric tube",1
support devices,upper and lower vertebrae,1
support devices,"endotracheal tube 2.7cm above carina, ng tube in stomach",1
support devices,endotracheal tube 4.8 cm above carina,1
support devices,lower third of esophagus,1
support devices,"left-sided chest tube, right-sided picc, et tube 4.3 cm above carina",1
support devices,"median sternotomy, mediastinum, left upper abdomen",1
support devices,"intra aortic balloon pump in proximal descending aorta, swan-catheter in proximal right pulmonary artery",1
support devices,"right internal jugular venous catheter, left icd",1
support devices,"feeding tube tip below diaphragm (proximal stomach), median sternotomy wires",1
support devices,"endotracheal tube in mid trachea, nasogastric tube in stomach",1
support devices,midline upper abdomen,1
support devices,pacemaker leads over coronary sinus and right ventricle,1
support devices,"anterior lower neck, nipples",1
support devices,"endotracheal tube (4.1 cm above carina), enteric catheter (below diaphragm)",1
support devices,"multiple (et tube, right chest tube, ng tube)",1
support devices,left subclavian vessel,1
support devices,"left chest wall, right atrium, right ventricular apex",1
support devices,bilateral humeral head,1
support devices,"sternum, mediastinum, heart",1
support devices,inferior to right hemidiaphragm,1
support devices,"multiple sites (endotracheal tube, left subclavian cvc, left picc, right implanted catheter, feeding tube)",1
support devices,"endotracheal tube 3.8 cm above carina, right picc line in lower svc",1
support devices,nasogastric tube in esophagus and upper abdomen (tip not visualized beyond upper esophagus),1
support devices,pacemaker leads inferior to pacemaker,1
support devices,"ett (5cm above carina), right internal jugular cvc (lower svc), ng tube (below diaphragm), left chest tube (posterior lateral pleural sinus), mediastinal drainage tube",1
support devices,"median sternotomy, mediastinum, coronary arteries",1
support devices,cervical spinal fusion hardware,1
support devices,lumbar spine and left glenoid,1
support devices,"midline sternum, prosthetic cardiac valve",1
support devices,right-sided pic line in mid svc and cervical spine metallic hardware,1
support devices,left-sided pic line in mid svc,1
support devices,trachea (tip 4.5 cm above carina),1
support devices,"right jugular catheter, et tube, ng tube",1
support devices,left lung field,1
support devices,"multiple locations including midline, right internal jugular, paramediastinal below clavicle, right cardiomediastinal junction, central heart",1
support devices,left chest wall pacemaker generator and leads,1
support devices,"right internal jugular vein, feeding tube",1
support devices,"right humerus, lower cervical spine",1
support devices,"right internal jugular vein, sternum",1
support devices,"endotracheal tube above carina, gastric tube below diaphragm, bilateral pacer wires",1
support devices,"endotracheal tube above carina, nasogastric tube in fundus",1
support devices,"right hemithorax, midline sternum, right upper quadrant",1
support devices,left-sided upper to mid svc,1
support devices,"enteric tube (gastric lumen), right internal jugular central venous catheter, thoracic lines",1
support devices,"right hemithorax, left lung base",1
support devices,left-sided port terminating in low svc,1
support devices,mid and left upper abdomen,1
support devices,left lung base and medial right lung apex,1
support devices,"distal stomach, mid svc, low svc, mid chest",1
support devices,"endotracheal tube above carina, enteric catheter in distal esophagus and pharynx",1
support devices,endotracheal tube (unchanged position),1
support devices,left-sided port-a-cath terminating in mid svc,1
support devices,"intra-aortic balloon pump at superior aspect of aortic arch, other indwelling devices",1
support devices,"mid thoracic trachea, mid svc, below diaphragm",1
support devices,"swan-ganz catheter (expected position), median sternotomy wires",1
support devices,multiple ekg leads,1
support devices,"left chest tube, left subclavian catheter",1
support devices,"right jugular vein, trachea",1
support devices,right subclavian port with tip in proximal right atrium,1
support devices,"multiple anatomical sites (gastric fundus, above carina, right atrium)",1
support devices,"left subclavian port, tip in lower svc",1
support devices,right shoulder level,1
support devices,"anterior mediastinum, right upper quadrant abdomen",1
support devices,cervical and thoracic spine,1
support devices,"right-sided chest wall, right atrium, right ventricle",1
support devices,"right internal jugular, gastric fundus",1
support devices,"right internal jugular line (mid svc), enteric tube (stomach/ge junction)",1
support devices,"nasogastric tube (tip in gastric fundus, sidehole at gastroesophageal junction); right internal jugular central venous catheter",1
support devices,above carina and within svc,1
support devices,thoracic inlet at thyroid level,1
support devices,thoracolumbar junction/upper lumbar spine,1
support devices,"right hemithorax, left hemithorax, esophagus",1
support devices,"left chest wall, ra svc junction",1
support devices,thoracic spine to lower film level,1
support devices,"left hilum, median sternum",1
support devices,"endotracheal tube 6 cm above carina, ng tube in esophagus and stomach",1
support devices,"et tube near carina, enteric tube in stomach, left chest tube in left upper hemithorax",1
support devices,brachicephalic vascular,1
support devices,over the liver,1
support devices,right internal jugular vein (superior to right brachiocephalic vein),1
support devices,left-sided dual-lumen catheter,1
support devices,"endotracheal tube (3cm from carina), orogastric tube (below diaphragm, stomach), vp shunt catheter (right neck, chest, upper abdomen)",1
support devices,right hilar area,1
support devices,"et tube above carina, ng tube under diaphragm, left chest tube near left apex",1
support devices,right-sided hemodialysis catheter terminating in right atrium,1
support devices,nasogastric tube (stomach),1
support devices,new nasogastric tube and dobbhoff catheter tip at proximal-middle stomach,1
support devices,right lung base and soft tissues adjacent to right lateral ribs,1
support devices,"multiple (upper svc, left midline, fundus of stomach)",1
support devices,"distal third of esophagus (nasogastric tube), right chest (chest tube)",1
support devices,left port-a-cath and vertebral stabilization devices,1
support devices,left chest wall and right neck soft tissues into the chest,1
support devices,right-sided cavoatrial junction region,1
support devices,left lower chest,1
support devices,"upper svc, right basal, posterolateral pleural sinus",1
support devices,ett tip ~2.5cm from carina; right internal jugular vein sheath in upper svc; enteric tube in left upper quadrant stomach,1
support devices,ng tube and right picc,1
support devices,mediastinal clips and sternal wires,1
support devices,"right internal jugular, right atrium; left pectoral, right atrium and right ventricle",1
support devices,"right picc, thoracic spinal hardware",1
support devices,"right supraclavicular, superior cavoatrial junction region",1
support devices,small bowel,1
support devices,"et tube (7cm from carina), right picc line, enteric tube in stomach",1
support devices,"left chest wall, right atrium, right ventricular apex, coronary sinus, cardiac",1
support devices,right internal jugular central venous line,1
support devices,"left internal jugular, proximal right subclavian vein",1
support devices,"lower mediastinum, gastroesophageal junction",1
support devices,"endotracheal tube tip ~2.7cm above carina, nasogastric tube in stomach",1
support devices,mid thoracic and lower,1
support devices,left subclavian approach,1
support devices,right internal jugular central line (distal lead tip in distal svc),1
support devices,mediastinum and median sternotomy area,1
support devices,"right upper chest wall, midline sternum, coronary artery",1
support devices,below inferior field of view,1
support devices,"endotracheal tube tip 2.2 cm above carina, nasogastric tube in left upper abdomen",1
support devices,at or just below cavoatrial junction,1
support devices,"above superior cavoatrial junction, stomach, right upper quadrant",1
support devices,left-sided picc line with tip at lower svc,1
support devices,right ij access dialysis catheter tip in low svc,1
support devices,right subclavian and right atrium,1
support devices,"et tube (4.3cm from carina), right picc (lower right atrium), feeding tube (stomach), left chest wall aicd",1
support devices,left chest wall and left axilla,1
support devices,"nasogastric tube in left lower lobe bronchus, left pectoral pacemaker",1
support devices,"right arm, upper svc",1
support devices,"right cavoatrial junction, lower esophagus",1
support devices,"right jugular, mid svc",1
support devices,right perihilar region and posterior inferior hemithorax,1
support devices,left-sided aicd and right upper quadrant drain,1
support devices,"rij vein (upper/mid svc), mediastinum, right basilar chest",1
support devices,right picc line (tip at cavoatrial junction),1
support devices,esophageal catheter and endotracheal tube in standard position,1
support devices,right basilar pigtail catheter,1
support devices,"spinal canal, inferior vena cava",1
support devices,"right main bronchus, left subclavian vein",1
support devices,right middle lobe,1
support devices,"central venous catheter (mid/low svc), endotracheal tube (standard position), enteric tube (stomach), right shoulder arthroplasty",1
support devices,"et tube 3 cm above carina, ng tube beyond inferior edge of film",1
support devices,right chest tube with tip at right lung apex,1
support devices,"stomach (enteric tube tip), distal esophagus (side port), left chest wall (port with catheter)",1
support devices,"et tube above carina, ng tube below diaphragm",1
support devices,"mid thoracic trachea, left hemidiaphragm",1
support devices,right chest wall and mid-to-lower svc,1
support devices,appropriate locations,1
support devices,"endotracheal tube (4cm above carina), orogastric tube (cardia of stomach, sidehole in lower esophagus)",1
support devices,pyloric region,1
support devices,left-sided pacemaker leads,1
support devices,"right atrial lead, right ventricular lead",1
support devices,"endotracheal tube 6.4cm above carina, left-sided picc, enteric tube below field of view",1
support devices,"endotracheal tube 4.2cm above carina, ng tube in distal stomach",1
support devices,"ett above carina, enteric tube distal to ge junction, right ij introducer",1
support devices,orogastric tube below diaphragm; et tube tip 1.4 cm above carina,1
support devices,proximal parts of the stomach,1
support devices,"left pectoral, sternum, aortic valve",1
support devices,"left side (leads in right atrium, right ventricle)",1
support devices,stomach and trachea,1
support devices,endotracheal tube below thoracic inlet (5cm above carina); orogastric tube into stomach,1
support devices,endotracheal tube tip above carina and endogastric tube in mid upper abdomen,1
support devices,"left port-a-cath, mid svc",1
support devices,left anterior descending coronary artery,1
support devices,"endotracheal tube above carina, ng tube esophagus above diaphragm, right central catheter lower svc",1
support devices,"enteric catheter (below diaphragm, within stomach)",1
support devices,"et tube 6cm above carina, ng tube off film",1
support devices,median sternotomy wires and surgical clips,1
support devices,et tube tip at carina; enteric tube past ge junction,1
support devices,bilateral clavicle,1
support devices,left lower lobe,1
support devices,"nasogastric tube, endotracheal tube, right subclavian vein catheter",1
support devices,ng tube (tip at proximal stomach),1
support devices,"right ij vein, low svc region",1
support devices,right chest wall (catheter tip in right atrium),1
support devices,left-sided dual-chamber pacemaker (leads in right atrium/ventricle),1
support devices,left-sided dual-chamber pacemaker with right atrial/ventricular leads,1
support devices,"ng tube at pylorus region, left port below ge junction",1
support devices,endotracheal tube (7cm above carina) and orogastric tube (in stomach),1
support devices,"right internal jugular vein, mid-lower superior vena cava, cervical spine",1
support devices,left upper/mid abdomen,1
support devices,"right main pulmonary artery (swan-ganz catheter), standard position (ett)",1
support devices,right internal jugular catheter tip at svc-right atrium junction,1
support devices,lower mediastinum and lower esophagus,1
support devices,median sternotomy region,1
support devices,"og tube in proximal stomach, subclavian line in svc",1
support devices,bilateral nipple rings,1
support devices,"endotracheal tube (above carina), ng tube (upper stomach)",1
support devices,"left chest wall, sternum",1
support devices,right picc terminating in low svc and spinal hardware,1
support devices,right subclavian (tip at cavoatrial junction),1
support devices,"right lateral 5th, 6th, 7th ribs",1
support devices,"multiple overlying ekg leads, tiny surgical clips over left hemithorax",1
support devices,proximal stomach and distal svc,1
support devices,"multiple sites (above carina, left pectoral, right upper abdomen, right upper lobe)",1
support devices,right-sided picc line tip outside rib cage,1
support devices,right picc line (lower svc),1
support devices,"multiple (endotracheal tube above carina, ng tube below diaphragm, left chest wall defibrillator wire, sternotomy cerclage wires, mediastinal clips)",1
support devices,"ett 4.5cm above carina, right ij in low svc, ng tube below diaphragm",1
support devices,"stomach (dobbhoff catheter), 3 cm above carina (endotracheal tube)",1
support devices,"neck, left supraclavicular region, right upper quadrant, cervical spine",1
support devices,stomach (proximal stomach side port),1
support devices,"cervical spine, mid upper abdomen",1
support devices,proximal right humerus,1
support devices,right ij catheter extending to lower svc,1
support devices,right mid and lower lung periphery,1
support devices,"right internal jugular vein, left pectoral, sternum, vertebrae",1
support devices,"proximal right atrium (catheter), endotracheal/enteric tubes",1
support devices,"et tube 44mm above carina, swan-ganz catheter tip in right pulmonary artery, enteric tube tip in stomach body",1
support devices,"bilateral chest tubes, right upper quadrant peritoneal drain, multiple surgical clips",1
support devices,right-sided picc (tip in left subclavian vein and right axillary vein),1
support devices,nasogastric tube and left central venous access line,1
support devices,right-sided picc line (tip in right atrium),1
support devices,"upper abdomen, right of midline",1
support devices,base of neck,1
support devices,"left chest wall, right shoulder, lumbar spine",1
support devices,"right-sided picc (tip mid svc), surgical catheters over left upper abdomen",1
support devices,left hemi abdomen,1
support devices,breasts,1
support devices,endotracheal tube tip above carina,1
support devices,"right chest port, cavoatrial junction",1
support devices,right picc line tip at cavoatrial junction,1
support devices,"ett tip near carina, port-a-cath over right atrium, enteric tube in left upper mid abdomen",1
support devices,"right lung base, posterior to thoracic spine",1
support devices,multiple thoracic and lumbar levels,1
support devices,left-sided picc line tip over mid svc,1
support devices,endotracheal tube tip 3.6cm above carina,1
support devices,left basilar,1
support devices,right-sided port-a-cath tip at cavoatrial junction,1
support devices,"below clavicular heads, 2 cm above carina",1
support devices,right internal jugular central venous line and nasogastric tube,1
support devices,"endotracheal tube 4.2cm above carina, orogastric tube in stomach",1
support devices,"left shoulder, left chest",1
support devices,endotracheal tube (tip 4.4 cm above carina),1
support devices,left pectoral and median sternotomy,1
support devices,right upper quadrant abdomen and right picc,1
support devices,"left-sided, left upper abdomen",1
support devices,"orogastric tube in stomach, endotracheal tube 2.6 cm above carina",1
support devices,"et tube 6 cm above carina, nasogastric tube side port in stomach",1
support devices,right chest tube and left picc,1
support devices,left upper quadrant and thyroid bed,1
support devices,left mid lung and left lung base,1
support devices,"right chest wall, left upper abdominal quadrant",1
support devices,left-sided picc in distal svc,1
support devices,"endotracheal tube 3.5 cm above carina, nasogastric tube below diaphragm into stomach",1
support devices,"right ventricle, lower right hemithorax",1
support devices,"endotracheal tube tip 6.8cm from carina, orogastric tube tip below gastroesophageal junction, side port in distal esophagus",1
support devices,left brachiocephalic artery,1
support devices,"endotracheal tube tip 5-6 cm above carina, right internal jugular vein catheter over upper svc",1
support devices,dobbhoff tube tip at central stomach,1
support devices,"left-sided port-a-cath, distal svc/cavoatrial junction",1
support devices,"nasogastric tube in stomach, endotracheal tube 3cm above carina",1
support devices,right main bronchus proximal,1
support devices,"et tube above carina, ng tube above ge junction",1
support devices,left-sided picc line with tip in lower svc,1
support devices,right paramediastinal region,1
support devices,right medial pleural surface,1
support devices,"left pectoral region, endotracheal and orogastric tubes",1
support devices,"multiple sites (endotracheal tube tip cranial to carina, left picc tip over upper svc)",1
support devices,"right-sided, low svc",1
support devices,"duo lead cardiac device, median sternotomy wires, mechanical mitral valve, left sided picc line (tip in left svc)",1
support devices,"endotracheal tube (3.6 cm above carina), enteric tube (gastric body/ge junction)",1
support devices,"right picc at cavoatrial junction, sternal sutures, prosthetic cardiac valve",1
support devices,"endotracheal tube tip 3.9 cm from carina, nasogastric tube in stomach, underlying trauma backboard",1
support devices,"endotracheal tube (2.7cm above carina), enteric catheter (below diaphragm, within stomach)",1
support devices,"right axillary stents, left dual-lumen dialysis catheter",1
support devices,posterior lumbar spine and heart,1
support devices,"right upper extremity, lower svc",1
support devices,midline left chest,1
support devices,left medial lung base,1
support devices,"thoracic spine, upper lumbar spine",1
support devices,anterior abdomen (gastric lap band),1
support devices,bilateral nipples,1
support devices,mid svc region,1
support devices,internal jugular vein,1
support devices,"endotracheal tube above carina, enteric tube over gastric body",1
support devices,"endotracheal tube tip above carina, right picc line",1
support devices,icd with lead in right ventricle,1
support devices,abdominal aortic graft,1
support devices,"right ij access, left chest wall, midline sternotomy",1
support devices,right picc with tip in mid svc,1
support devices,right subclavian picc line to mid-to-lower svc,1
support devices,"ng tube (stomach, ge junction level), epidural catheter (left hemithorax)",1
support devices,left-sided port-a-cath at upper right atrium,1
support devices,right-sided picc,1
support devices,"endotracheal tube above carina, ng tube left upper quadrant, central venous catheter mid superior vena cava",1
support devices,mediastinum and sternotomy site,1
support devices,"left subclavian central venous catheter, endotracheal tube, esophageal catheter",1
support devices,right picc line and right abdominal drain,1
support devices,right chest port catheter in low svc; surgical clips in right upper quadrant,1
support devices,et tube and bilateral central lines,1
support devices,"endotracheal tube, orogastric tube, left subclavian central venous catheter",1
support devices,"nasogastric tube, left hemodialysis catheter",1
support devices,right port at cavoatrial junction,1
support devices,left side of lower trachea in mediastinum,1
support devices,"right lateral lung apex, spinal",1
support devices,"trachea, tip 3.6 cm above carina",1
support devices,"below diaphragm, near ge junction",1
support devices,"endotracheal tube (4.3cm above carina), orogastric tube (tip in gastric fundus)",1
support devices,picc line in mid-to-lower svc,1
support devices,left-sided svc above cavoatrial junction,1
support devices,"orogastric tube, endotracheal tube (tip 3cm above carina)",1
support devices,left neck,1
support devices,right mid lung field,1
support devices,et tube 3 cm above carina; enteric tube side port over gastric body,1
support devices,"soft tissues of mid back, central spinal canal",1
support devices,"dobbhoff line in stomach corpus, ett in trachea 3cm above carina, picc line in lower svc",1
support devices,"endotracheal tube tip 4.1 cm from carina, enteric tube below field of view",1
support devices,"left anterior axillary position, right internal jugular, right atrium, right ventricle, right lower pulmonary artery",1
support devices,"right internal jugular vein, right cavoatrial junction",1
support devices,"chest bases, right internal jugular vein",1
support devices,"right picc, proximal svc",1
support devices,partially imaged vertebrae,1
support devices,endotracheal tube low above carina,1
support devices,"sternotomy site, left chest wall, right atrium, right ventricle, left ventricle",1
support devices,"thoracic inlet, upper airway",1
support devices,"endotracheal tube tip 3.7cm above carina, ng tube in stomach",1
support devices,right atrium (dialysis catheter tip),1
support devices,right main bronchus,1
support devices,"body of stomach, side hole distal to esophagogastric junction",1
support devices,"left chest wall, low svc region",1
support devices,"left picc line (distal svc), transcutaneous epicardial pacer leads",1
support devices,"endotracheal tube in left main stem bronchus, central venous catheters in right ij and left subclavian, ng tube in stomach",1
support devices,"right clavicle, mid svc",1
support devices,"et tube (5 cm from carina), enteric tube (below diaphragm), right-sided ij (superior svc)",1
support devices,"cervical spine, right humeral head, mid thoracic spine",1
support devices,right supraclavicular catheter tip in lower svc,1
support devices,"endotracheal tube (5.3cm above carina), enteric tube (distal esophagus), right internal jugular cvc (cavoatrial junction)",1
support devices,"endotracheal tube (3cm above carina), orogastric tube (stomach)",1
support devices,"et tube ~4.2cm above carina, enteric tube in distal esophagus",1
support devices,left internal jugular central line tip at junction of left brachiocephalic vein and superior vena cava,1
support devices,left subclavian central venous catheter (terminates in lower superior vena cava),1
support devices,"endotracheal tube tip 3cm above carina, orogastric tube coiled in neck",1
support devices,sternal wires and left picc line,1
support devices,left chest wall with leads in right atrium and right ventricle,1
support devices,"right internal jugular central venous catheter (tip mid svc) and feeding tube (tip below diaphragms, beyond fov)",1
support devices,"right neck, thorax, upper abdomen; left low svc",1
support devices,endotracheal tube tip 3cm above carina,1
support devices,right atrium and proximal anterior right ventricle,1
support devices,"left hemithorax suprahilar, left lower lobe peripheral",1
support devices,right pleural catheter,1
support devices,"enteric tube mid stomach, et tube standard position, right picc mid svc, left chest tube apex",1
support devices,right ij central venous catheter (tip near mid svc),1
support devices,"endotracheal tube above carina, og tube in stomach, cardiac devices in right atrium and right ventricle",1
support devices,"et tube 3.8cm above carina; ng tube below diaphragm, ge junction, stomach",1
support devices,"cardiac valve, midline sternotomy, mediastinum",1
support devices,"endotracheal tube above carina, left subclavian cvc in mid svc, enteric catheter below diaphragm",1
support devices,mid svc (right picc line),1
support devices,"endotracheal tube tip 2.6cm above carina, orogastric tube tip in left upper abdomen",1
support devices,"right mainstem bronchus, right atrium, right upper quadrant",1
support devices,right-sided port-a-cath tip in svc,1
support devices,endotracheal tube tip 3 cm from carina; orogastric tube below diaphragm into stomach,1
support devices,median sternotomy and left mediastinal border,1
support devices,right line in lower svc,1
support devices,right ij catheter tip at lower svc or cavoatrial junction,1
support devices,"endotracheal tube ~4cm above carina, enteric tube to body of stomach",1
support devices,"left ij, low svc",1
support devices,"left heart, above carina, below diaphragm",1
support devices,"et tube tip 2.7cm from carina, enteric tube tip in esophagus, right-sided central venous catheter tip over ra svc junction",1
support devices,left-sided port-a-cath (tip in mid svc),1
support devices,"left subclavian catheter tip (proximal right atrium), ng tube (stomach), vp shunt",1
support devices,"et tube (above carina), ng tube (gastric fundus)",1
support devices,"central catheter tip in low svc/cavoatrial junction, multiple sternal wires, valvular prosthesis, surgical hardware",1
support devices,endotracheal tube and left central venous catheter,1
support devices,"aortic valve, median sternotomy",1
support devices,left subclavian picc line with tip at mid svc,1
support devices,"right chest wall (pacing device, lead tip in right ventricle)",1
support devices,"trachea, 4.4 cm from carina",1
support devices,"esophagus, stomach, inferior field of view",1
support devices,left chest wall port catheter tip over low svc region,1
support devices,"right internal jugular, tip over low superior vena cava",1
support devices,sternotomy wires and aortic valve prosthesis,1
support devices,dual-lead pacer (right atrium and right ventricle),1
support devices,"endotracheal tube, central catheter in place; dobbhoff tube tip at second portion of duodenum",1
support devices,tip about 7 cm above carina,1
support devices,"right mainstem bronchus, below diaphragm",1
support devices,"endotracheal tube (3cm above carina), nasogastric tube (distal stomach)",1
support devices,"endotracheal tube tip 6 cm from carina, gastric tube present (distal tip not clearly visualized)",1
support devices,"right ij central venous catheter, distal tip at cavoatrial junction",1
support devices,"endotracheal tube, enteric tube, right pectoral pacemaker, left ij catheter",1
support devices,ra svc junction,1
support devices,"endotracheal tube (good position), nasogastric tube (side port above esophagogastric junction)",1
support devices,"left upper svc, cervical spine hardware",1
support devices,"stomach, tip beyond inferior margins of film",1
support devices,"right medial hemi thorax, abdomen",1
support devices,left subclavian port-a-cath ending in svc,1
support devices,"et tube tip ~2cm from carina, ng tube tip in gastric fundus",1
support devices,"left subclavian vein, svc region",1
support devices,"left pacemaker lead, right ventricle",1
support devices,"below diaphragm, stomach region",1
support devices,"right atrium, right and left ventricles, external to the heart",1
support devices,left pectoral area,1
support devices,midline of the mediastinum (dual-chamber pacemaker with ventricular lead),1
support devices,adjacent to the diaphragm,1
support devices,overlying the cervical spine,1
support devices,"mediastinum (surgical clips), upper abdomen (stent graft)",1
support devices,right atrium (left ij central line),1
support devices,right chest (for vp shunt tubing),1
support devices,upper mediastinum and neck,1
support devices,"left subclavian vein, left axillary vein",1
support devices,left-sided picc tip in the region of the mid svc,1
support devices,right ij catheter extending to the mid-to-lower portion of the svc,1
support devices,right-sided chest tube (tip outside of thoracic cage),1
support devices,left chest port,1
support devices,right lateral lower hemithorax,1
support devices,left chest (pacemaker),1
support devices,"bilateral shoulders, left upper quadrant",1
support devices,brachiocephalic vessel,1
support devices,trachea (tracheostomy tube),1
support devices,"median sternotomy wires, prosthetic valve",1
support devices,left-sided picc line over the mid svc,1
support devices,right humerus (prosthesis),1
support devices,"right side of the neck, right lateral chest wall, right upper quadrant of the abdomen",1
support devices,thoracic and lumbar spine,1
support devices,left apex (surgical clips),1
support devices,right upper quadrant (coils),1
support devices,left-sided dual-chamber pacemaker device in the right atrium and right ventricle,1
support devices,"coronary sinus, right ventricular apex and right atrium",1
support devices,right ventricle (for pacemaker),1
support devices,midline tracheostomy tube (above carina),1
support devices,left atrium and right ventricle (due to left-sided space dual lead pacer),1
support devices,dobbhoff catheter (position not detailed),1
support devices,"left axillary (pacemaker), through the stomach (enteric tube)",1
support devices,cardiac region (dual - channel pacer device),1
support devices,right-sided port-a-cath tip at the cavoatrial junction,1
support devices,left ventricle (pacemaker lead),1
support devices,"upper mediastinum, to the left of midline",1
support devices,cervical fusion hardware (partially imaged),1
support devices,clips in the right upper quadrant the abdomen (indicating prior cholecystectomy),1
support devices,"enteric feeding tube (courses to the level of the diaphragm, coiled at this level with the tip pointing cranially in the lower esophagus)",1
support devices,right mid lung zone,1
support devices,bilateral percutaneous nephrostomies,1
support devices,left aspect of the lower neck,1
support devices,thoracic spinal,1
support devices,left chest inferiorly,1
support devices,over the gallbladder fossa,1
support devices,left chest (left-sided pacemaker with a single lead in the right ventricle),1
support devices,"endotracheal tube in trachea, feeding tube in esophagus, right-sided central line in right subclavian vein",1
support devices,right ventricle and right atrium,1
support devices,left svc,1
support devices,"right breast, right chest wall",1
support devices,both upper lobes medially,1
support devices,anterior cervical region,1
support devices,right ventricular apex and right atrium,1
support devices,port-a-cath extending to the lower portion of the svc or possibly upper part of the right atrium,1
support devices,"tracheostomy tube in upper airway, left-sided internal jugular catheter tip at brachiocephalic svc junction",1
support devices,anterior right chest wall,1
support devices,thoracic fusion hardware (partially visualized),1
support devices,gastric tube (partially imaged),1
support devices,c-spine,1
support devices,superior right hemithorax,1
support devices,"left chest wall, median sternum, mediastinum",1
support devices,constant,1
support devices,"left axilla, left chest, right upper quadrant",1
support devices,posterior medial,1
support devices,right axilla soft tissues,1
support devices,left upper arm,1
support devices,left mid chest,1
support devices,biventricular pacemaker battery pack,1
support devices,left-sided icd with lead in the right ventricle,1
support devices,lower thoracic and lumbar spine,1
support devices,left port-a-cath (cavoatrial junction),1
support devices,"right chest wall, mid abdomen",1
support devices,single-lead pacemaker device lead,1
support devices,"left chest wall, right ventricular apex",1
support devices,left upper svc (due to picc),1
support devices,left chest wall and axilla,1
support devices,"right hemithorax (chest tube), decending thoracic aorta (stent)",1
support devices,right tracheobronchial tree to the right lung base,1
support devices,left-sided nerve stimulator device (lead coursing cephalad into the neck),1
support devices,right neck and anterior right chest wall,1
support devices,left-sided position connected to a single intracavitary electrode terminating in the right ventricle,1
support devices,lower chest,1
support devices,"right breast, right humeral head",1
support devices,extreme superomedial edge of the left humeral head,1
support devices,sternotomy wires (tricuspid and aortic valve replacements),1
support devices,"ng tube (within the stomach), et tube (5.1 cm from the level of the carina)",1
support devices,"bilateral dobbhoff tube below the diaphragm, curled within the stomach or extending into the duodenum posteriorly",1
support devices,right upper quadrant (for cholecystectomy clips),1
support devices,left axillary position,1
support devices,right sided hemodialysis catheter at the caval atrial junction,1
support devices,right humerus (partially imaged),1
support devices,upper portion of the fundus,1
support devices,prosthetic mitral valve,1
support devices,"left chest (single lead transverses left subclavian vein, right atrium, tricuspid valve, and terminates in anterior inferior wall of right ventricle)",1
support devices,left-sided (dual lead pacer device),1
support devices,left-sided battery pack and pacemaker lead terminating in the right atrium and the right ventricle,1
support devices,lower cervical,1
support devices,left cardiac border,1
support devices,"prosthetic valve, median sternotomy wires",1
support devices,"aortic arch, main pulmonary artery",1
support devices,left lateral chest,1
support devices,endotracheal tube cuff,1
support devices,over the right humerus,1
support devices,upper portion of the image,1
support devices,right lateral chest wall soft tissues,1
support devices,left upper border of the mediastinum,1
support devices,aortic stent,1
support devices,mid-thoracic spine,1
support devices,dual lead cardiac pacing,1
support devices,"et tube in standard position, right axillary dual lead pacemaker with tips in expected position, enteric tube with sideholes just distal to ge junction",1
support devices,lower thoracolumbar junction,1
support devices,"upper right atrium, mid thoracic spine (for tips shunt)",1
support devices,right atrium (for hemodialysis catheter),1
support devices,previous right central vein,1
support devices,"endotracheal tube: 3.5 cm above the carina, transesophageal tube at the ge junction",1
support devices,left side (pacemaker with right atrial and ventricular leads),1
support devices,above the thoracic inlet,1
support devices,left vagus nerve (for the stimulator lead),1
support devices,right chest port-a-cath,1
support devices,bilateral breast implants,1
support devices,right scapula,1
support devices,mid thoracic spine,1
support devices,right chest wall (via ij with catheter tip in mid svc),1
support devices,"left-sided port-a-cath in mid svc, percutaneous biliary catheter in upper abdomen",1
support devices,dual-chamber pacemaker with leads in expected location,1
support devices,right picc line in the mid to lower svc,1
support devices,nasogastric tube (proximal to middle parts of the stomach),1
support devices,"left chest, mid svc",1
support devices,right central vein (low svc),1
support devices,intra aortic,1
support devices,"left subclavian picc line, esophagogastric junction (for dobbhoff tube)",1
support devices,right pectoral port-a-cath,1
support devices,tracheobronchial y stent,1
support devices,"below diaphragm, within stomach",1
support devices,left-sided port-a-cath in the low svc,1
support devices,ng tube tip and side-hole below the diaphragm,1
support devices,trachea (endotracheal tube),1
support devices,right trans subclavian,1
support devices,"tracheostomy tube (trachea), feeding tube (stomach)",1
support devices,"endotracheal tube, upper enteric tube",1
support devices,"nasogastric tube (part over stomach), tracheostomy tube, hemodialysis catheter, right internal jugular vein catheter",1
support devices,"trachea (ett tip 5cm above carina), stomach (ngt), right internal jugular vein/distal svc",1
support devices,"right picc line, left internal jugular swan-ganz catheter",1
support devices,left picc (proximal right atrium),1
support devices,"et tube above clavicular heads, ng tube sideport at ge junction",1
support devices,"right internal jugular (ij) vein, cavoatrial junction; properly positioned additional support lines/tubes",1
support devices,"left main pulmonary artery, standard position, below diaphragm, cavoatrial junction",1
support devices,nasogastric tube in distal antrum of stomach,1
support devices,"right atrial lead, right ventricular pacer defibrillator lead, left pectoral generator",1
support devices,right jugular line at superior cavoatrial junction,1
support devices,endotracheal tube in standard position,1
support devices,right internal jugular central venous catheter tip in upper svc,1
support devices,left pleural catheter,1
support devices,left pic line at superior cavoatrial junction,1
support devices,"right internal jugular vein, upper superior vena cava",1
support devices,upper margin of clavicles,1
support devices,right ij line and endotracheal tube,1
support devices,cardiac pacer leads,1
support devices,left pectoral (with leads in right atrium and right ventricle),1
support devices,right picc line at mid svc,1
support devices,"et tube (standard), ng tube (upper stomach), right jugular line (mid-to-low svc)",1
support devices,endotracheal tube tip 1cm above carina,1
support devices,"et tube tip at 7.5 cm from carina, ng tube last side port above ge junction",1
support devices,"upper enteric drainage tube in stomach, right jugular line at brachiocephalic veins junction",1
support devices,"right picc, distal svc",1
support devices,"aortic arch, right main pulmonary artery, above carinal, below diaphragm",1
support devices,"right internal jugular line, low in svc",1
support devices,endotracheal tube 4.5 cm above carina,1
support devices,"pacer lead in right ventricle, ng tube below diaphragm, et tube standard position",1
support devices,"et tube standard placement, right pic line in mid-to-low svc",1
support devices,"et tube, esophageal drainage tube, right subclavian central venous catheter, right thoracostomy tube in standard placements",1
support devices,"tracheostomy tube, upper enteric drainage tube, percutaneous gastrostomy tube",1
support devices,"nasogastric tube (tip in stomach, side port near gastroesophageal junction)",1
support devices,right pleural drains,1
support devices,left subclavian line at origin of svc,1
support devices,right infusion port,1
support devices,"endotracheal tube above carina, upper enteric tube in stomach, right subclavian line in low svc",1
support devices,enteric tube tip near gastroduodenal junction,1
support devices,"esophagus, pylorus, second portion of duodenum, right upper quadrant",1
support devices,"endotracheal tube, right ij catheter",1
support devices,"et tube tip 5cm above carinal, ng tube tip in stomach, right picc line tip at mid svc",1
support devices,indwelling et tube above upper margin of clavicles and nasogastric tube in upper portion of stomach,1
support devices,"right subclavian, lower svc near cavoatrial junction",1
support devices,right subclavian catheter tip in lower svc,1
support devices,"left subclavian, mid to low svc",1
support devices,"left subclavian central venous line (mid svc), right supraclavicular central venous catheter (near superior cavoatrial junction)",1
support devices,"right atrium (picc line), 6.5 cm above carina (et tube), stomach (ng tube)",1
support devices,"left chest tube, ng tube",1
support devices,right brachiocephalic vein,1
support devices,"endotracheal tube (3.2cm above carina), orogastric tube (proximal stomach)",1
support devices,sternal wires and right picc line,1
support devices,stomach with side port near ge junction,1
support devices,endotracheal tube tip 0.6 cm from carina,1
support devices,right atrial and right ventricular leads,1
support devices,trachea (tip 3.2 cm above carina),1
support devices,"multiple support devices (endotracheal tube, nasogastric tube, esophageal probe)",1
support devices,"proximal stomach, cavoatrial junction, spine",1
support devices,left pic line (ends in upper right atrium),1
support devices,"endotracheal tube tip above carinal, right ventricular pacemaker lead",1
support devices,right internal jugular to mid-to-low svc,1
support devices,left subclavian line ending in low svc,1
support devices,"et tube (tip above carina), upper enteric drainage tube (mid-to-low esophagus)",1
support devices,trachea (5 cm above carina),1
support devices,right internal jugular catheter tip in right atrium,1
support devices,"et tube (3.4cm above carina), enteric tube (below diaphragm)",1
support devices,left thorax (above aortic arch),1
support devices,endotracheal tube (standard positioning),1
support devices,2.2 cm above carina,1
support devices,cervical vertebral bodies,1
support devices,"swan-ganz catheter over pulmonic valve, ng tube in stomach, esophageal probe above carina, et tube in standard placement",1
support devices,right cavoatrial junction (picc),1
support devices,"upper chest, left brachiocephalic vein",1
support devices,endotracheal tube tip approx 4.5cm above carina; nasogastric tube to upper stomach,1
support devices,"endotracheal tube tip ~4cm above carina, iabp tip ~1.2cm below transverse arch of aorta, thoracolumbar spinal fusion device",1
support devices,"nasogastric tube: coiled in hiatus hernia, distal tip below diaphragm",1
support devices,bilateral pleural,1
support devices,"left mid svc, right subclavian to right ventricular apex",1
support devices,stomach level,1
support devices,"endotracheal tube low position, ng tube appropriate",1
support devices,"left internal jugular vein, upper superior vena cava",1
support devices,"endotracheal tube (high in position), nasogastric tube (high in position)",1
support devices,"right internal jugular vein, cavoatrial junction/upper right atrium",1
support devices,supraclavicular dialysis catheter in svc and upper right atrium,1
support devices,"et tube in standard position, left picc tip in lower svc, ng tube tip below diaphragm",1
support devices,left biv-icd,1
support devices,"endotracheal tube (3cm from carina), feeding tube (gastroesophageal junction), right internal jugular line (upper svc)",1
support devices,nasogastric tube tip at distal stomach,1
support devices,both sides,1
support devices,"endotracheal tube (1.9cm above carina), nasogastric tube (gastroduodenal junction)",1
support devices,orifice of the right pulmonary artery,1
support devices,right lower lobe bronchus,1
support devices,left axillary picc tip,1
support devices,1.9 cm above carina,1
support devices,tracheostomy tube (standard position) and right subclavian line,1
support devices,"right ij vein, upper-to-mid svc",1
support devices,et tube tip 2.2 cm above carina,1
support devices,"tracheostomy tube (standard position), port a cath tip (cavoatrial junction)",1
support devices,"et tube (standard placement), dual-channel dialysis catheter (mid svc), right internal jugular line (upper svc)",1
support devices,"endotracheal tube tip 5cm above carina, nasogastric tube tip in stomach",1
support devices,left picc line tip in low svc,1
support devices,et tube (6.7 cm above carina) and ng tube (stomach),1
support devices,lines and tubes,1
support devices,"endotracheal tube tip 1.5 cm above carina, right internal jugular vein catheter",1
support devices,"endotracheal tube (3.5 cm above carina), enteric tube (below diaphragm)",1
support devices,right subclavian line terminating at cavoatrial junction,1
support devices,"et tube tip above carina, ng tube in stomach, pacemaker defibrillator lead appropriate",1
support devices,et tube tip 7cm above carina; ng tube tip in stomach,1
support devices,feeding tube tip at level of proximal stomach,1
support devices,ng tube below the level of the diaphragm,1
support devices,"endotracheal tube tip 2.5cm above carina, nasogastric tube to distal antrum",1
support devices,"intra-aortic balloon pump, et tube, right jugular line, nasogastric drainage tube",1
support devices,"nasogastric tube tip over middle stomach, right central venous access line, endotracheal tube",1
support devices,"left internal jugular vein, right ventricular apex, carina, lower stomach",1
support devices,nasogastric tube (tip over stomach),1
support devices,"endotracheal tube tip, bilateral central venous catheter tips",1
support devices,azygo vein,1
support devices,endotracheal tube in good position; nasogastric tube tip below esophagogastric junction pointing upward,1
support devices,left-sided porta catheter terminating in lower superior vena cava,1
support devices,"right supraclavicular, low svc, mid right atrium",1
support devices,stomach and thoracic cavity,1
support devices,"right upper atrium, right-sided picc",1
support devices,"endotracheal tube (tip 2.9 cm above carina), nasogastric tube (below diaphragm)",1
support devices,right picc line (tip at lower svc),1
support devices,"nasogastric tube, distal stomach",1
support devices,left picc in low svc/cavoatrial junction,1
support devices,"orogastric tube (side-port near ge junction), endotracheal tube (standard position)",1
support devices,left pectoral and paraspinal neck,1
support devices,lower body or antrum of stomach,1
support devices,endotracheal tube tip 1.5 cm above carina,1
support devices,right atrial and ventricular pacer leads,1
support devices,right picc terminating in mid svc,1
support devices,enteric and right internal jugular,1
support devices,"endotracheal tube, right jugular line, left subclavian port",1
support devices,"endotracheal tube, left subclavian line (low svc), esophageal tube (stomach), esophageal probe (below carina)",1
support devices,peripherally positioned,1
support devices,right venous access lines,1
support devices,right chest tube and right internal jugular vein catheter,1
support devices,et tube and transesophageal drainage tube in standard placements,1
support devices,cervical region and distal esophagus above diaphragm,1
support devices,"et tube (standard position), left subclavian catheter (left brachycephalic vein), ng tube (below diaphragm)",1
support devices,right port a cath tip in cavoatrial junction,1
support devices,right central venous line at or just below superior cavoatrial junction,1
support devices,"right central venous catheter, tip in lower svc",1
support devices,"endotracheal tube tip 4 cm above carina, nasogastric tube",1
support devices,et tube and enteric tube,1
support devices,right atrium superior aspect,1
support devices,"endotracheal tube tip ~2cm above carina, nasogastric tube below diaphragm, right internal jugular catheter & picc tip in distal svc",1
support devices,left pectoral and right ventricular,1
support devices,"et tube (standard placement), transesophageal drainage tube (distal stomach)",1
support devices,"standard et tube, esophageal feeding tube near pylorus, right ventricular pacer lead",1
support devices,"left subclavian cvc (tip in svc), ng tube, et tube",1
support devices,picc line appropriately positioned; two pigtail catheters over left upper quadrant of abdomen,1
support devices,left internal jugular line,1
support devices,left pic line and right jugular line in low svc,1
support devices,left picc line tip at confluence of brachiocephalic vein and superior vena cava,1
support devices,right subclavian line in mid svc,1
support devices,mid svc (left picc tip),1
support devices,"et tube (tip 3.5 cm from carina), right jugular line (low svc)",1
support devices,"endotracheal tube tip above carina, right pic line at superior cavoatrial junction",1
support devices,stomach (feeding tube tip),1
support devices,central catheter,1
support devices,left picc line in mid to lower svc,1
support devices,right subclavian and right ventricle,1
support devices,right apical pleural drainage tube and transvenous right atrial/right ventricular pacer leads,1
support devices,sternum and cabg clips sites,1
support devices,right picc tip in low svc region,1
support devices,et tube (low position),1
support devices,"nasogastric tube tip in middle stomach, endotracheal tube normally positioned",1
support devices,"endotracheal tube 3.5 cm above carina, enteric tube in stomach",1
support devices,"et tube, left subclavian line, upper enteric drainage tube in mid stomach",1
support devices,"left pic line (origin of svc), right supraclavicular central venous dialysis line (mid-lower svc)",1
support devices,"atrioventricular pacer leads (standard placements), indwelling right jugular line (upper right atrium)",1
support devices,left chest with tip in mid svc,1
support devices,"stomach, right atrium",1
support devices,"right neck, chest and abdomen",1
support devices,left picc tip in proximal svc,1
support devices,"nasogastric tube tip over stomach, side port near gastroesophageal junction",1
support devices,"endotracheal tube tip at carina, enteric tube in standard position",1
support devices,right drain,1
support devices,"left pleural/midline drains, right jugular line (mid svc)",1
support devices,median sternotomy with valve replacement,1
support devices,distal stomach and lower thoracic spine,1
support devices,"et tube, right jugular introducer, feeding tube",1
support devices,"endotracheal tube tip 4cm above carina, nasogastric tube",1
support devices,left chest tubes and right picc line,1
support devices,"right lung apex (chest tubes), endotracheal tube, nasogastric tube",1
support devices,right lower lateral costal pleural space,1
support devices,"proximal svc, above carina, below diaphragm",1
support devices,"et tube tip 2 cm from carina, nasogastric tube in stomach",1
support devices,"endotracheal tube, enteric tube, left internal jugular central venous line",1
support devices,"left subclavian vein, mid svc",1
support devices,"et tube (4cm above carina), ng tube (stomach), left picc line (cavoatrial junction)",1
support devices,et tube tip 6.2cm from carina,1
support devices,right internal jugular venous catheter tip in mid svc,1
support devices,"right picc, low svc",1
support devices,"nasogastric tube (stomach), tracheostomy tube (location unclear), surgical clips (right upper chest, right hilum)",1
support devices,bronchial,1
support devices,"left subclavian catheter (mid svc), et tube (standard position), ng tube (below diaphragm)",1
support devices,"endotracheal tube (2.7cm above carina), nasogastric tube (to stomach)",1
support devices,ng tube and right jugular line,1
support devices,multiple sites,1
support devices,right lower lobe airway,1
support devices,"multiple sites (stomach, right atrium, above carina)",1
support devices,right pic line in mid to low svc; transvenous right ventricular pacer defibrillator lead in standard placement,1
support devices,lower thoracic trachea,1
support devices,nasogastric tube (tip in distal antrum),1
support devices,"left basilic/brachial vein, right lung apex",1
support devices,right-sided pigtail line,1
support devices,level of the clavicles,1
support devices,"et tube (standard placement), ng tube (stomach)",1
support devices,right main bronchus orifice,1
support devices,"nasogastric tube (upper stomach), right jugular line (low svc)",1
support devices,left-sided pacer (leads over right atrium and right ventricle),1
support devices,"endotracheal tube 1.3 cm above carina, nasogastric tube in appropriate position",1
support devices,cardiac silhouette,1
support devices,distal svc near cavoatrial junction,1
support devices,"bilateral chest tubes, feeding tube, endotracheal tube",1
support devices,heart valve,1
support devices,right chest and cavoatrial junction,1
support devices,left picc line ending in svc,1
support devices,nasogastric tube tip over pre-pyloric areas,1
support devices,"et tube (standard placement), upper enteric drainage tube (upper non-distended stomach)",1
support devices,endotracheal and nasogastric tubes (good position),1
support devices,left major fissure,1
support devices,left subclavian catheter in right atrium,1
support devices,"et tube in standard placement, esophageal drainage tube in upper stomach",1
support devices,"endotracheal tube tip 5cm above carina, nasogastric tube",1
support devices,right port-a-cath tip in lower right atrium or upper ivc,1
support devices,"left-sided pacer, endotracheal tube, nasogastric tube",1
support devices,"right ij line at superior cavoatrial junction, nasogastric tube in mid to distal stomach",1
support devices,carinal,1
support devices,right central venous line at lower svc,1
support devices,right ij to distal svc,1
support devices,"left jugular, upper right atrium",1
support devices,"left-sided, upper svc",1
support devices,"right atrium, right ventricular apex, lvad in place",1
support devices,cavoatrial junction or proximal right atrium,1
support devices,left icd with lead in right ventricle,1
support devices,nasogastric tube (below diaphragm),1
support devices,"endotracheal tube, nasogastric tube, left subclavian vein",1
support devices,endotracheal tube (1.7 cm from carina),1
support devices,endotracheal tube tip 1 cm from carina,1
support devices,fundus and gastric body,1
support devices,left pic line in mid svc,1
support devices,right jugular line (mid svc) and left subclavian line,1
support devices,"right internal jugular catheter (tip at cavoatrial junction), ng tube (side port at lower esophagus)",1
support devices,right internal jugular central venous catheter (low svc/cavoatrial junction) and endotracheal tube (3.7 cm above carina),1
support devices,pre-pyloric region,1
support devices,"orogastric tube, endotracheal tube 3-6 cm above carina",1
support devices,supraclavicular region 11 cm above carina,1
support devices,upper right ventricle,1
support devices,mid mediastinum/mid esophagus,1
support devices,right arm picc line tip in superior vena cava,1
support devices,"right internal jugular vein, left pectoral, right atrium/ventricle",1
support devices,midline sternal wires,1
support devices,"endotracheal tube tip above clavicular level, 6.5 cm above carina",1
support devices,nasogastric tube tip above hiatal hernia,1
support devices,right main bronchus system,1
support devices,"right internal jugular, proximal svc",1
support devices,"endotracheal tube 3cm above carina, enteric tube below left hemidiaphragm",1
support devices,right atrium (central venous catheter),1
support devices,nasogastric tube in gastric fundus,1
support devices,right svc-right atrial junction,1
support devices,"endotracheal tube within 1.5cm of carinal, internal jugular vein catheter flipped upwards",1
support devices,right atrial biventricular,1
support devices,nasogastric tube below diaphragm (beyond field of view),1
support devices,"left central venous catheter (right jugular vein origin), et tube (standard), esophageal drainage tube (distal stomach), right jugular line (upper svc)",1
support devices,near the level of the diaphragm,1
support devices,aorticopulmonary window,1
support devices,"et tube above clavicles, enteric tube tip in stomach, left subclavian central venous catheter",1
support devices,tubes and lines (position unchanged),1
support devices,mediastinal portion of the right pulmonary artery,1
support devices,right lateral and midline neck,1
support devices,upper esophagus/hypopharynx,1
support devices,"right internal jugular vein catheter, endotracheal tube",1
support devices,below the diaphragm and into the stomach,1
support devices,"right atrium (venous access line tip), left axilla (clips)",1
support devices,esophageal feeding tube in stomach,1
support devices,"nasogastric tube in esophagus, et tube in standard placement",1
support devices,"et tube at thoracic inlet 6.8cm above carina, swan-ganz catheter at main pulmonary artery",1
support devices,4cm below aortic roof,1
support devices,right hemodialysis catheter,1
support devices,right internal jugular central venous line at cava atrial junction,1
support devices,endotracheal tube 2.6 cm from carina; nasogastric tube in stomach,1
support devices,"upper stomach, standard placement",1
support devices,below diaphragm into stomach region,1
support devices,"proximal stomach, distal esophagus",1
support devices,endotracheal tube tip 2.2 cm from carina,1
support devices,"endotracheal tube 4 cm above carina, nasogastric tube in appropriate position",1
support devices,"upper stomach, gastric fundus, near carina",1
support devices,"nasogastric tube tip over carina, left-sided port-a-cath distal lead in distal svc",1
support devices,left pigtail catheter and tracheostomy tube,1
support devices,trachea and right upper to mid svc,1
support devices,"et tube (low position), ng tube (appropriately positioned)",1
support devices,left chest port catheter tip in mid svc,1
support devices,"endotracheal tube (6cm above carina), nasogastric tube (stomach fundus and lower body)",1
support devices,"endotracheal tube (4 cm above carina), postsurgical clips, vertebral fixation devices",1
support devices,"right ij, tip over lower svc",1
support devices,"right subclavian, distal svc",1
support devices,"mid trachea, gastric body",1
support devices,"left internal jugular line, right supraclavicular central venous port",1
support devices,"left upper extremity, mid svc",1
support devices,"endotracheal tube tip between 4-8 cm from carina, nasogastric tube tip in standard position",1
support devices,right picc line tip at mid to low svc,1
support devices,right internal jugular vein catheter sheath,1
support devices,"right atrium, apex of right ventricle",1
support devices,"enteric tube tip in stomach, et tube 4.3 cm from carina",1
support devices,"endotracheal tube 4.9 cm from carina, left-sided chest tube",1
support devices,feeding tube tip in middle stomach,1
support devices,right jugular central venous infusion port at superior cavoatrial junction,1
support devices,"tip at clavicles level, 5.5 cm above carina",1
support devices,"mid thoracic esophagus, thoracic inlet",1
support devices,"endotracheal tube 4.9cm above carina, og tube in stomach region",1
support devices,"et tube tip above carinal, temporary pacemaker tip in right ventricle, aortic valve prosthesis",1
support devices,"standard placements (et tube, right jugular line; ng tube to low stomach)",1
support devices,right picc line to cavoatrial junction,1
support devices,"et tube standard placement, nasogastric tube upper stomach, temperature probe hypopharynx",1
support devices,mid-to-lower esophagus above gastroesophageal junction,1
support devices,"past the diaphragm, stomach area",1
support devices,"tracheostomy tube midline, left pic line mid svc, right pleural tube",1
support devices,right internal jugular line terminating in mid svc,1
support devices,"midline, pleural drains, endotracheal tube, enteric drainage tube (hypopharynx to lower esophagus), swan-ganz catheter (pulmonary outflow tract to right pulmonary artery)",1
support devices,distal right pulmonary artery and interlobar pulmonary artery junction,1
support devices,"et tube (standard placement), upper esophageal drainage tube",1
support devices,"left subclavian line in low svc, tracheostomy tube midline",1
support devices,"right picc tip in lower svc, dobhoff tube tip in stomach",1
support devices,"nasogastric tube (stomach), bilateral breast implants",1
support devices,"right internal jugular vein catheter, tip at cavoatrial junction",1
support devices,right central venous infusion catheter (ends close to superior cavoatrial junction),1
support devices,left internal jugular to confluence of brachiocephalic veins,1
support devices,"et tube (standard), left jugular line (upper svc), nasogastric tube (mid esophagus)",1
support devices,bilateral anterior chest wall,1
support devices,left lower hemi thorax,1
support devices,"et tube (standard), vascular clips (gastroesophageal junction), right jugular introducer (thoracic inlet)",1
support devices,low level of ligament of treitz,1
support devices,"ng tube in stomach, et tube in appropriate position, left subclavian catheter tip in mid svc",1
support devices,mid to low right svc,1
support devices,tip over middle parts of the stomach,1
support devices,right internal jugular vein (ij) to low svc,1
support devices,triple-lumen pacer device,1
support devices,"right internal jugular line, left subclavian large bore catheter (mid svc), nasogastric tube (upper stomach), et tube (standard placement)",1
support devices,"endotracheal tube (6.7cm above carina), nasogastric tube (fundus)",1
support devices,endotracheal tube and right jugular line,1
support devices,bilateral prepectoral,1
support devices,"ng tube (stomach), right internal jugular line (cavoatrial junction)",1
support devices,"neck, midline chest, left lateral chest wall",1
support devices,"et tube tip above carina, ng tube in stomach, biliary catheter in place",1
support devices,inferior thoracic and upper lumbar regions,1
support devices,"et tube (standard placement), right jugular line (close to superior cavoatrial junction)",1
support devices,right internal jugular catheter tip in mid superior vena cava,1
support devices,"stomach, beyond ge junction",1
support devices,"right internal jugular line (mid svc), nasogastric tube",1
support devices,"endotracheal tube (1.7 cm above carina), nasogastric tube (below diaphragm)",1
support devices,"endotracheal tube tip 5cm above carina, right central line tip in proximal svc, esophageal monitoring lead in midline",1
support devices,"left pic line, mid svc",1
support devices,"proximal stomach, near gastroesophageal junction",1
support devices,"trachea (near carina), stomach (distal portion)",1
support devices,et tube tip 5.5 cm above carina,1
support devices,"feeding tube tip at pre-pyloric region, endotracheal tube ~2.2cm above carina, right internal jugular vein catheter",1
support devices,stomach (tip) and gastroesophageal junction (side port),1
support devices,"endotracheal tube above carina, enteric tube to stomach body",1
support devices,upper enteric,1
support devices,middle parts of the stomach,1
support devices,mid to distal esophagus,1
support devices,aortic knob vicinity,1
support devices,ett,1
support devices,left subclavian picc line tip: mid to lower svc,1
support devices,right pleural drainage catheters,1
support devices,"right central venous, superior cavoatrial junction region",1
support devices,right axillary generator and pacer leads,1
support devices,lower trachea near carina,1
support devices,"right jugular line, upper svc",1
support devices,"right picc line, clips and sternal wires",1
support devices,"left pleural tube, et tube at thoracic inlet, nasogastric tube",1
support devices,left pic line (low svc),1
support devices,subdiaphragmatic gastric antrum,1
support devices,cavoatrial junction and bilateral breast,1
support devices,"endotracheal tube, nasogastric tube, right ij central line",1
support devices,"intraaortic balloon pump tip near aortic knob apex, dialysis catheters in upper svc",1
support devices,lumbar region,1
support devices,"ng tube in left lower medial hemi thorax, right picc in lower svc",1
support devices,et tube 6.3 cm from the carina,1
support devices,"left picc, mid svc",1
support devices,"left subclavian line, near brachiocephalic vein",1
support devices,"support lines/tubes (unchanged), pacemaker wires over left ventricle",1
support devices,left central venous catheter tip in mid svc,1
support devices,"thoracic inlet (endotracheal tube), right-sided (pacing device), below diaphragm (nasogastric tube)",1
support devices,ett 2 cm from carina,1
support devices,left brachiocephalic region,1
support devices,right svc/right atrial junction,1
support devices,proximal gastric cavity,1
support devices,multiple support devices in appropriate positions,1
support devices,nasogastric tube ending in stomach,1
support devices,left chest port tip in low svc,1
support devices,endotracheal tube (tip 5.5 cm above carina) and nasogastric tube,1
support devices,left internal jugular central venous line and right hemodialysis port,1
support devices,left cavoatrial junction level,1
support devices,"endotracheal tube tip above carina, dobbhoff catheter in stomach",1
support devices,"left pectoral generator, proximal right ventricle",1
support devices,cervical vertebral,1
support devices,"right chest, stomach, above carina, left brachycephalic vein",1
support devices,"endotracheal tube (tip 5cm above carina), left subclavian central line (tip distal svc), nasogastric tube (tip over stomach)",1
support devices,"right internal jugular vein, proximal right atrium",1
support devices,right ij tlc tip in cavoatrial junction,1
support devices,endotracheal and nasogastric tubes in standard position,1
support devices,nasogastric tube and right picc line,1
support devices,upper svc and right atrium,1
support devices,"left picc line, low svc",1
support devices,left ij catheter (lower svc),1
support devices,multiple sternal wires,1
support devices,support devices in standard placement,1
support devices,"et tube at carina, right internal jugular line at cavoatrial junction",1
support devices,endotracheal tube tip 11 cm above carina,1
support devices,"right central venous catheter in low svc, et tube & nasogastric tube in standard positions",1
support devices,outer margin of the mediastinum,1
support devices,bilateral pleural space,1
support devices,"nasogastric tube (expected position), endotracheal tube tip above carina, lower sternal wires",1
support devices,right ij catheter tip in mid svc,1
support devices,right internal jugular line and transvenous pacer leads,1
support devices,"carina, right main bronchus",1
support devices,intra-aortic,1
support devices,posteriorly (lateral film),1
support devices,left central venous line (low svc),1
support devices,"endotracheal tube 4.6cm above carina, left port-a-cath in right atrium",1
support devices,"et tube 3.3cm above carina, ng tube tip below diaphragm",1
support devices,"et tube in standard position, nasogastric tube partially in stomach",1
support devices,left apical and left hilus,1
support devices,"endotracheal tube above carina, enteric tube in upper thorax",1
support devices,right atrial and right ventricular pacer/defibrillator leads,1
support devices,"right apical, right subclavian",1
support devices,right hemodialysis catheter and tracheostomy tube,1
support devices,right central line catheter at low svc to cavoatrial junction,1
support devices,"endotracheal tube, nasogastric tube, right internal jugular central line in position",1
support devices,endotracheal tube tip 2.6 cm above carina,1
support devices,right picc tip in lower svc,1
support devices,"endotracheal tube 7mm from carina, ng tube in appropriate position",1
support devices,"right internal jugular, tracheostomy",1
support devices,"endotracheal tube: 7.3 cm above carina (above clavicular heads); enteric tube: proximal coiled in hypopharynx, distal over gastric body",1
support devices,"tracheostomy tube (unchanged position), right internal jugular vein catheter",1
support devices,right pic line terminating in low svc,1
support devices,right subclavian to mid-upper svc,1
support devices,et tube tip (2.7 cm above carina),1
support devices,proximal portion of left brachiocephalic vein,1
support devices,endotracheal tube tip 1 cm above carina; nasogastric tube in correct position,1
support devices,"right basal, left, right subclavian",1
support devices,"right internal jugular line (mid svc), left trans jugular hemodialysis catheter (right atrium)",1
support devices,"nasogastric tube: upper midline (airway/esophagus), gastroesophageal junction (looped)",1
support devices,"hemodialysis catheter, right picc line",1
support devices,"endotracheal, nasogastric, right ij, mediastinal",1
support devices,"right main bronchus, brachiocephalic veins junction, right upper and mid abdomen",1
support devices,"feeding tube below diaphragm, jugular lines in upper svc and cavoatrial junction",1
support devices,endotracheal tube 5 cm from carina,1
support devices,left port-a-cath terminating in upper to mid svc,1
support devices,endotracheal tube 4.5 cm from carina,1
support devices,"et tube tip 3cm above carina, left internal jugular line tip at proximal right atrium, ng tube tip in stomach, right internal jugular line tip at lower svc",1
support devices,endotracheal tube 2.1 cm from carinal angle; pic line requires 4 cm withdrawal,1
support devices,og-type tube beneath diaphragm,1
support devices,hiatal hernia,1
support devices,"left hemidiaphragm, left upper quadrant (stomach region)",1
support devices,"et tube standard position, ng tube tip indeterminate",1
support devices,"et tube (6.5cm above carina), og tube (stomach body), central venous line (left brachycephalic vein)",1
support devices,right subclavian with distal tip at high right atrium/cavoatrial junction,1
support devices,nasogastric tube tip over gastric fundus,1
support devices,"endotracheal tube (4 cm above carina), nasogastric tube (fundus of stomach)",1
support devices,"right ij sheath to upper svc, catheter in neck, enteric tube to upper stomach",1
support devices,right supraclavicular,1
support devices,"tracheostomy tube, right subclavian central line, nasogastric tube",1
support devices,"right internal jugular line, mid svc",1
support devices,"tracheostomy tube in satisfactory position, feeding tube below diaphragm",1
support devices,"right internal jugular, mid svc, left-sided pacer",1
support devices,lower mediastinum,1
support devices,"nasogastric tube (below gastroesophageal junction), tracheostomy tube",1
support devices,right ventricular outflow tract,1
support devices,left mid hemi thorax lateral aspect,1
support devices,left ventricular,1
support devices,"right picc line, left subclavian catheter",1
support devices,1.2 cm above the carina,1
support devices,left pectoral pacer leads and generator,1
support devices,below upper portion of aortic arch,1
support devices,feeding tube below the diaphragm,1
support devices,"beneath diaphragm, over gastric fundus",1
support devices,right glenohumeral joint region,1
support devices,lumbar stabilization device,1
support devices,"right ij catheter, left thoracostomy tube",1
support devices,"et tube in standard placement, swan-ganz catheter in right pulmonary artery, right pic line to cavoatrial junction, transesophageal drainage tube into stomach",1
support devices,"endotracheal tube near carina, right jugular line in upper right atrium",1
support devices,cavoatrial junction or upper right atrium,1
support devices,chest tubes and mediastinal drains,1
support devices,"endotracheal tube tip (3 cm cranial from carina, lateral) and enteric tube side port (above ge junction)",1
support devices,"et tube tip 7cm above carina, right internal jugular line introducer at right internal jugular vein",1
support devices,right internal jugular central venous catheter tip in svc,1
support devices,"endotracheal tube, nasogastric tube, left central venous line",1
support devices,"endotracheal tube, right internal jugular central venous catheter",1
support devices,"endotracheal tube 2 cm above carina, esophageal drainage tube in stomach",1
support devices,"et tube, og tube",1
support devices,"left pic line (svc origin), nasogastric tube (mid stomach)",1
support devices,"apex of the aortic knob (iabp tip), other devices in standard placement",1
support devices,"et tube in standard placement, esophageal drainage tube into stomach",1
support devices,right ij cvl tip in lower svc,1
support devices,shoulder,1
support devices,"right port, lower svc",1
support devices,right-sided picc line tip at mid svc,1
support devices,"mediastinum, subclavian vessels",1
support devices,"et tube tip ~5.5cm above carina, ng tube tip in stomach",1
support devices,"right pic line, upper svc",1
support devices,left chest wall with lead tip at right ventricular apex,1
support devices,"et tube above carina, left internal jugular line at lower svc, ng tube in stomach",1
support devices,"left apical, basal, upper stomach, standard",1
support devices,"left pic line at superior cavoatrial junction, left central venous line in right atrium",1
support devices,right internal jugular vein to cavoatrial junction or upper right atrium,1
support devices,left port catheter in low svc,1
support devices,"endotracheal tube, esophageal drainage tube, right jugular line",1
support devices,"orogastric tube below diaphragm, tip over gastric fundus",1
support devices,right jugular line mid svc,1
support devices,"stomach (feeding tube tip), superior vena cava (filter)",1
support devices,left trans subclavian,1
support devices,pericardial space,1
support devices,"left picc, low svc",1
support devices,endotracheal tube tip 7 cm above carina,1
support devices,"right cavoatrial junction, stomach",1
support devices,left axillary region and left breast,1
support devices,right pic line in svc,1
support devices,1.9 cm above the carina,1
support devices,"left subclavian line, endotracheal tube, nasogastric tube",1
support devices,"endotracheal tube 1.3 cm above carina, enteric tube in proximal stomach",1
support devices,"esophageal drainage tube, left pic line",1
support devices,"feeding tube in upper stomach, nasogastric tube in mid stomach",1
support devices,left subclavian line (ends in svc),1
support devices,"ng tube in stomach, et tube above carina",1
support devices,"endotracheal tube (tip 5.5cm above carinal), nasogastric tube (side-hole at gastroesophageal junction)",1
support devices,right apical and basal pleural spaces,1
support devices,endotracheal tube (appropriate position),1
support devices,esophagus below diaphragm (tip not visualized),1
support devices,right ventricle floor,1
support devices,"supraclavicular, low svc",1
support devices,left picc line terminating in mid svc,1
support devices,"nasogastric tube below diaphragm, side port at ge junction",1
support devices,sternal wires and heart valve replacement,1
support devices,"endotracheal tube, 4.9 cm from carina",1
support devices,"multiple (endotracheal tube above carina, orogastric tube beyond ge junction, left subclavian catheter in subclavian/brachiocephalic vein, left axillary arterial line in axilla)",1
support devices,left-sided pacer with lead over right ventricle,1
support devices,feeding tube tip near ge junction level,1
support devices,right picc line in mid svc,1
support devices,"right jugular line, svc",1
support devices,"nasogastric tube (distal tip below ge junction), endotracheal tube, left-sided central line",1
support devices,left breast and axillary region,1
support devices,right supraclavicular central venous infusion pump (ends in right atrium),1
support devices,right-sided port-a-cath tip,1
support devices,"et tube in standard position, esophageal tubes into stomach, right subclavian line in mid svc",1
support devices,right central,1
support devices,level of the diaphragm,1
support devices,left picc line tip at mid svc,1
support devices,"standard position (et tube, ng tube, right internal jugular catheter)",1
support devices,"et tube in standard position, right jugular line in low right atrium, right pic line in mid svc, ng tube in mid nondistended stomach",1
support devices,2.0 cm above the carina,1
support devices,right diaphragmatic region and right pleural space posteriorly,1
support devices,"enteric tube (stomach, side port superior to gastroesophageal junction); endotracheal tube (slightly high positioning)",1
support devices,right internal jugular catheter tip at upper right atrium,1
support devices,ng tube tip in proximal gastric cavity,1
support devices,"et tube (1.9 cm above carinal), ng tube",1
support devices,left-sided central venous catheter (terminates at svc-left brachiocephalic vein junction),1
support devices,"et tube standard position, ng tube below diaphragm, ij catheter cavoatrial junction",1
support devices,left sided pacer lead,1
support devices,right pic line extending ~7cm across midline beyond origin of svc,1
support devices,"nasogastric tube in upper stomach, infusion port in mid to low svc",1
support devices,left picc line in right atrium,1
support devices,right jugular and midportion of stomach,1
support devices,"et tube tip 4.5cm above carina, left picc in mid-lower svc, ng tube in stomach",1
support devices,left mid-superior vena cava,1
support devices,"gastric fundus, proximal stomach, ge junction region",1
support devices,"right picc line (tip at mid svc, tube below diaphragm to stomach)",1
support devices,right jugular line (mid to low svc),1
support devices,left-sided central venous catheter tip projecting over mid svc,1
support devices,standard position (catheter in upper abdomen),1
support devices,"et tube (6.5cm above carina), left internal jugular line (left subclavian brachycephalic vein level)",1
support devices,left hemidiaphragm,1
support devices,et tube and right internal jugular line in standard positions,1
support devices,left inferior sternal wire,1
support devices,right subclavian (catheter) and gastroesophageal junction (ng tube),1
support devices,"endotracheal tube tip 1.5 cm from carina, enteric tube side port at ge junction",1
support devices,trachea and left main bronchus,1
support devices,"ng tube at ge junction, endotracheal tube 5.4 cm above carina",1
support devices,right ij line terminating in superior svc,1
support devices,endotracheal tube tip at carina; gastric tube in proximal stomach (side hole at ge junction),1
support devices,"et tube (standard position); right picc tip (mid-lower svc); ng tube (tip in stomach, side port at eg junction)",1
support devices,"et tube (standard), right jugular introducer (upper svc), esophageal drainage tube (distal stomach)",1
support devices,"endotracheal tube (appropriate position), nasogastric tube (distal esophagus)",1
support devices,"et tube in standard placement, upper enteric tube in stomach, right internal jugular line below carina",1
support devices,left infusion port with catheter tip in right atrium,1
support devices,"right ij vein, left ij vein, distal svc",1
support devices,esophagogastric junction and fundal region,1
support devices,1.3 cm above the carina,1
support devices,left subclavian picc line tip in mid svc,1
support devices,"endotracheal tube tip 2.5cm above carina, right internal jugular central line, nasogastric tube",1
support devices,left-sided picc line tip at mid svc,1
support devices,right-sided pacer,1
support devices,nasogastric tube (body of stomach),1
support devices,"right atrial, right ventricular",1
support devices,adjacent soft tissue,1
support devices,"right subclavian picc line, tip in right internal jugular vein",1
support devices,"endotracheal tube (6cm from carina), nasogastric tube (mid stomach)",1
support devices,aortic arch (4.3 cm below roof) and right lower lobe pulmonary artery,1
support devices,right arm picc line tip in mid svc,1
support devices,"left chest tube, feeding tube",1
support devices,"endotracheal tube (5cm above carina), transesophageal tube (stomach)",1
support devices,left pectoral pacemaker and leads,1
support devices,"endotracheal tube tip 6 cm above carina, nasogastric tube in stomach",1
support devices,"endotracheal tube tip ~3.8cm above carina, nasogastric tube in stomach body",1
support devices,"right central venous catheter, tracheostomy tube, feeding tube",1
support devices,right pic line at 7.5 cm below carina,1
support devices,left subclavian to right atrium,1
support devices,"upper enteric drainage tube in non-distended stomach, infusion port catheter in superior cavoatrial junction",1
support devices,superior aspect of transverse arch of aorta,1
support devices,"endotracheal tube above thoracic inlet, enteric tube upper stomach, pic line low svc",1
support devices,"nasogastric tube to upper stomach, ge junction",1
support devices,"endotracheal tube (tip 3.2cm above carina), nasogastric tube (below diaphragm), right basilar pigtail catheter",1
support devices,"endotracheal tube tip ~2cm above carina, nasogastric tube below diaphragm",1
support devices,"left-sided picc at right upper atrium, right ij catheter, ng tube in stomach",1
support devices,"et tube, right internal jugular line, nasogastric tube",1
support devices,"et tube tip above carina, ng tube tip in stomach",1
support devices,"et tube standard placement, right pic line in low svc",1
support devices,"nasogastric tube in gastric fundus, catheter inserted from below",1
support devices,"orogastric tube (distal stomach), et tube (near carina), left subclavian line (svc origin)",1
support devices,"right subclavian (picc line), externalized vp shunt",1
support devices,"et tube in standard position, feeding tube at pylorus, esophageal probe midway between carina and gastroesophageal junction",1
support devices,tip of endotracheal tube near carina,1
support devices,13 mm above the carina,1
support devices,biventricular,1
support devices,right internal jugular line in low svc,1
support devices,"right central venous access line, endotracheal tube",1
support devices,cavoatrial junction region,1
support devices,right internal jugular vein catheter tip over right atrium,1
support devices,superior right hilus,1
support devices,left subclavian with tip at cavoatrial junction,1
support devices,left port catheter terminates in lower svc,1
support devices,"et tube (standard position), ng tube tip (stomach), left subclavian catheter tip (upper svc)",1
support devices,"right jugular vein, low svc",1
support devices,right main pulmonary artery (swan-ganz catheter); other support devices unchanged,1
support devices,"right internal jugular central line (distal svc), endotracheal tube (thoracic inlet), nasogastric tube (below diaphragm)",1
support devices,right subclavian catheter tip in right atrium,1
support devices,distal left brachiocephalic vein near svc confluence,1
support devices,"right pigtail, temporary pacemaker",1
support devices,mid esophagus and right atrium,1
support devices,left subclavian catheter (cavoatrial junction/upper right atrium) and nasogastric tube (stomach fundus),1
support devices,"endotracheal tube above carina, right picc normal",1
support devices,"ng tube (tip at carina), right chest tube, left apical drain",1
support devices,nasogastric tube (mid body of stomach),1
support devices,"right atrium, right ventricle, left pectoral",1
support devices,"endotracheal tube (standard position), right subclavian line (mid svc), enteric drainage tube (upper stomach)",1
support devices,left airway,1
support devices,"left costal pleural space, airway, upper enteric tract, svc origin",1
support devices,"gastroesophageal junction (feeding tube), left subclavian (picc line)",1
support devices,stomach body (feeding tube),1
support devices,5.6 cm above carina and superior clavicles,1
support devices,right subclavian vein (tip over low svc),1
support devices,left central venous catheter at origin of svc,1
support devices,"left pectoral (pacemaker), right atrium and right ventricle (leads)",1
support devices,"et tube, transesophageal drainage tubes, left internal jugular line",1
support devices,right subclavian central venous line (upper right atrium),1
support devices,right upper extremity picc line terminating in mid svc region,1
support devices,"right pleural drain, left port-a-cath",1
support devices,"feeding tube in mid stomach, left jugular line in upper right atrium",1
support devices,right shoulder region,1
support devices,near the pylorus,1
support devices,"left internal jugular, mid superior vena cava",1
support devices,"et tube (standard placement), upper enteric drainage tube (stomach)",1
support devices,endotracheal tube tip approximately 4.5 cm above carina,1
support devices,"right upper svc, right ventricular apex",1
support devices,nasogastric tube tip at gastric fundus,1
support devices,left internal jugular central venous catheter tip in mid svc,1
support devices,"ett 2.5 cm from carina, neck flexed",1
support devices,"et tube at thoracic inlet, left internal jugular line in left brachiocephalic vein, dialysis catheter in right atrium, minnesota tube with fundic balloon below esophagogastric junction",1
support devices,thoracic inlet and right ventricle,1
support devices,cervical spine; right subclavian vein catheter tip over upper svc,1
support devices,left thoracotomy,1
support devices,"et tube in satisfactory position, ng tube beneath diaphragm",1
support devices,endotracheal tube tip 11cm above carina; nasogastric tube side-port in distal esophagus above diaphragm,1
support devices,1.5 cm above the carina,1
support devices,"left pectoral region, trans subclavian",1
support devices,"left-sided pacemaker, left internal jugular central line, endotracheal tube, nasogastric tube",1
support devices,uppermost right atrium,1
support devices,"right atrial pacer lead (over tricuspid valve, right ventricle floor)",1
support devices,"et tube, right internal jugular line, nasogastric tube in standard positions",1
support devices,endotracheal tube 1.5 cm above carina; ng tube in stomach,1
support devices,left arm,1
support devices,"endotracheal tube tip at upper clavicles, right jugular line at superior cavoatrial junction, esophageal tube into stomach",1
support devices,nasogastric tube in distal stomach,1
support devices,right picc line (tip at proximal-most svc),1
support devices,between clavicle and first rib,1
support devices,right internal jugular catheter tip at cavoatrial junction,1
support devices,right mid zone,1
support devices,endotracheal tube above carinal,1
support devices,right pleurx catheter,1
support devices,left pic line (ends in mid to low svc),1
support devices,"endotracheal tube (tip 6.5cm above carina), right internal jugular vein catheter (mid-lower svc), nasogastric tube (tip not visualized)",1
support devices,right upper svc and chest,1
support devices,"clavicular level, 6.5 cm above carina",1
support devices,"nasogastric tube in stomach, endotracheal tube ~2.1 cm above carina",1
support devices,nasogastric tube extending to lower body of stomach,1
support devices,right lung base and right upper abdomen,1
support devices,"esophagus, left upper quadrant, right upper quadrant",1
support devices,"right internal jugular, svc/right atrium junction",1
support devices,intra-aortic balloon pump (tip 5-6 mm below upper aortic arch),1
support devices,right subclavian picc line tip in lower svc,1
support devices,"right-sided picc, tip at cavoatrial junction",1
support devices,"et tube (3cm above carina), right subclavian line (mid svc), upper enteric drainage tube (stomach)",1
support devices,"endotracheal tube (3cm above carina), left vascular stent, right central venous access line",1
support devices,"superior cavoatrial junction, right jugular line, right atrium",1
support devices,"multiple support devices (et tube, right pleural tube, left internal jugular catheter, right jugular line, nasogastric tube)",1
support devices,endotracheal tube 2.3 cm above carina,1
support devices,"left subclavian, bilateral upper abdomen",1
support devices,"endotracheal tube above upper margin of clavicles, right jugular line in upper svc, nasogastric tube in stomach, esophageal probe in upper stomach",1
support devices,"et tube, right internal jugular introducer, nasogastric tube",1
support devices,lower thoracic vertebra,1
support devices,"feeding tube (stomach), left subclavian line (svc)",1
support devices,4 cm above carina,1
support devices,"endotracheal tube (standard placement), enteric drainage tube (stomach), right jugular line (superior cavoatrial junction)",1
support devices,"left subclavian, right atrial/ventricular leads, left pectoral generator",1
support devices,"endotracheal tube, nasogastric tube, right internal jugular central line",1
support devices,"et tube in standard position, right ij catheter tip in mid svc, ng tube tip below diaphragm",1
support devices,"endotracheal tube (above clavicles, 9.8 cm above carina); nasogastric tube (side-port proximal to ge junction)",1
support devices,atrioventricular and left ventricular epicardial leads,1
support devices,endotracheal tube tip 2 cm from carina,1
support devices,left pacemaker leads,1
support devices,"et tube tip 5cm above carina, ng tube tip in stomach",1
support devices,"transesophageal drainage tube, right pic line (low svc)",1
support devices,5.5 cm above carina,1
support devices,right thorax,1
support devices,"endotracheal tube tip 3cm above carina, nasogastric tube tip in stomach, central line unchanged",1
support devices,"right jugular line (upper svc), esophageal drainage tube (upper stomach)",1
support devices,"right-sided pacemaker, left-sided picc line",1
support devices,right para median lower neck,1
support devices,"right internal jugular vein, trachea, nasogastric tube",1
support devices,"nasogastric tube (distal esophagus), right pectoral pacemaker",1
support devices,nasogastric tube tip over proximal stomach,1
support devices,"right arm, low svc",1
support devices,"right internal jugular central line, tip in distal svc",1
support devices,right pic line in upper svc,1
support devices,"multiple (mediastinal/chest tubes, et tube, swan-ganz catheter, ng tube, left ij catheter)",1
support devices,"nasogastric tube in proximal stomach, endotracheal tube 2.5 cm above carina",1
support devices,right internal jugular line terminating at cavoatrial junction,1
support devices,left subclavian pacer leads in right atrium and right ventricular apex,1
support devices,esophageal tube,1
support devices,pacemaker leads (satisfactory position),1
support devices,"right internal jugular line (upper right atrium), et tube and nasogastric tube (standard placements)",1
support devices,"og tube in upper stomach, et tube cuff",1
support devices,"right atrial, left ventricular, right ventricular",1
support devices,"tracheal stent, endotracheal tube, right pic line (low svc)",1
support devices,"endotracheal tube at carinal level, left picc in subclavian vein",1
support devices,right pic line (ends in right atrium),1
support devices,"endotracheal tube, right jugular line (mid svc), enteric drainage tube",1
support devices,"right pic line (svc origin), transvenous pacer lead (high right ventricle), superficial ekg lead",1
support devices,"low lying endotracheal tube, enteric tube (tip in stomach, side port at gastroesophageal junction)",1
support devices,"left pectoral region, right atrium and right ventricle",1
support devices,"et tube in satisfactory position, ng tube tip in stomach, side hole in lower esophagus",1
support devices,"right atrial, left ventricular, right ventricular pacer defibrillator leads",1
support devices,endotracheal tube 1.3cm above carina,1
support devices,endotracheal and nasogastric tubes in appropriate position,1
support devices,nasogastric tube in stomach fundus and mid portion,1
support devices,"endotracheal tube (2cm from carina), orogastric tube (side port near gastroesophageal junction)",1
support devices,"tracheostomy tube, nasogastric tube, right subclavian line",1
support devices,right central venous line ending in mid svc,1
support devices,"left jugular line above thoracic inlet, right jugular line at svc origin, et tube in standard position",1
support devices,right ij central venous catheter at ra/svc junction,1
support devices,"endotracheal tube, feeding tube, right-sided central line (position unchanged)",1
support devices,proximal thoracic esophagus,1
support devices,right internal jugular central venous catheter tip at svc/right atrial junction,1
support devices,right-sided picc terminating in mid svc,1
support devices,upper portion of the right atrium,1
support devices,above carinal,1
support devices,mid/low svc,1
support devices,ng tube and left ij line tips,1
support devices,distal aspect of left mainstem bronchus,1
support devices,central line,1
support devices,"below the diaphragm, into the stomach",1
support devices,"right ij central line, distal tip in distal svc",1
support devices,"right subclavian vein, mid svc",1
support devices,central catheter in standard position,1
support devices,right ventricular and right jugular,1
support devices,right femoral,1
support devices,"below diaphragm, tip over stomach",1
support devices,"right internal jugular, nasogastric tube",1
support devices,right internal jugular pacer lead (to right ventricle) and core valve,1
support devices,"median sternotomy, epicardial lead fragments",1
support devices,"et tube in standard placement, upper enteric tube in stomach",1
support devices,"left ij catheter (cavoatrial junction), nasogastric tube (gastric antrum)",1
support devices,right ij catheter at ca junction,1
support devices,"endotracheal tube above carina, enteric tube in stomach, right ventricular lead",1
support devices,"ng tube in stomach, port a cath at cavoatrial junction",1
support devices,endotracheal tube 4.5 cm from carina; nasogastric tube within stomach with side port above left hemidiaphragm,1
support devices,left subclavian picc line with tip in mid svc,1
support devices,multiple thoracic and neck positions,1
support devices,right ij tip in upper right atrium,1
support devices,transvenous right atrial and ventricular,1
support devices,"distal right descending pulmonary artery, left pectoral region",1
support devices,right ij with tip at ra-svc junction,1
support devices,"right internal jugular central line, endotracheal tube (4cm above carinal), nasogastric tube",1
support devices,right picc (high right atrium),1
support devices,"right ij, lower svc",1
support devices,mid portion of minimally distended stomach,1
support devices,"left pic line in right brachiocephalic vein, upper enteric drainage tube in upper stomach",1
support devices,"et tube tip 3cm above carinal, ng tube in stomach, port-a-cath tip mid svc",1
support devices,"right internal jugular, junction of svc and proximal right atrium",1
support devices,"left pectoral, right axillary region",1
support devices,mid stomach and mid svc,1
support devices,et tube,1
support devices,"endotracheal tube at upper clavicles, upper enteric drainage tube in gastric fundus, right subclavian line in mid-to-low svc",1
support devices,endotracheal tube approaching carina,1
support devices,right proximal to mid superior vena cava,1
support devices,"tracheostomy tube (above carina), left pic line (superior cavoatrial junction)",1
support devices,"et tube above carina, left subclavian line at proximal right atrium, ng tube in stomach",1
support devices,"endotracheal tube in appropriate position; enteric tube distal tip in very proximal stomach, side port in distal esophagus",1
support devices,"et tube (standard placement), nasogastric tube (mid stomach), pic line (mid svc)",1
support devices,~5 cm from carina,1
support devices,"stomach (tip), past ge junction (side-port)",1
support devices,"endotracheal tube (tip ~3.8cm above carina), swan-ganz catheter (tip in right atrium)",1
support devices,"nasogastric tube (upper stomach), endotracheal tube (standard position at upper margin of study)",1
support devices,"nasogastric tube tip beyond ge junction, internal jugular line tip in proximal superior vena cava, port-a-cath tip in distal superior vena cava",1
support devices,right pectoral and left thoracic,1
support devices,"pacer leads near tricuspid valve and right ventricle, right picc tip in upper svc",1
support devices,multiple devices in appropriate positions,1
support devices,"endotracheal tube (appropriate), nasogastric tube (below diaphragm), right internal jugular catheter (brachiocephalic-subclavian junction)",1
support devices,"ng tube in different positions, out of view below diaphragm in last image",1
support devices,"trachea, upper stomach, pulmonary outflow tract",1
support devices,"endotracheal tube, enteric tubes (appropriate position); left chest tube (high left lung apex)",1
support devices,"proximal stomach, gastroesophageal junction",1
support devices,"ng tube in stomach, et tube above carinal",1
support devices,region of the stomach,1
support devices,"right internal jugular, low svc, right upper abdominal quadrant or lower chest",1
support devices,right pleural tubes in place,1
support devices,"esophageal drainage tube, lines and tubes",1
support devices,right picc line terminating at the cavoatrial junction,1
support devices,picc in azygos (potential),1
support devices,mid mediastinum (midline),1
support devices,"right pic line tip in low svc, transvenous pacer leads in standard placements",1
support devices,"trachea (4.7cm above carinal), right atrium",1
support devices,below the diaphragm in the fundus of the stomach,1
support devices,endotracheal tube (slightly low lying),1
support devices,"et tube, nasogastric tube",1
support devices,right subclavian central line tip at distal svc near cavoatrial junction,1
support devices,right internal jugular central line with tip in mid-to-distal svc,1
support devices,"thoracic inlet (endotracheal tube), upper enteric drainage tube",1
support devices,"right subclavian picc line tip in proximal right atrium, endotracheal tube tip 3cm above carina, nasogastric tube below diaphragm",1
support devices,distal stomach and hypopharynx,1
support devices,3.3 cm above carina,1
support devices,left pectoral generator to right ventricle floor,1
support devices,bronchus intermedius,1
support devices,"endotracheal tube at thoracic inlet, drainage tube in stomach",1
support devices,"right jugular, right basal pleural",1
support devices,right jugular infusion port catheter at superior cavoatrial junction,1
support devices,"endotracheal tube (3.5cm above carina), esophageal tube (below diaphragm)",1
support devices,right subclavian catheter terminating in low svc,1
support devices,"endotracheal tube tip 2cm from carina, swan-ganz catheter in pulmonary outflow tract",1
support devices,lower esophagus and fundus,1
support devices,"right internal jugular, below diaphragm, appropriate position",1
support devices,"left subclavian vein, right atrium, right ventricular apex",1
support devices,right pulmonary artery just beyond mediastinal contours,1
support devices,nasogastric tube to lower body/antrum of stomach,1
support devices,bilateral mammary,1
support devices,right internal jugular to proximal right atrium,1
support devices,"endotracheal tube (standard placement), left internal jugular line (right upper right atrium)",1
support devices,right central venous line,1
support devices,right subclavian to upper right atrium,1
support devices,ett and ng tube in appropriate position,1
support devices,port-a-cath tip,1
support devices,endotracheal tube 5.9cm above carina; ng tube in appropriate position,1
support devices,"right subclavian, trachea",1
support devices,"right subclavian line, upper svc",1
support devices,"right central venous line tip at lower svc, ng tube tip in stomach",1
support devices,mid esophagus and stomach,1
support devices,"right-sided picc line, distal tip in mid svc",1
support devices,right pleural cavity and right bronchus,1
support devices,right central venous catheter at cavoatrial junction,1
support devices,nasogastric tube (tip over middle stomach),1
support devices,left pic line at 8 cm below carina,1
support devices,"et tube (standard), right pic line (low svc)",1
support devices,"nasogastric tube (coiling in stomach, tip over fundus)",1
support devices,"right ij central line, left basilar chest tube",1
support devices,2.1 cm from carina,1
support devices,right jugular line in svc,1
support devices,right subclavian picc line tip in mid-distal svc,1
support devices,right internal jugular venous introduction sheet,1
support devices,"right internal jugular catheter (mid-upper svc), enteric tube (ge junction-distal esophagus)",1
support devices,"et tube (standard), right jugular line (upper right atrium), nasogastric tube (nondistended stomach)",1
support devices,right heart (right atrium or right ventricle),1
support devices,"endotracheal tube (near carina), left picc line",1
support devices,central catheter and abdominal catheters,1
support devices,endotracheal tube tip 1 cm above carina,1
support devices,"cervical spine, mid thoracic inlet",1
support devices,"right subclavian, mid svc",1
support devices,endotracheal tube at superior clavicular level (8.5 cm above carina); nasogastric tube to upper stomach,1
support devices,post pyloric,1
support devices,right internal jugular port catheter tip in distal svc,1
support devices,right internal jugular vein tip,1
support devices,basal and upper hemithorax pleural drains,1
support devices,distal stomach/gastric antrum,1
support devices,"left pic line in svc, et tube, ng tube in stomach",1
support devices,stomach (out of view),1
support devices,left-sided vascular stents,1
support devices,"medial left lower chest, anterior left 4th and 5th ribs level, anterior chest skin",1
support devices,7.6 cm above the carina,1
support devices,right chest tube and right pleural drain,1
support devices,"left pic line, low in svc",1
support devices,lead overlying right ventricle,1
support devices,"og tube (upper esophagus/trachea), et tube (standard placement)",1
support devices,et tube tip 8.5 cm from carina,1
support devices,right subclavian vein to lower svc,1
support devices,right superior cavoatrial junction (picc),1
support devices,et tube in standard placement,1
support devices,"right internal jugular, superior cavoatrial junction",1
support devices,"et tube (above carina), right internal jugular line (mid svc), ng tube (stomach)",1
support devices,"nasogastric tube below diaphragm, endotracheal tube (unchanged position), right subclavian picc line tip in distal svc near cavoatrial junction",1
support devices,"endotracheal tube, left subclavian line, enteric drainage tube",1
support devices,"feeding tube, endotracheal tube (tip ~3cm above carina)",1
support devices,antrum of stomach,1
support devices,et tube (standard) and ng tube (distal stomach),1
support devices,"endotracheal tube above carina, left subclavian central line in distal svc, nasogastric tube below diaphragm",1
support devices,terminating 2 cm above the carina,1
support devices,"endotracheal tube 1.3 cm above carina, left central venous catheter over mid svc",1
support devices,proximal esophagus,1
support devices,proximal pacemaker lead inferior to pacemaker,1
support devices,beneath the diaphragm,1
support devices,trachea near carina,1
support devices,right upper atrium and left pleural drains,1
support devices,right central venous infusion port in low svc,1
support devices,right picc tip at superior cavoatrial junction,1
support devices,"et tube, right internal jugular line, orogastric tube in standard placements",1
support devices,right internal jugular central line tip in mid svc,1
support devices,endotracheal tube (2.8 cm above carina); nasogastric tube,1
support devices,left ij catheter tip in cavoatrial junction,1
support devices,"endotracheal tube (tip 5cm above carina), nasogastric tube (mid stomach)",1
support devices,left-sided port-a-cath tip at upper to mid svc,1
support devices,right subclavian infusion port (upper svc),1
support devices,right venous access site,1
support devices,"et tube, esophageal drainage tubes, left jugular line (origin of left brachiocephalic vein)",1
support devices,right ij line (tip in mid svc),1
support devices,endotracheal tube 4.5 cm above carina; enteric catheter in pharynx and distal esophagus,1
support devices,right bronchial system,1
support devices,endotracheal tube and 2 right-sided chest tubes,1
support devices,right and sternal wires,1
support devices,right jugular line (low svc),1
support devices,below ge junction,1
support devices,right-sided port,1
support devices,sternum and bilateral axillary regions,1
support devices,"below diaphragm, gastric fundus",1
support devices,"left subclavian approach, tip in lower svc",1
support devices,right atrium and right ventricle (pacemaker leads),1
support devices,"right trans subclavian, right atrial/ventricular, right pectoral",1
support devices,right internal jugular line (tip in mid svc),1
support devices,nasogastric tube terminating within the stomach,1
support devices,fundus of stomach and sidehole at or just below ge junction,1
support devices,"left-sided pacemaker, leads over right and left ventricles",1
support devices,"stomach, distal to esophagogastric junction",1
support devices,endotracheal tube tip ~2.5cm above carina,1
support devices,lower right internal jugular vein (superior to right brachiocephalic vein),1
support devices,55 mm above the carina,1
support devices,"right ij, mid svc",1
support devices,right internal jugular line at cavoatrial junction,1
support devices,confluence of brachiocephalic veins,1
support devices,5.1 cm above the carina,1
support devices,"both brachiocephalic veins, svc, right atrium",1
support devices,right internal jugular central venous catheter tip in right atrium,1
support devices,"nasogastric tube in non-distended stomach, left pic line in upper svc",1
support devices,"stomach, 7 cm from carina",1
support devices,"left internal jugular (tip at distal brachiocephalic near svc junction), right internal jugular",1
support devices,"endotracheal tube (standard placement), right internal jugular line (near superior cavoatrial junction)",1
support devices,high right atrium,1
support devices,left internal jugular central venous catheter tip in proximal right subclavian vein,1
support devices,"right atrium, right ventricular apex, svc",1
support devices,"nasogastric tube (mid body of stomach), triple pacer device leads (right atrium, right ventricle, coronary sinus)",1
support devices,mid and low thoracic spine,1
support devices,right jugular line and et tube,1
support devices,nasogastric tube extending to upper stomach,1
support devices,"endotracheal tube (tip above carina), nasogastric tube (below diaphragm)",1
support devices,"endotracheal tube tip 7cm above carina, nasogastric tube below diaphragm, right chest tube unchanged",1
support devices,left picc line at lower svc,1
support devices,"et tube tip above carina, ng tube in stomach, right central venous line at lower svc, left chest tube in place",1
support devices,"et tube tip 3.5 cm above carina, ng tube tip in stomach",1
support devices,endotracheal tube tip 4.3 cm from carina,1
support devices,left lower lobe bronchus,1
support devices,right jugular central catheter tip in mid svc,1
support devices,left basilar chest wall,1
support devices,"et tube, nasogastric tube, thoracic spinal hardware",1
support devices,"dobbhoff tube at lower stomach/antrum, endotracheal tube at upper clavicular level",1
support devices,"endotracheal tube, enteric tube, right internal jugular central venous catheter (tip in mid/low svc)",1
support devices,right mediastinal border,1
support devices,"endotracheal tube tip (near carina), nasogastric tube (satisfactory position)",1
support devices,stomach and distal esophagus,1
support devices,pacemaker leads in expected positions,1
support devices,"mid thoracic trachea, 3 cm above carina",1
support devices,et tube tip ~3.3cm above carinal; epidural catheter in place,1
support devices,nasogastric tube in fundus of stomach,1
support devices,"tracheostomy tube, right pic line, feeding tube",1
support devices,left chest nearly to the midline,1
support devices,right lower lobe pulmonary artery and 6 cm above carinal,1
support devices,endotracheal tube 6.4 cm above carina,1
support devices,"within stomach, around fundus",1
support devices,major fissure,1
support devices,"trachea (tip 3.7cm above carina), upper stomach",1
support devices,"endotracheal tube 2.4 cm above carina, ng tube in esophagus",1
support devices,"et tube standard placement, ng tube upper stomach",1
support devices,right basal pleural tube,1
support devices,"pylorus region, below ge junction",1
support devices,"trachea, 7 cm above carina",1
support devices,"right upper svc, left thoracic inlet",1
support devices,"lower clavicular level, approximately 5 cm above the carina",1
support devices,"lower mediastinum/lower esophagus, proximal to ge junction",1
support devices,"et tube standard placement, ascending pulmonary artery catheter intrapericardial right pulmonary artery, right supraclavicular central venous catheter mid-to-low svc",1
support devices,caval atrial junction,1
support devices,"right internal jugular, left midline, left basilar",1
support devices,endotracheal tube tip 4.6 cm above carina,1
support devices,2.3 cm above carina,1
support devices,"endotracheal tube at carina, right pleural tube and pigtail catheter in right hemithorax",1
support devices,"appropriate positioning of ett, right ij, ng tube",1
support devices,"stomach, proximal stomach",1
support devices,above medial clavicles level,1
support devices,right supraclavicular hemodialysis catheter,1
support devices,"tracheostomy tube at left tracheal wall, right supraclavicular cvc",1
support devices,right pectoral with atrial/ventricular pacer leads,1
support devices,"left trans subclavian, right atrial and ventricular",1
support devices,"tracheostomy tube tip ~4cm above carina, left subclavian picc line tip proximal to mid svc",1
support devices,right basal chest,1
support devices,right picc line with tip in right atrium,1
support devices,"endotracheal tube tip 3 cm above carina, nasogastric tube tip in middle stomach",1
support devices,nasogastric tube tip within stomach,1
support devices,"et tube in standard placement, ng tube into stomach",1
support devices,esophageal drainage tube in upper portion of stomach,1
support devices,"midline, left pleural, right jugular line",1
support devices,"tracheostomy (3.3cm above carinal), right internal jugular line (lower svc), ng tube (stomach)",1
support devices,midportion of svc,1
support devices,"right pectoral, left axillary region",1
support devices,bilateral humeri,1
support devices,right picc line tip at svc-right atrial junction,1
support devices,right cavoatrial junction (right-sided port),1
support devices,esophageal tube and lower thoracic epidural catheter,1
support devices,"right internal jugular central venous line (upper svc); nasogastric tube (stomach, ge junction)",1
support devices,"left jugular line (lower svc), sternum stabilization device nails",1
support devices,"trachea, tip 2 cm from carina",1
support devices,et tube 6 cm above carina,1
support devices,"endotracheal tube tip 5.5 cm above carina, right venous introduction sheet",1
support devices,right chest tube tip below right first rib,1
support devices,endotracheal tube in standard placement; esophageal drainage tube with partial extra-gastric ports,1
support devices,"endotracheal tube (standard position), orogastric tube tip below gastroesophageal junction",1
support devices,below the diaphragm (ng tube tip),1
support devices,"right pic line in upper svc, nasogastric tube in mid esophagus",1
support devices,"endotracheal tube 3 cm above carina, nasogastric tube in stomach",1
support devices,svc,1
support devices,"upper portion of non-distended stomach, left supraclavicular, upper right atrium",1
support devices,left subclavian to mid svc,1
support devices,"left picc, endotracheal tube",1
support devices,right internal jugular vein (tip in mid superior vena cava),1
support devices,et tube and right subclavian line,1
support devices,"trachea (et tube), stomach (ng tube)",1
support devices,mid thoracic esophagus,1
support devices,right subclavian line (mid svc),1
support devices,dobhoff tube tip below diaphragm; et tube in standard position,1
support devices,"carina, superior cavoatrial junction, left trans subclavian, stomach",1
support devices,right atrium via left-sided svc,1
support devices,"proximal right pulmonary artery, left pleural tube, midline drains",1
support devices,right upper chest laterally,1
support devices,"stomach, side port at ge junction",1
support devices,"right subclavian region, mid svc",1
support devices,"ng tube tip in stomach, et tube tip 5.4cm above carina",1
support devices,"left subclavian central venous catheter, ng tube",1
support devices,"right picc line, tip at mid svc",1
support devices,right picc line tip at upper to mid svc,1
support devices,"endotracheal tube (standard position), orogastric tube (stomach and distal esophagus), left subclavian central venous catheter (right atrium)",1
support devices,"right internal jugular, right subclavian, left-sided",1
support devices,"distal stomach/proximal duodenum, mid to low esophagus, 3 cm above carina",1
support devices,mid mediastinum left of trachea,1
support devices,"trachea, 4.3 cm above carina",1
support devices,endotracheal tube tip near right main bronchus origin,1
support devices,"right chest tube, right axillary picc line",1
support devices,thoracic inlet and upper airway,1
support devices,upper esophagus and low svc,1
support devices,left heart shadow,1
support devices,"endotracheal tube 6 cm from carina, ng tube at ge junction",1
support devices,"right hilus, right atrial, left ventricular, right ventricular",1
support devices,"left trans subclavian, right ventricular",1
support devices,right internal jugular central venous catheter terminating in low svc,1
support devices,intra-aortic (15mm above standard placement),1
support devices,"right atrial/ventricular pacer leads, left pectoral generator",1
support devices,mid portion of nondistended stomach,1
support devices,nasogastric tube terminating in distal esophagus,1
support devices,"et tube above carina, enteric tube in distal esophagus",1
support devices,junction between left brachiocephalic vein and superior vena cava (left ij line),1
support devices,right port and right upper mid hemi thorax,1
support devices,right internal jugular central venous catheter tip over mid svc,1
support devices,stomach with tip at ge junction,1
support devices,endotracheal tube (high positioning),1
support devices,right chest tube and et tube,1
support devices,right subclavian picc line at cavoatrial junction or upper portion of right atrium,1
support devices,endotracheal tube standard position,1
support devices,"right supraclavicular, low svc and upper right atrium",1
support devices,"left subclavian vein, azygos vein, esophagus",1
support devices,above the carina (approx 4cm),1
support devices,"et tube in standard position, dobhoff tube tip in stomach",1
support devices,right internal jugular vein to lower svc,1
support devices,left sided,1
support devices,"et tube in standard position, ng tube tip below diaphragm",1
support devices,midline sternal,1
support devices,"right internal jugular, tip at low superior vena cava",1
support devices,right internal jugular vein and cavoatrial junction,1
support devices,gastric tube,1
support devices,left picc terminating in mid svc,1
support devices,"dobbhoff tube tip in stomach, left picc line tip at low svc",1
support devices,"et tube 2 cm from carina, ng tube at ge junction region",1
support devices,"nasogastric tube tip in proximal stomach, side-port at/above ge junction",1
support devices,stomach region,1
support devices,"right internal jugular central line, surgical clips post median sternotomy",1
support devices,aorta,1
support devices,"right atrium, right ventricular apex, right subclavian, upper to mid svc",1
support devices,et and ng tube,1
support devices,orogastric tube and right chest tube in place,1
support devices,"gastroesophageal junction, low svc",1
support devices,endotracheal tube tip 5.7 cm above carina; nasogastric tube tip in stomach,1
support devices,"left subclavian catheter (svc lower portion), right chest tube",1
support devices,multiple airways,1
support devices,"left internal jugular, esophagus",1
support devices,"orogastric tube (position satisfactory), endotracheal tube (somewhat low)",1
support devices,nasogastric tube extending to mid body of stomach,1
support devices,"stomach, possible hypopharynx",1
support devices,right internal jugular vein (ij) to low superior vena cava (svc),1
support devices,"nasogastric tube tip over stomach, endotracheal tube tip 4.5cm above carina",1
support devices,nasogastric tube tip below ge junction,1
support devices,et tube 3.1 cm above carina; ng tube removed,1
support devices,right port-a-cath central line distal end,1
support devices,left subclavian catheter tip at cavoatrial junction,1
support devices,"right pigtail catheter, feeding tube",1
support devices,"endotracheal tube (thoracic inlet), upper enteric drainage tube (stomach)",1
support devices,"et tube (standard), upper enteric tube (stomach), right jugular line (superior cavoatrial junction)",1
support devices,"right supraclavicular, superior cavoatrial junction",1
support devices,mid open line central to axillary vein,1
support devices,et tube tip,1
support devices,"right internal jugular, cavoatrial junction; endotracheal tube tip at carina",1
support devices,left mid zone,1
support devices,atrial junction,1
support devices,left axilla and left subclavian vein,1
support devices,"endotracheal tube (appropriate position), nasogastric tube (near gastroesophageal junction)",1
support devices,"tracheostomy tube, right subclavian central line, cervical spine hardware",1
support devices,"cavoatrial junction, subclavian region",1
support devices,sternum and right pectoral,1
support devices,low svc just above cavoatrial junction,1
support devices,"right internal jugular vein, upper right atrium",1
support devices,"et tube tip above carina, ng tube in stomach, right subclavian line tip at cavoatrial junction",1
support devices,"endotracheal tube (standard placement), nasogastric tube (partial placement)",1
support devices,"et tube in standard placement, feeding tube into stomach, right internal jugular line in svc",1
support devices,"et tube in standard placement, nasogastric tube to upper stomach",1
support devices,"aortic apex, standard placement",1
support devices,"et tube in standard placement, esophageal drainage tube into stomach, right jugular line at superior cavoatrial junction",1
support devices,above cavoatrial junction,1
support devices,"left internal jugular line (svc origin), nasogastric tube (upper stomach)",1
support devices,"left axillary generator (pacer leads), right upper svc (pic line)",1
support devices,left subclavian picc line,1
support devices,"right supraclavicular hemodialysis catheters (svc, upper right atrium)",1
support devices,right internal jugular vein to right atrium,1
support devices,left pic line,1
support devices,hiatal,1
support devices,right central venous infusion catheter in low svc,1
support devices,"ng tube tip in stomach, et tube tip 6cm above carinal",1
support devices,right superior svc (picc line tip),1
support devices,"endotracheal tube (2-3cm above carinal), nasogastric tube (middle stomach)",1
support devices,clavicular heads level (above carina); stomach (ng tube),1
support devices,left and right main bronchus,1
support devices,"right internal jugular line at mid svc, ng tube in oropharynx/stomach, et tube obscured by spinal hardware",1
support devices,"et tube (above clavicles), other lines/tubes in standard positions",1
support devices,"right pic line at superior cavoatrial junction, esophageal drainage tube in upper stomach",1
support devices,right-sided central venous line with distal lead tip in cavoatrial junction,1
support devices,"tracheostomy tube (midline), left subclavian line (upper svc)",1
support devices,right internal jugular introducer catheter tip at proximal svc near brachiocephalic vein confluence,1
support devices,"stomach (nasogastric tube), svc (left internal jugular infusion port)",1
support devices,"right internal jugular vein, mid to lower superior vena cava",1
support devices,"left 6th lateral rib, midline",1
support devices,et tube in standard position,1
support devices,"endotracheal tube (standard placement), nasogastric tube (below diaphragm)",1
support devices,"et tube (standard placement), nasogastric tube (mid stomach)",1
support devices,right pic line at upper right atrium,1
support devices,left jugular,1
support devices,thoracic inlet (ett) and stomach (ngt),1
support devices,"median sternotomy, diaphragm level",1
support devices,thoracic inlet and below diaphragm,1
support devices,"right picc line, sternal wires, tracheostomy tube",1
support devices,"right picc line (cavoatrial junction), pacemaker defibrillator leads",1
support devices,"et tube tip above carina, right ij catheter in subclavian-ij junction, iabp tip inferior to aortic arch",1
support devices,right internal jugular vein sheath,1
support devices,"left pectoral generator, left subclavian vein, right atrial/ventricular pacer leads",1
support devices,above the carina (approximately 4.2 cm),1
support devices,"carina level, mid svc",1
support devices,bilateral pleural drains; proximal right pulmonary artery,1
support devices,right internal jugular vein catheter tip in lower superior vena cava,1
support devices,"left pectoral generator, lower cervical spine",1
support devices,"carina level, towards right main bronchus",1
support devices,"et tube, ng tube, right picc line",1
support devices,middle esophagus,1
support devices,"dobhoff tube (proximal stomach), right internal jugular line (right atrium)",1
support devices,left subclavian approach with leads to right atrium and right ventricular apex,1
support devices,"left internal jugular vein, tip in mid superior vena cava",1
support devices,right internal jugular (tip in distal svc),1
support devices,right atrium (right sided port-a-cath),1
support devices,right internal jugular central line tip in pulmonary outflow tract,1
support devices,"tracheostomy tube, right upper pleural tube, left pic line",1
support devices,"below diaphragm, stomach termination, ge junction side port",1
support devices,right costophrenic sinus,1
support devices,"standard position (et tube), right upper quadrant abdomen (catheter)",1
support devices,left and right pectoral,1
support devices,gastric fundus and ge junction region,1
support devices,"esophageal stent, nasogastric tube tip over upper esophagus",1
support devices,endotracheal tube 6.5 cm above the carina,1
support devices,left subclavian picc line tip at distal svc near cavoatrial junction; nasogastric tube tip in stomach area,1
support devices,nasogastric tube in hiatal hernia,1
support devices,"right picc, mid svc",1
support devices,medial right brachiocephalic vein,1
support devices,"upper enteric drainage tube into stomach, left subclavian line in mid svc",1
support devices,mid to lower cervical spine,1
support devices,triple-lead pacer device and right subclavian picc line,1
support devices,left main bronchus,1
support devices,trachea and upper right atrium,1
support devices,pylorus versus first portion of the duodenum,1
support devices,standard positioning,1
support devices,"pericardial drainage catheter, left internal jugular line",1
support devices,right internal jugular catheter in right atrium,1
support devices,"right of t3 vertebral body, posteriorly",1
support devices,"endotracheal tube tip ~5-5.5cm above carina; nasogastric tube below diaphragm, tip in stomach",1
support devices,distal stomach or post pyloric location,1
support devices,"right jugular line (upper svc), left picc line (mid svc), upper enteric drainage tube (stomach)",1
support devices,"central mediastinum, right ventricle",1
support devices,"feeding tube (distal stomach), right pic line (upper svc)",1
support devices,right picc terminating in low svc,1
support devices,left pectoral with transvenous leads in right ventricle,1
support devices,tricsupid valve plane,1
support devices,right pulmonary artery proximal portion,1
support devices,right picc line and left chest wall port catheter,1
support devices,right brachiocephalic vein origin,1
support devices,right picc line tip at low svc,1
support devices,"right subclavian, tip in mid svc",1
support devices,"right jugular line, right pic line",1
support devices,enteric tube (uncertain positioning: deviated esophagus or left main stem bronchus),1
support devices,ductal tube below diaphragm; right internal jugular line tip at mid svc,1
support devices,left pleural drain and right internal jugular line,1
support devices,"endotracheal tube near carina, left internal jugular line in low svc, nasogastric tube in mid stomach",1
support devices,et tube 4.5 cm above carina,1
support devices,right subclavian picc line tip at mid svc,1
support devices,right ij vein to lower svc,1
support devices,"endotracheal tube (tip 3.6cm above carina), nasogastric tube (tip over middle stomach), right jugular vein catheter",1
support devices,"et tube tip above carinal, picc line tip at lower svc",1
support devices,left axillary generator with right ventricular pacer lead,1
support devices,endotracheal tube and esophageal tube in appropriate position,1
support devices,"right pulmonary artery, thoracic inlet, standard placement",1
support devices,left port-a-cath tip at svc-right atrium junction,1
support devices,"fundus of stomach, left-sided ij central line, endotracheal tube",1
support devices,"right subclavian, tip in distal svc",1
support devices,endotracheal tube tip ~1.3cm above carinal; right internal jugular vein catheter tip over right atrium,1
support devices,"right chest tube, endotracheal tube, nasogastric tube",1
support devices,right picc terminating in mid-to-upper svc,1
support devices,nasogastric tube and transvenous pacer defibrillator system,1
support devices,breast implants,1
support devices,"right central venous access line, vertebral fixation devices",1
support devices,"et tube at sternal notch (4.5cm above carina), ng tube into stomach",1
support devices,"et tube (standard placement), right ventricular pacer defibrillator lead (left axillary generator)",1
support devices,carina 1.8 cm above,1
support devices,"right atrium, right ventricle, left ventricle",1
support devices,"left internal jugular vein, pacemaker wires",1
support devices,right port-a-cath and right subclavian picc line,1
support devices,"et tube tip 7cm above carina, right internal jugular line tip at superior svc",1
support devices,"upper mediastinum, left of midline",1
support devices,endotracheal tube and ng tube in proper position,1
support devices,above gastroesophageal junction,1
support devices,endotracheal tube 5 cm above carina,1
support devices,nasogastric tube (tip at middle stomach),1
support devices,"endotracheal tube tip 6cm above carina, nasogastric tube tip at gastroesophageal junction",1
support devices,left cavoatrial junction (picc line tip),1
support devices,"left picc, mid to lower superior vena cava",1
support devices,left picc tip in azygos vein,1
support devices,aortic arch,1
support devices,et tube 4.3cm from carina; right ij central line within right atrium,1
support devices,lower thoracic vertebral body,1
support devices,"right supraclavicular, upper right atrium",1
support devices,left first rib,1
support devices,"upper drainage tube (pylorus region), et tube (standard placement)",1
support devices,"upper thoracic trachea (8.5 cm above carina), ge junction region",1
support devices,nasogastric tube tip in nondilated stomach,1
support devices,"right chest tube, feeding tube",1
support devices,right ij line in mid-to-lower svc,1
support devices,"right superior cavoatrial junction, possibly proximal right atrium",1
support devices,right atrium outflow tract,1
support devices,"left pacing device, left internal jugular central line, right internal jugular port-a-cath",1
support devices,"right ventricular outflow tract, bilateral thoracostomy tubes and mediastinal drains",1
support devices,right port-a-cath tip at mid svc,1
support devices,nasogastric tube tip in fundus,1
support devices,"right picc line, pericardial drain",1
support devices,"et tube 1.3 cm above carina, enteric tube in stomach",1
support devices,"right pic line, right internal jugular catheter, et tube",1
support devices,endotracheal tube 7.1 cm above carina,1
support devices,trachea (tip 3.5 cm above carina),1
support devices,"right internal jugular vein, stomach",1
support devices,"tracheostomy tube midline, feeding tube, right subclavian line in low svc",1
support devices,right venous access line,1
support devices,"tracheostomy tube midline, right subclavian line in low svc, esophageal drainage tube in stomach",1
support devices,"et tube (standard), ng tube (standard), pic line (upper svc)",1
support devices,"et tube 5.0cm above carina, left ij line mid svc, right ij line mid svc",1
support devices,"endotracheal tube, nasogastric tube, right picc line",1
support devices,nasogastric tube curled in intrathoracic stomach,1
support devices,feeding tube with tip terminating in proximal stomach,1
support devices,"lower thoracic trachea, gastroesophageal junction, innominate vein, proximal/mid svc",1
support devices,proximal stomach and gastroesophageal junction region,1
support devices,"midline, left pleural space, pulmonic valve region, upper stomach",1
support devices,left pigtail (very medial position),1
support devices,"left-sided picc, entrance to azygos vein",1
support devices,et tube and ng tube,1
support devices,nasogastric drainage tube in stomach,1
support devices,midportion of nondistended stomach,1
support devices,"endotracheal tube (tip 4cm above carina), feeding tube (tip over hiatal hernia)",1
support devices,upper aortic arch,1
support devices,right apical pleural tube,1
support devices,right (tip in svc),1
support devices,right mainstem bronchus origin,1
support devices,left lower lobe endobronchial,1
support devices,"upper enteric tube in stomach, endotracheal tube tip near carina",1
support devices,aortic stent and standard pacer leads,1
support devices,upper to midportion of svc,1
support devices,back of mouth/upper esophagus,1
support devices,orogastric tube tip in middle to distal stomach,1
support devices,right internal jugular central venous line (terminating at low svc/cavoatrial junction),1
support devices,right-sided internal jugular vein (terminating at upper svc),1
support devices,endotracheal tube tip 6cm above carina,1
support devices,abdominal portion of stomach,1
support devices,"endotracheal tube tip ~3cm above carina, right internal jugular central line, nasogastric tube",1
support devices,"endotracheal tube (slightly high position), enteric tube (advanced 6cm)",1
support devices,"left bronchus, low svc",1
support devices,"right picc, tip at right atrium",1
support devices,right subclavian central line at cavoatrial junction,1
support devices,"right internal jugular central line, endotracheal tube, nasogastric tube (tip at gastroesophageal junction)",1
support devices,endotracheal and gastric tubes,1
support devices,right atrial ventricular pacer leads with left pectoral generator,1
support devices,central catheter (standard position) and pacer lead tip (right ventricle),1
support devices,"right lower svc, cervical spine",1
support devices,left internal jugular to left brachiocephalic vein,1
support devices,endotracheal tube (low position),1
support devices,"left jugular line, origin of svc",1
support devices,mid-svc,1
support devices,"left hilus (bronchial stent), upper right atrium (central venous catheter)",1
support devices,"endotracheal tube tip ~5cm above carina, nasogastric tube tip in mid stomach",1
support devices,"nasogastric tube extends to upper stomach, side-hole at esophagogastric junction",1
support devices,"lower portion of stomach, tip at mid to lower stomach body",1
support devices,"stomach, below ge junction",1
support devices,proximal right mainstem bronchus (endotracheal tube),1
support devices,right paramedian chest and upper abdomen,1
support devices,inferior vena cava,1
support devices,right port-a-cath (tip over lower svc),1
support devices,svc/ra junction,1
support devices,"endotracheal tube tip 3.5cm above carina, nasogastric tube tip in distal esophagus",1
support devices,right ij catheter tip in ivc,1
support devices,"left picc, mid to lower svc",1
support devices,left pectoral and ecg leads,1
support devices,lateral left upper lung,1
support devices,"right ij, mid/lower svc",1
support devices,enteric tube in distal stomach,1
support devices,3 cm from carina,1
support devices,left subclavian infusion port (mid svc),1
support devices,"stomach, ge junction (sideport)",1
support devices,"left subclavian central line (tip mid svc), left-sided chest tube",1
support devices,1 cm from the carina,1
support devices,right-sided pacemaker and left-sided port-a-cath,1
support devices,right internal jugular central line,1
support devices,"proximal stomach, ge junction region",1
support devices,"level of clavicular heads, 7.5 cm from carina",1
support devices,"esophagogastric junction (dobbhoff tube), mid-lower svc (central catheter)",1
support devices,feeding tube and bilateral central venous access lines,1
support devices,"right-sided port-a-cath, tip at mid svc",1
support devices,feeding tube in mid stomach,1
support devices,"endotracheal tube (slightly high, 9 cm from carina), enteric tube tip in standard position",1
support devices,"right jugular line (right atrium), indwelling drainage catheter (right hemidiaphragm)",1
support devices,right-sided picc at proximal svc/svc-brachiocephalic junction,1
support devices,right internal jugular vein (tip at cardioesophageal junction),1
support devices,"endotracheal tube, right picc line, feeding tube",1
support devices,right picc line tip in mid-to-distal svc,1
support devices,"endotracheal tube, right subclavian line",1
support devices,tip 2.6 cm from carina,1
support devices,"picc line tip in svc, cavoatrial junction",1
support devices,high svc,1
support devices,"left pectoral generator with pacer leads in left trans subclavian, right atrial and right ventricular",1
support devices,nasogastric tube tip extending into small bowel,1
support devices,"right upper rib, trachea, nasogastric tube",1
support devices,"right picc line (lower svc), ng tube (proximal stomach)",1
support devices,right internal jugular to proximal-mid svc,1
support devices,"stomach, near gastroesophageal junction",1
support devices,"nasogastric tube tip in upper stomach, side port in lower esophagus",1
support devices,"right neck, chest and upper abdomen",1
support devices,ng tube tip (below upper svc level),1
support devices,"left/right pectoral regions, right/left ventricles, right atrium",1
support devices,right-sided (leads over right atrium and right ventricle),1
support devices,"thoracic inlet, right atrium, stomach",1
support devices,left picc line (tip at mid svc),1
support devices,"right lower lobe pulmonary artery, right atrium, right ventricle",1
support devices,left cavoatrial junction/right atrium,1
support devices,lateral defibrillator lead tip,1
support devices,"endotracheal tube tip 3cm above carina, nasogastric tube tip over proximal stomach, right internal jugular vein catheter tip over mid-lower svc",1
support devices,"tracheostomy tube, ng tube, hd catheter in standard positions",1
support devices,"endotracheal tube (4.6 cm above carina), right internal jugular vein catheter (tip at cavoatrial junction)",1
support devices,"right internal jugular vein, right subclavian vein",1
support devices,1.3 cm from the carina,1
support devices,endotracheal tube tip above carina; esophageal catheter in proximal stomach,1
support devices,right-sided picc line tip in mid svc,1
support devices,right first rib level (outside chest),1
support devices,"ng tube tip past ge junction, endotracheal tube in appropriate position",1
support devices,"left paramedian, 5th to 2nd anterior interspace",1
support devices,pulmonary outflow tract,1
support devices,proximal duodenum,1
support devices,"right supraclavicular, mid svc",1
support devices,right ventricular pacer lead,1
support devices,"thoracic inlet, right superior cavoatrial junction, stomach",1
support devices,"endogastric tube (appropriate position), et tube tip (2 cm above carina)",1
support devices,"et tube in standard position, ng tube tip in stomach",1
support devices,upper right mainstem bronchus,1
support devices,"endotracheal tube 6.6 cm above carina, orogastric tube to stomach",1
support devices,cervical spine and right shoulder,1
support devices,right central venous access catheter terminates in mid-to-lower svc,1
support devices,left great vessel,1
support devices,"et tube, nasogastric tube (standard placements); right subclavian line (near superior cavoatrial junction)",1
support devices,"endotracheal tube (standard placement), nasogastric tube (upper stomach), left internal jugular line (near superior cavoatrial junction)",1
support devices,"bilateral pleural drains, right supraclavicular infusion port",1
support devices,anterior wall of low right ventricle,1
support devices,left ventricular pacer lead,1
support devices,"nasogastric tube in upper stomach, side port above esophagogastric junction",1
support devices,right pic line at low svc,1
support devices,"et tube, 4.0 cm from carina",1
support devices,"et tube in standard placement, nasogastric tube in stomach",1
support devices,left internal jugular vein catheter to mid superior vena cava,1
support devices,right pic line in mid superior vena cava (svc),1
support devices,"left internal jugular vein, tip at junction of left brachiocephalic vein and high superior vena cava",1
support devices,right mid to lower svc,1
support devices,left-sided port-a-cath tip in right atrium (2-3 cm below cavo-atrial junction),1
support devices,endotracheal tube and left chest tube,1
support devices,"right ij central line, lower svc",1
support devices,"right jugular line, upper right atrium",1
support devices,"right ventricle, right atrium, lower svc",1
support devices,left mediport terminating in mid superior vena cava,1
support devices,right ij catheter to lower svc,1
support devices,right subclavian central venous line in upper svc,1
support devices,"right ij catheter tip in lower svc, sternal wires",1
support devices,"et tube tip 4.3 cm above carina, central venous line tip at cavoatrial junction",1
support devices,"right jugular line (mid svc), feeding tube (stomach), transvenous pacer leads (right atrial/ventricular)",1
support devices,right-sided pic line in mid atrium,1
support devices,oropharynx,1
support devices,"sternal wires and pacemaker leads (right atrium, right ventricular anterior wall)",1
support devices,right internal jugular central venous line and endotracheal tube tip 1 cm from carina,1
support devices,"right supraclavicular, 7 cm below carina",1
support devices,"nasogastric tube (tip over middle stomach), right picc line",1
support devices,"nasogastric tube (normal course, tip at proximal stomach)",1
support devices,mid chest,1
support devices,several vertebral bodies,1
support devices,right upper lobe and left side,1
support devices,endotracheal tube and right internal jugular line,1
support devices,left upper atrium,1
support devices,6.6 cm from carina,1
support devices,"nasogastric tube (proximal stomach), right external jugular vascular catheter",1
support devices,left basilar chest tube,1
support devices,"nasogastric tube, distal esophagus",1
support devices,right pic line in mid svc,1
support devices,"et tube in satisfactory position, ng tube below diaphragm",1
support devices,"et tube in standard placement, upper enteric drainage tube in stomach",1
support devices,"orogastric tube (tip beyond the film, side port in the stomach)",1
support devices,mid-to-lower thoracic esophagus,1
support devices,"et tube (4cm above carinal), right internal jugular line (cavoatrial junction), duct cough tube (stomach)",1
support devices,"left internal jugular central line, left picc line, endotracheal tube, feeding tube",1
support devices,right subclavian line ending in low svc,1
support devices,"right internal jugular vein (tip at low svc), inferior vena cava",1
support devices,"thoracic inlet, low svc, mid stomach",1
support devices,"et tube, right internal jugular line, nasogastric tube in standard placements",1
support devices,right tracheobronchial system,1
support devices,pulmonic valve region and left pectoral region,1
support devices,left subclavian pacer line to right ventricular apex,1
support devices,"right picc line tip above cavoatrial junction, right ij catheter removed",1
support devices,"left picc, ng tube below diaphragm",1
support devices,"right subclavian line, low in svc",1
support devices,stomach fundus near gastroesophageal junction,1
support devices,right supraclavicular central venous catheter (tip in low svc),1
support devices,"endotracheal tube 1.0 cm above carina, nasoenteric tube in distal esophagus",1
support devices,esophagus or ge junction,1
support devices,"et tube (3 cm above carina), ng tube (stomach), bilateral internal jugular lines",1
support devices,right pleural drainage catheter,1
support devices,"mid esophagus to upper stomach, right atrium, left pectoral to distal right ventricle",1
support devices,"right atrial, low left ventricular, right ventricular",1
support devices,"right internal jugular central line (tip in svc), feeding tube below diaphragm",1
support devices,right picc line terminating in mid svc,1
support devices,"nasogastric tube below diaphragm, endotracheal tube",1
support devices,nasogastric tube tip in middle stomach,1
support devices,"endotracheal tube (tip ~4.3cm above carina), nasogastric tube (into stomach), pacer device (right ventricle)",1
support devices,"stomach, ge junction",1
support devices,"right pic line (superior cavoatrial junction), et tube (standard placement), nasogastric drainage tube (upper stomach)",1
support devices,right chest tubes,1
support devices,"right internal jugular vein, left pectoral region",1
support devices,"left picc line in azygos vein, endotracheal tube above carina",1
support devices,beneath the diaphragm over the stomach,1
support devices,et tube tip 7.7 cm from carina,1
support devices,pacemaker and right port-a-cath,1
support devices,et tube tip 6cm above carina; ng tube tip in proximal stomach,1
support devices,mid to upper body of the stomach,1
support devices,"left picc line, mid to low svc",1
support devices,"right chest tube, side-hole close to lateral intercostal plane",1
support devices,"right subclavian central line, right chest tube, endotracheal tube tip ~4cm above carina",1
support devices,"right atrium, upper svc",1
support devices,"left subclavian, cavoatrial junction",1
support devices,et tube 1.5 cm from carina,1
support devices,right distal subclavian vein,1
support devices,"left subclavian catheter tip at cavoatrial junction, tracheostomy tube in standard position, left basal chest tube in place, enteric tubes in unchanged position",1
support devices,"below the diaphragm, within stomach or posterior duodenum",1
support devices,7.5 cm from carina,1
support devices,distal dobhoff tube over gastric body,1
support devices,"endotracheal tube 3.4 cm above carina, enteric tube in stomach region",1
support devices,first rib,1
support devices,left apical region,1
support devices,left ventricular assisting device and pacemaker defibrillator setup,1
support devices,right-sided picc tip in the azygos,1
support devices,mid esophagus to upper stomach,1
support devices,mid stomach (feeding tube),1
support devices,picc line tip at upper svc,1
support devices,atrial,1
support devices,"left side, distal tip in right atrium",1
support devices,"right internal jugular catheter, cavoatrial junction",1
support devices,"endotracheal tube (tip ~3.6cm above carina), nasogastric tube (to lower stomach)",1
support devices,left upper quadrant and mid abdomen,1
support devices,right internal jugular central venous catheter tip at the junction of the svc and right atrium,1
support devices,left pic line in svc,1
support devices,"right pectoral, right shoulder",1
support devices,right-sided central venous catheter terminates in upper to mid svc,1
support devices,"nasogastric tube tip at distal stomach, side hole at gastroesophageal junction",1
support devices,"endotracheal tube tip near carina, left-sided central venous catheter tip in distal brachiocephalic/upper svc",1
support devices,"et tube in standard placement, nasogastric tube into stomach, esophageal probe at gastroesophageal junction, right jugular line at superior cavoatrial junction",1
support devices,"multiple sites (et tube, ng tube, right jugular line, left pic line, wire)",1
support devices,"endotracheal tube above upper clavicle margin, nasogastric tubing in upper midline",1
support devices,"left chest, right ventricle anterior inferior wall",1
support devices,left pacemaker with transvenous leads in ra and rv,1
support devices,"nasogastric tube tip in lower stomach body, right picc line in right atrium",1
support devices,"nasogastric tube in distal stomach, right jugular line in low svc",1
support devices,terminating in uppermost part of right atrium,1
support devices,right internal jugular vein to mid svc,1
support devices,"second portion of duodenum (feeding tube), stomach and mid esophagus (ng tube)",1
support devices,gastric,1
support devices,"right lower hemithorax, left base to left hilus, right atrium",1
support devices,distal esophagus (enteric tube side port),1
support devices,"ng tube, gastric body",1
support devices,right chest port catheter tip in upper to mid svc,1
support devices,right port-a-cath in low svc/cavoatrial junction,1
support devices,right ij central venous catheter (mid svc),1
support devices,right picc line tip in mid svc,1
support devices,pectus repair area,1
support devices,right internal jugular vein catheter and sternal wires,1
support devices,"mid svc, left thorax, sternum",1
support devices,"right internal jugular, bilateral shoulders",1
support devices,right subclavian line in upper svc,1
support devices,right subclavian picc line tip in mid svc,1
support devices,left upper zone,1
support devices,right subclavian line tip at lower svc,1
support devices,right upper thoracic,1
support devices,"et tube in standard position, right internal jugular line in low svc, upper enteric drainage tube in upper stomach",1
support devices,5 cm above carina,1
support devices,"endotracheal tube tip ~3.5cm from carina, nasogastric tube in stomach",1
support devices,"trachea (upper margin of clavicles), left bronchus (carina to left upper lobe bronchus origin), right bronchus (bronchus intermedius to basal trunk bronchus)",1
support devices,"upper margin of clavicles, 6 cm above carina",1
support devices,beyond the level of the esophagogastric junction,1
support devices,endotracheal tube 4 cm above carina,1
support devices,lower superior vena cava near right atrium junction,1
support devices,below diaphragms (beyond field of view),1
support devices,right central venous catheter in small mediastinal vein,1
support devices,"left-sided aicd, right ventricle",1
support devices,right internal jugular-subclavian veins junction,1
support devices,2.3 cm from carina,1
support devices,"et tube appropriately positioned, ng tube in left upper abdomen",1
support devices,left-sided picc terminating in mid svc,1
support devices,appropriately positioned endotracheal tube,1
support devices,"right brachiocephalic vein, just above svc",1
support devices,"et tube in standard position, ng tube below diaphragm",1
support devices,et tube (adequate position),1
support devices,"endotracheal tube tip 6.4 cm from carina, enteric tube side port at ge junction region",1
support devices,"endotracheal tube, right internal jugular line, upper enteric drainage tube",1
support devices,"et tube, 4.7 cm from carina",1
support devices,left pic line at origin of svc,1
support devices,left svc/right atrial junction,1
support devices,"et tube appropriate position, ng tube tip gastric fundus",1
support devices,right internal jugular central venous line terminating at mid to distal svc,1
support devices,"ng tube (tip: proximal stomach, side hole: distal esophagus)",1
support devices,right chest tube and left-sided pacer,1
support devices,right port-a-cath and left subclavian,1
support devices,"right picc line, right internal jugular vein catheter, feeding tube",1
support devices,right pic line (axilla),1
support devices,"right internal jugular central line, left internal jugular central line, nasogastric tube",1
support devices,right picc tip at mid svc,1
support devices,gastric lumen,1
support devices,endotracheal tube at upper clavicle margin; enteric drainage tube in stomach,1
support devices,"et tube above carina, swan-ganz catheter at right ventricular outflow tract, left chest tube, drains at mediastinum",1
support devices,vertebral stabilization device,1
support devices,endotracheal tube (too low),1
support devices,dobbhoff catheter tip over middle stomach,1
support devices,right subclavian picc line,1
support devices,"et tube appropriately positioned, enteric tube in stomach",1
support devices,"ivc, cavoatrial junction and distal svc",1
support devices,right cavoatrial junction (picc tip),1
support devices,adjacent to carina,1
support devices,low esophagus and upper right atrium,1
support devices,"endotracheal tube (standard placement), upper enteric drainage tube (stomach)",1
support devices,"mid to lower thoracic esophagus, stomach",1
support devices,"endotracheal tube tip ~3.5cm above carina, nasogastric tube to upper stomach",1
support devices,right jugular to thoracic inlet,1
support devices,"et tube 3.5cm above carina, ng tube in mid stomach",1
support devices,right jugular line (upper right atrium near superior cavoatrial junction),1
support devices,right brachiocephalic vein (picc line),1
support devices,intrapericardial right pulmonary artery,1
support devices,"et tube in standard position, upper enteric drainage tube at pylorus region",1
support devices,orogastric tube tip in fundus,1
support devices,right-sided port-a-cath tip at mid svc,1
support devices,"endotracheal tube below thoracic inlet, upper enteric tube in upper stomach, right subclavian line in mid-to-low svc",1
support devices,right supraclavicular to low svc central venous port,1
support devices,"standard placement of et, ng and r ij lines",1
support devices,left central venous catheter,1
support devices,lower esophagus (nasogastric tube),1
support devices,right-sided cavoatrial junction,1
support devices,right picc tip in upper right atrium,1
support devices,near mouth or nose,1
support devices,"right port-a-cath, mid portion of svc",1
support devices,past the diaphragm,1
support devices,"sternotomy wires, pacemaker defibrillator lead (right ventricle)",1
support devices,"tracheostomy tube tip 4.5cm above carina, right internal jugular central line, nasogastric tube",1
support devices,"nasogastric tube, left picc line",1
support devices,proximal right atrium near cavoatrial junction,1
support devices,mediastinum and left axillary region,1
support devices,"et tube 5mm distal to right main bronchus, enteric tube in appropriate position",1
support devices,"right mid ij, stomach",1
support devices,endotracheal tube tip 2.5 cm above carina; nasogastric tube below diaphragm,1
support devices,2.9 cm above the carina,1
support devices,ligament of treitz,1
support devices,endotracheal tube and nasogastric drainage tube,1
support devices,"endotracheal tube tip 5cm above carina, right ij catheter in mid-lower svc, nasogastric tube in upper stomach",1
support devices,"et tube, right internal jugular line, esophageal drainage tube",1
support devices,right ij catheter tip in atrium,1
support devices,"endotracheal tube 3.8cm above carina, orogastric tube in stomach, right ij cvc at upper svc",1
support devices,right central subclavian vein,1
support devices,right internal jugular catheter (terminating in right atrium),1
support devices,"right port-a-cath tip, lower svc",1
support devices,"right main stem bronchus, distal svc, distal esophagus",1
support devices,"left subclavian line (low svc), upper enteric drainage tube (stomach)",1
support devices,right atrium region,1
support devices,endotracheal tube tip 5 cm from carina,1
support devices,"upper margin of clavicles, 4 cm above carina",1
support devices,"right mid superior vena cava (picc line), left inferior medial pleura (chest tube)",1
support devices,post sternotomy wires (replaced aortic valve) and pacemaker leads (right ventricle),1
support devices,stomach or duodenum,1
support devices,upper enteric tube (near pylorus) and et tube (standard position),1
support devices,stomach and right atrium,1
support devices,"right chest, tip in right atrium",1
support devices,endotracheal tube tip 3.2cm above carina,1
support devices,"endotracheal tube (tip 6cm above carina), dual-channel pacer device, cervical and thoracoabdominal spinal surgical devices",1
support devices,left pectoral pacemaker leads,1
support devices,"tracheostomy tube, right subclavian picc line",1
support devices,"above thoracic inlet, approximately 6.6 cm above carina",1
support devices,left picc in lower svc,1
support devices,"endotracheal tube, nasogastric tube, left subclavian access line in normal position",1
support devices,orifice of the right mainstem bronchus and standard orogastric tube position,1
support devices,"right internal jugular, mid-distal svc",1
support devices,upper edge of clavicles,1
support devices,right internal jugular catheter tip in proximal svc,1
support devices,"endotracheal tube appropriate position, right picc line tip distal right brachiocephalic vein",1
support devices,gastric fundus and distal esophagus,1
support devices,left brachiocephalic vein (prior to svc confluence),1
support devices,"endotracheal tube 3.5 cm above carina, transesophageal tube side port at ge junction",1
support devices,"left supraclavicular, superior cavoatrial junction",1
support devices,right picc line at ca junction,1
support devices,"right jugular line, low svc",1
support devices,right pectoral generator with transvenous leads to right atrium/ventricle,1
support devices,"et tube in standard placement, nasogastric tube in distal stomach",1
support devices,left chest tube (removed) and right pigtail catheter,1
support devices,"right subclavian picc line (distal svc), endotracheal tube (3cm above carina)",1
support devices,nasogastric tube (mid stomach) and endotracheal tube (clavicular region),1
support devices,"endotracheal tube tip 4.5cm from carina, nasogastric tubes distal esophagus, left subclavian line mid svc, left thoracostomy tube",1
support devices,mid to lower portion of the svc,1
support devices,right internal jugular central line tip in mid-distal svc,1
support devices,"left chest wall, right atrial and ventricular leads",1
support devices,mid right atrium,1
support devices,thoracic aorta,1
support devices,"trachea, 4 cm from carina",1
support devices,"feeding tube tip in proximal stomach past ge junction, left subclavian picc line",1
support devices,duodenal 2nd-3rd portion junction,1
support devices,"nasogastric tube to stomach, side port at or just above esophagogastric junction",1
support devices,"port-a-cath tip in right atrium, left chest tube",1
support devices,right transjugular central venous lines in right atrium,1
support devices,"et tube (satisfactory position), right picc (to junction of right brachiocephalic vein and superior vena cava)",1
support devices,"above the carina, below the diaphragm",1
support devices,upper svc (right picc tip),1
support devices,nasogastric tube in good position,1
support devices,left trans subclavian pacer leads,1
support devices,mid svc (port-a-cath tip),1
support devices,"dobbhoff tube, distal tip likely within stomach",1
support devices,"nasogastric tube (below diaphragm, tip likely in stomach) and endotracheal tube (satisfactory position)",1
support devices,pulmonic valve region (swan-ganz catheter) and standard position (et tube),1
support devices,dual-chamber pacemaker (leads in expected location),1
support devices,sternal wires and pacemaker leads,1
support devices,"right picc line, mid svc",1
support devices,endotracheal tube tip ~4.5cm above carina,1
tortuosity of the thoracic aorta,thoracic aorta,1747
tortuosity of the thoracic aorta,none,614
tortuosity of the thoracic aorta,descending aorta,227
tortuosity of the thoracic aorta,descending thoracic aorta,197
tortuosity of the thoracic aorta,ascending aorta,79
tortuosity of the thoracic aorta,aorta,70
tortuosity of the thoracic aorta,ascending thoracic aorta,40
tortuosity of the thoracic aorta,aortic arch,29
tortuosity of the thoracic aorta,ascending and descending thoracic aorta,7
tortuosity of the thoracic aorta,thoracic aorta arch,5
tortuosity of the thoracic aorta,aortic knob,5
tortuosity of the thoracic aorta,right ascending aorta,5
tortuosity of the thoracic aorta,right upper mediastinum,4
tortuosity of the thoracic aorta,lower thoracic aorta,3
tortuosity of the thoracic aorta,thoracic aortic arch,3
tortuosity of the thoracic aorta,mediastinum,3
tortuosity of the thoracic aorta,ascending portion of thoracic aorta,3
tortuosity of the thoracic aorta,right superior mediastinal contour,2
tortuosity of the thoracic aorta,superior mediastinum,2
tortuosity of the thoracic aorta,lower descending thoracic aorta,2
tortuosity of the thoracic aorta,descending portion of thoracic aorta,2
tortuosity of the thoracic aorta,thoracic aorta (including ascending aorta),2
tortuosity of the thoracic aorta,right mediastinum,2
tortuosity of the thoracic aorta,thoracic,2
tortuosity of the thoracic aorta,descending,2
tortuosity of the thoracic aorta,ascending and descending aorta,2
tortuosity of the thoracic aorta,right innominate artery and aorta,1
tortuosity of the thoracic aorta,right mediastinal stripe,1
tortuosity of the thoracic aorta,right supracardiac mediastinal border,1
tortuosity of the thoracic aorta,thoracic aorta (ascending portion),1
tortuosity of the thoracic aorta,superior right mediastinum,1
tortuosity of the thoracic aorta,"right-sided aortic arch, descending aorta",1
tortuosity of the thoracic aorta,right upper paramediastinal,1
tortuosity of the thoracic aorta,medial left base retrocardiac region,1
tortuosity of the thoracic aorta,left mediastinum,1
tortuosity of the thoracic aorta,thoracic aorta (right-sided arch),1
tortuosity of the thoracic aorta,thoracic aorta knob,1
tortuosity of the thoracic aorta,ascending aorta and aortic arch,1
tortuosity of the thoracic aorta,thoracic aorta (ascending aorta),1
tortuosity of the thoracic aorta,aortic arch and upper descending thoracic aorta,1
tortuosity of the thoracic aorta,anterior right first rib,1
tortuosity of the thoracic aorta,intrathoracic aorta,1
tortuosity of the thoracic aorta,right hilar region,1
tortuosity of the thoracic aorta,aortic arch level,1
tortuosity of the thoracic aorta,descending and ascending aorta,1
tortuosity of the thoracic aorta,"mid portion of descending aorta, left",1
tortuosity of the thoracic aorta,right mediastinal contour,1
tortuosity of the thoracic aorta,mediastinal and hilar,1
tortuosity of the thoracic aorta,arch,1
tortuosity of the thoracic aorta,right-sided,1
tortuosity of the thoracic aorta,right mediastinal border,1
tortuosity of the thoracic aorta,retrocardiac,1
tortuosity of the thoracic aorta,right uppermost mediastinal contour,1
tortuosity of the thoracic aorta,descending thoracic aorta just above the left hemidiaphragm,1
tortuosity of the thoracic aorta,aortic contour,1
tortuosity of the thoracic aorta,"aortic contour, particularly the ascending aorta",1
tortuosity of the thoracic aorta,along the mediastinum,1
tortuosity of the thoracic aorta,upper mediastinal,1
tortuosity of the thoracic aorta,left aortic contour,1
tortuosity of the thoracic aorta,proximal descending thoracic aorta,1
tortuosity of the thoracic aorta,right paratracheal stripe,1
tortuosity of the thoracic aorta,innominate artery,1
tortuosity of the thoracic aorta,ascending region,1
tortuosity of the thoracic aorta,"thoracic aorta, ascending aorta",1
tortuosity of the thoracic aorta,right upper mediastinal,1
tortuosity of the thoracic aorta,aortic arch and ascending aorta,1
tortuosity of the thoracic aorta,thoracic aorta inferiorly,1
tortuosity of the thoracic aorta,left superior mediastinal,1
tortuosity of the thoracic aorta,ap window and descending thoracic aorta,1
tortuosity of the thoracic aorta,right paramediastinal region,1
tortuosity of the thoracic aorta,descending thoracic aorta at aortic hiatus level,1
